customer_id,customer_name,email,city,signup_date
1001,Laura Miller,laura.miller1@example.com,Sydney,2023-06-14
1002,Diana Wilson,diana.wilson2@example.com,Tokyo,2023-06-18
1003,Nina Lopez,nina.lopez3@example.com,Chicago,2023-05-28
1004,Michael Wilson,michael.wilson4@example.com,Singapore,2023-01-19
1005,Oscar Johnson,oscar.johnson5@example.com,Sydney,2023-05-10
1006,Kevin Johnson,kevin.johnson6@example.com,Toronto,2024-03-18
1007,Quinn Wilson,quinn.wilson7@example.com,New York,2023-12-03
1008,Rachel Davis,rachel.davis8@example.com,Toronto,2023-01-28
1009,George Rodriguez,george.rodriguez9@example.com,Sydney,2023-11-15
1010,Paula Hernandez,paula.hernandez10@example.com,Chicago,2024-01-25
1011,Bob Brown,bob.brown11@example.com,Berlin,2023-10-09
1012,Evan Anderson,evan.anderson12@example.com,Berlin,2023-08-13
1013,Paula Johnson,paula.johnson13@example.com,New York,2024-05-13
1014,Tina Gonzalez,tina.gonzalez14@example.com,Paris,2023-12-30
1015,Fiona Jones,fiona.jones15@example.com,Singapore,2023-01-08
1016,Rachel Miller,rachel.miller16@example.com,London,2023-04-26
1017,Diana Davis,diana.davis17@example.com,London,2023-11-28
1018,Evan Davis,evan.davis18@example.com,Berlin,2023-09-18
1019,Ian Miller,ian.miller19@example.com,Chicago,2023-08-30
1020,Hannah Davis,hannah.davis20@example.com,Singapore,2023-03-16
1021,Michael Brown,michael.brown21@example.com,Mumbai,2023-09-18
1022,Evan Wilson,evan.wilson22@example.com,London,2023-05-22
1023,Nina Garcia,nina.garcia23@example.com,Singapore,2023-05-17
1024,Alice Jones,alice.jones24@example.com,Berlin,2024-03-04
1025,Sam Martinez,sam.martinez25@example.com,,2024-03-19
1026,Evan Davis,evan.davis26@example.com,Singapore,2023-09-05
1027,Laura Garcia,laura.garcia27@example.com,Singapore,2024-01-26
1028,Rachel Miller,rachel.miller28@example.com,Chicago,2024-04-22
1029,Kevin Wilson,kevin.wilson29@example.com,Paris,2023-12-24
1030,Hannah Martinez,hannah.martinez30@example.com,Toronto,2023-04-30
1031,Nina Smith,nina.smith31@example.com,Sydney,2024-01-17
1032,Paula Lopez,paula.lopez32@example.com,Toronto,2023-07-17
1033,Evan Davis,evan.davis33@example.com,New York,2023-03-06
1034,Quinn Martinez,quinn.martinez34@example.com,Sydney,2024-03-21
1035,Diana Wilson,diana.wilson35@example.com,Chicago,2023-02-21
1036,Quinn Anderson,quinn.anderson36@example.com,Chicago,2023-01-08
1037,Evan Miller,evan.miller37@example.com,Tokyo,2023-02-08
1038,Paula Gonzalez,paula.gonzalez38@example.com,Berlin,2023-06-23
1039,Tina Lopez,tina.lopez39@example.com,Toronto,2023-11-29
1040,Charlie Wilson,charlie.wilson40@example.com,Sydney,2024-03-12
1041,Rachel Miller,rachel.miller41@example.com,Sydney,2023-11-17
1042,Paula Wilson,paula.wilson42@example.com,Singapore,2023-01-19
1043,Tina Johnson,tina.johnson43@example.com,Paris,2023-11-20
1044,Julia Brown,julia.brown44@example.com,London,2023-08-11
1045,Diana Gonzalez,diana.gonzalez45@example.com,London,2023-08-16
1046,Fiona Lopez,fiona.lopez46@example.com,Berlin,2024-04-07
1047,Alice Smith,alice.smith47@example.com,Sydney,2024-02-12
1048,Bob Jones,bob.jones48@example.com,Sydney,2023-07-11
1049,Nina Williams,nina.williams49@example.com,Paris,2023-09-29
1050,Nina Martinez,nina.martinez50@example.com,,2023-03-29
1051,Fiona Johnson,fiona.johnson51@example.com,Mumbai,2024-03-21
1052,Michael Martinez,michael.martinez52@example.com,Paris,2023-09-12
1053,Sam Williams,sam.williams53@example.com,Paris,2023-08-25
1054,Ian Davis,ian.davis54@example.com,Berlin,2023-12-08
1055,Alice Anderson,alice.anderson55@example.com,Chicago,2024-04-06
1056,Julia Hernandez,julia.hernandez56@example.com,Singapore,2023-03-22
1057,Charlie Davis,charlie.davis57@example.com,Sydney,2023-10-28
1058,Julia Hernandez,julia.hernandez58@example.com,Toronto,2023-12-20
1059,Ian Davis,ian.davis59@example.com,Berlin,2023-04-12
1060,Michael Wilson,michael.wilson60@example.com,Chicago,2023-02-24
1061,Hannah Miller,hannah.miller61@example.com,Mumbai,2023-07-03
1062,Sam Jones,sam.jones62@example.com,Berlin,2023-01-12
1063,Michael Jones,michael.jones63@example.com,New York,2023-10-17
1064,Bob Anderson,bob.anderson64@example.com,Mumbai,2024-01-17
1065,Paula Wilson,paula.wilson65@example.com,Berlin,2024-02-02
1066,Hannah Martinez,hannah.martinez66@example.com,Sydney,2023-04-23
1067,George Martinez,george.martinez67@example.com,Berlin,2023-12-14
1068,Evan Hernandez,evan.hernandez68@example.com,London,2024-04-07
1069,Bob Jones,bob.jones69@example.com,Chicago,2023-01-18
1070,Sam Garcia,sam.garcia70@example.com,Tokyo,2023-02-16
1071,Julia Garcia,julia.garcia71@example.com,Toronto,2023-03-31
1072,George Williams,george.williams72@example.com,Singapore,2024-03-24
1073,Laura Rodriguez,laura.rodriguez73@example.com,Singapore,2024-04-12
1074,Ian Wilson,ian.wilson74@example.com,Tokyo,2023-05-12
1075,Paula Gonzalez,paula.gonzalez75@example.com,,2024-01-18
1076,Kevin Gonzalez,kevin.gonzalez76@example.com,London,2023-08-28
1077,Charlie Williams,charlie.williams77@example.com,Paris,2024-03-16
1078,Michael Wilson,michael.wilson78@example.com,Singapore,2023-07-07
1079,Charlie Gonzalez,charlie.gonzalez79@example.com,Toronto,2023-01-08
1080,Ian Rodriguez,ian.rodriguez80@example.com,London,2023-08-21
1081,Laura Hernandez,laura.hernandez81@example.com,Berlin,2023-10-27
1082,Michael Wilson,michael.wilson82@example.com,Sydney,2023-02-25
1083,Hannah Davis,hannah.davis83@example.com,New York,2023-11-14
1084,Rachel Garcia,rachel.garcia84@example.com,Mumbai,2023-04-24
1085,Charlie Hernandez,charlie.hernandez85@example.com,Chicago,2024-04-10
1086,Julia Hernandez,julia.hernandez86@example.com,Toronto,2023-03-01
1087,Evan Smith,evan.smith87@example.com,New York,2023-06-05
1088,Paula Johnson,paula.johnson88@example.com,London,2023-05-01
1089,Rachel Williams,rachel.williams89@example.com,Toronto,2023-08-21
1090,Laura Hernandez,laura.hernandez90@example.com,Singapore,2023-08-03
1091,Sam Lopez,sam.lopez91@example.com,Tokyo,2024-03-29
1092,Nina Hernandez,nina.hernandez92@example.com,London,2024-03-02
1093,Paula Martinez,paula.martinez93@example.com,Toronto,2024-04-25
1094,Ian Smith,ian.smith94@example.com,Sydney,2023-04-22
1095,Oscar Davis,oscar.davis95@example.com,Paris,2024-03-13
1096,Laura Johnson,laura.johnson96@example.com,Sydney,2023-10-06
1097,Laura Smith,laura.smith97@example.com,Toronto,2023-05-22
1098,George Johnson,george.johnson98@example.com,Chicago,2023-02-16
1099,George Hernandez,george.hernandez99@example.com,Mumbai,2024-05-12
1100,Alice Smith,alice.smith100@example.com,,2023-05-05
1101,Evan Gonzalez,evan.gonzalez101@example.com,Mumbai,2023-04-16
1102,Charlie Wilson,charlie.wilson102@example.com,Singapore,2023-04-17
1103,Sam Brown,sam.brown103@example.com,Paris,2023-06-18
1104,Evan Gonzalez,evan.gonzalez104@example.com,Mumbai,2023-01-02
1105,Ian Wilson,ian.wilson105@example.com,Tokyo,2023-03-08
1106,Rachel Jones,rachel.jones106@example.com,Tokyo,2023-02-26
1107,Alice Williams,alice.williams107@example.com,New York,2023-07-03
1108,Hannah Martinez,hannah.martinez108@example.com,Sydney,2023-01-09
1109,Fiona Jones,fiona.jones109@example.com,New York,2023-03-06
1110,Nina Rodriguez,nina.rodriguez110@example.com,London,2024-01-17
1111,Charlie Davis,charlie.davis111@example.com,Chicago,2024-02-03
1112,Laura Rodriguez,laura.rodriguez112@example.com,Mumbai,2023-02-25
1113,Oscar Rodriguez,oscar.rodriguez113@example.com,Paris,2024-04-29
1114,Tina Smith,tina.smith114@example.com,Singapore,2023-06-04
1115,Oscar Hernandez,oscar.hernandez115@example.com,New York,2023-02-01
1116,Paula Wilson,paula.wilson116@example.com,Toronto,2023-08-07
1117,Diana Davis,diana.davis117@example.com,Chicago,2023-02-07
1118,Charlie Garcia,charlie.garcia118@example.com,Mumbai,2023-03-17
1119,Charlie Williams,charlie.williams119@example.com,Berlin,2023-11-16
1120,Sam Rodriguez,sam.rodriguez120@example.com,Sydney,2023-07-15
1121,Tina Rodriguez,tina.rodriguez121@example.com,Berlin,2023-08-21
1122,Quinn Martinez,quinn.martinez122@example.com,Toronto,2023-02-20
1123,Diana Wilson,diana.wilson123@example.com,Singapore,2024-01-05
1124,George Miller,george.miller124@example.com,Chicago,2024-03-30
1125,Hannah Miller,hannah.miller125@example.com,,2024-02-28
1126,Oscar Miller,oscar.miller126@example.com,Toronto,2024-01-09
1127,Diana Garcia,diana.garcia127@example.com,Toronto,2023-06-10
1128,Ian Garcia,ian.garcia128@example.com,Tokyo,2023-12-18
1129,Paula Johnson,paula.johnson129@example.com,London,2024-03-01
1130,Charlie Johnson,charlie.johnson130@example.com,Toronto,2023-02-19
1131,Laura Gonzalez,laura.gonzalez131@example.com,Tokyo,2023-10-12
1132,Bob Martinez,bob.martinez132@example.com,Singapore,2023-10-15
1133,Kevin Hernandez,kevin.hernandez133@example.com,London,2023-07-30
1134,Laura Wilson,laura.wilson134@example.com,Toronto,2024-03-20
1135,Bob Jones,bob.jones135@example.com,Mumbai,2023-06-09
1136,Laura Johnson,laura.johnson136@example.com,Mumbai,2023-09-17
1137,George Williams,george.williams137@example.com,Chicago,2023-04-25
1138,Diana Garcia,diana.garcia138@example.com,Singapore,2023-07-08
1139,Diana Gonzalez,diana.gonzalez139@example.com,Berlin,2023-10-21
1140,Hannah Gonzalez,hannah.gonzalez140@example.com,Toronto,2024-03-08
1141,Rachel Gonzalez,rachel.gonzalez141@example.com,Mumbai,2023-11-11
1142,Rachel Smith,rachel.smith142@example.com,Mumbai,2024-04-20
1143,Ian Smith,ian.smith143@example.com,Tokyo,2023-05-20
1144,Julia Anderson,julia.anderson144@example.com,Sydney,2023-06-29
1145,Alice Williams,alice.williams145@example.com,Tokyo,2023-10-17
1146,Michael Johnson,michael.johnson146@example.com,Tokyo,2024-01-15
1147,Alice Johnson,alice.johnson147@example.com,Singapore,2023-04-21
1148,Michael Miller,michael.miller148@example.com,Chicago,2023-06-24
1149,Fiona Garcia,fiona.garcia149@example.com,Berlin,2024-01-05
1150,Kevin Gonzalez,kevin.gonzalez150@example.com,,2023-11-02
1151,Charlie Anderson,charlie.anderson151@example.com,New York,2023-03-21
1152,Fiona Gonzalez,fiona.gonzalez152@example.com,Mumbai,2023-01-26
1153,Charlie Jones,charlie.jones153@example.com,Chicago,2023-12-05
1154,Nina Davis,nina.davis154@example.com,Mumbai,2023-08-15
1155,Nina Jones,nina.jones155@example.com,Paris,2024-01-22
1156,Quinn Johnson,quinn.johnson156@example.com,Sydney,2023-08-09
1157,Diana Jones,diana.jones157@example.com,Mumbai,2023-09-07
1158,Quinn Hernandez,quinn.hernandez158@example.com,Berlin,2023-01-24
1159,Hannah Miller,hannah.miller159@example.com,Mumbai,2023-01-29
1160,Alice Brown,alice.brown160@example.com,Berlin,2024-04-29
1161,George Gonzalez,george.gonzalez161@example.com,Tokyo,2024-01-27
1162,Ian Jones,ian.jones162@example.com,Sydney,2023-03-03
1163,Alice Davis,alice.davis163@example.com,Toronto,2023-03-31
1164,Evan Miller,evan.miller164@example.com,Singapore,2023-12-27
1165,Hannah Rodriguez,hannah.rodriguez165@example.com,Singapore,2024-03-02
1166,Laura Johnson,laura.johnson166@example.com,Toronto,2024-03-17
1167,Bob Miller,bob.miller167@example.com,New York,2023-08-24
1168,Charlie Wilson,charlie.wilson168@example.com,Sydney,2023-10-22
1169,Nina Martinez,nina.martinez169@example.com,Toronto,2023-12-30
1170,Nina Jones,nina.jones170@example.com,London,2023-07-27
1171,Alice Garcia,alice.garcia171@example.com,Tokyo,2024-02-15
1172,Tina Davis,tina.davis172@example.com,Sydney,2023-02-15
1173,Nina Wilson,nina.wilson173@example.com,London,2023-05-05
1174,Nina Martinez,nina.martinez174@example.com,Toronto,2023-09-26
1175,Charlie Miller,charlie.miller175@example.com,,2024-01-17
1176,Kevin Brown,kevin.brown176@example.com,Sydney,2024-02-03
1177,Fiona Johnson,fiona.johnson177@example.com,Singapore,2023-11-21
1178,Diana Rodriguez,diana.rodriguez178@example.com,Singapore,2023-04-10
1179,Laura Garcia,laura.garcia179@example.com,Tokyo,2023-05-01
1180,Diana Williams,diana.williams180@example.com,Berlin,2023-04-12
1181,Fiona Martinez,fiona.martinez181@example.com,Tokyo,2024-01-25
1182,Charlie Williams,charlie.williams182@example.com,Chicago,2023-08-26
1183,Sam Gonzalez,sam.gonzalez183@example.com,Mumbai,2023-08-18
1184,Sam Hernandez,sam.hernandez184@example.com,Mumbai,2023-06-15
1185,Kevin Williams,kevin.williams185@example.com,Chicago,2023-02-04
1186,Paula Davis,paula.davis186@example.com,Berlin,2024-02-12
1187,Ian Martinez,ian.martinez187@example.com,New York,2023-06-30
1188,Quinn Johnson,quinn.johnson188@example.com,Berlin,2023-08-25
1189,Oscar Smith,oscar.smith189@example.com,New York,2023-07-08
1190,Julia Johnson,julia.johnson190@example.com,London,2023-11-11
1191,Tina Rodriguez,tina.rodriguez191@example.com,Toronto,2023-08-25
1192,Sam Rodriguez,sam.rodriguez192@example.com,New York,2023-08-19
1193,Sam Hernandez,sam.hernandez193@example.com,Paris,2023-06-14
1194,Tina Davis,tina.davis194@example.com,Singapore,2023-03-19
1195,Bob Davis,bob.davis195@example.com,London,2024-02-20
1196,Kevin Lopez,kevin.lopez196@example.com,London,2023-09-16
1197,Fiona Smith,fiona.smith197@example.com,Paris,2023-12-29
1198,Oscar Davis,oscar.davis198@example.com,Singapore,2023-09-25
1199,Tina Williams,tina.williams199@example.com,Sydney,2023-07-10
1200,Julia Miller,julia.miller200@example.com,,2024-02-01
1201,Kevin Hernandez,kevin.hernandez201@example.com,Mumbai,2023-01-27
1202,Kevin Johnson,kevin.johnson202@example.com,Sydney,2023-02-18
1203,Rachel Hernandez,rachel.hernandez203@example.com,Toronto,2023-05-26
1204,Ian Lopez,ian.lopez204@example.com,Mumbai,2024-03-23
1205,Evan Garcia,evan.garcia205@example.com,London,2023-10-26
1206,Evan Anderson,evan.anderson206@example.com,Sydney,2023-06-08
1207,Michael Williams,michael.williams207@example.com,Mumbai,2023-12-29
1208,Charlie Jones,charlie.jones208@example.com,Singapore,2023-07-12
1209,Kevin Wilson,kevin.wilson209@example.com,Tokyo,2023-12-10
1210,Quinn Johnson,quinn.johnson210@example.com,Toronto,2023-09-18
1211,Laura Smith,laura.smith211@example.com,Sydney,2023-06-08
1212,Fiona Brown,fiona.brown212@example.com,Sydney,2024-04-30
1213,Paula Brown,paula.brown213@example.com,Paris,2023-03-12
1214,Evan Johnson,evan.johnson214@example.com,Berlin,2024-03-08
1215,Diana Rodriguez,diana.rodriguez215@example.com,Singapore,2024-03-03
1216,Quinn Smith,quinn.smith216@example.com,Sydney,2024-03-24
1217,Tina Williams,tina.williams217@example.com,Mumbai,2023-07-12
1218,Evan Williams,evan.williams218@example.com,Tokyo,2024-03-01
1219,Tina Gonzalez,tina.gonzalez219@example.com,Tokyo,2024-01-05
1220,Oscar Smith,oscar.smith220@example.com,Toronto,2023-07-06
1221,Hannah Davis,hannah.davis221@example.com,Mumbai,2023-05-26
1222,Oscar Brown,oscar.brown222@example.com,Singapore,2023-05-03
1223,Julia Gonzalez,julia.gonzalez223@example.com,Chicago,2024-04-07
1224,George Garcia,george.garcia224@example.com,Mumbai,2023-08-14
1225,Oscar Gonzalez,oscar.gonzalez225@example.com,,2024-02-03
1226,Michael Rodriguez,michael.rodriguez226@example.com,Singapore,2023-08-03
1227,Fiona Wilson,fiona.wilson227@example.com,Paris,2024-02-15
1228,Tina Williams,tina.williams228@example.com,Berlin,2023-01-27
1229,Paula Wilson,paula.wilson229@example.com,Sydney,2023-10-11
1230,Diana Lopez,diana.lopez230@example.com,Singapore,2024-03-11
1231,Diana Jones,diana.jones231@example.com,London,2024-01-26
1232,Fiona Jones,fiona.jones232@example.com,Chicago,2024-04-08
1233,Quinn Williams,quinn.williams233@example.com,Toronto,2023-02-16
1234,Hannah Wilson,hannah.wilson234@example.com,Chicago,2024-03-28
1235,Laura Anderson,laura.anderson235@example.com,New York,2023-08-01
1236,Bob Miller,bob.miller236@example.com,Singapore,2023-07-11
1237,Hannah Miller,hannah.miller237@example.com,London,2023-07-11
1238,Hannah Smith,hannah.smith238@example.com,Sydney,2024-04-21
1239,Diana Wilson,diana.wilson239@example.com,Sydney,2024-02-10
1240,Evan Williams,evan.williams240@example.com,New York,2023-05-27
1241,Paula Lopez,paula.lopez241@example.com,Tokyo,2024-01-24
1242,Paula Davis,paula.davis242@example.com,Mumbai,2023-01-03
1243,Charlie Smith,charlie.smith243@example.com,Berlin,2023-04-21
1244,Evan Rodriguez,evan.rodriguez244@example.com,Mumbai,2023-09-28
1245,Nina Johnson,nina.johnson245@example.com,Berlin,2023-05-02
1246,Julia Johnson,julia.johnson246@example.com,New York,2023-05-03
1247,Nina Hernandez,nina.hernandez247@example.com,Mumbai,2023-08-23
1248,Charlie Johnson,charlie.johnson248@example.com,Chicago,2023-11-02
1249,Rachel Smith,rachel.smith249@example.com,Singapore,2023-10-22
1250,Hannah Lopez,hannah.lopez250@example.com,,2023-05-30
1251,Nina Smith,nina.smith251@example.com,Mumbai,2023-06-30
1252,Hannah Martinez,hannah.martinez252@example.com,Toronto,2023-04-06
1253,Charlie Rodriguez,charlie.rodriguez253@example.com,Sydney,2023-02-04
1254,Quinn Rodriguez,quinn.rodriguez254@example.com,Singapore,2024-02-07
1255,Quinn Rodriguez,quinn.rodriguez255@example.com,New York,2023-07-19
1256,Paula Smith,paula.smith256@example.com,Toronto,2023-07-11
1257,Ian Lopez,ian.lopez257@example.com,New York,2023-07-02
1258,Charlie Garcia,charlie.garcia258@example.com,Paris,2024-01-11
1259,Diana Gonzalez,diana.gonzalez259@example.com,Mumbai,2024-01-12
1260,Kevin Williams,kevin.williams260@example.com,New York,2023-06-30
1261,Rachel Garcia,rachel.garcia261@example.com,Tokyo,2024-03-01
1262,Oscar Lopez,oscar.lopez262@example.com,Chicago,2023-11-20
1263,Fiona Gonzalez,fiona.gonzalez263@example.com,Tokyo,2023-02-02
1264,Oscar Smith,oscar.smith264@example.com,Berlin,2023-04-14
1265,Bob Gonzalez,bob.gonzalez265@example.com,Paris,2024-03-29
1266,Bob Garcia,bob.garcia266@example.com,Berlin,2023-09-21
1267,Michael Wilson,michael.wilson267@example.com,Singapore,2023-08-31
1268,Ian Smith,ian.smith268@example.com,Paris,2023-05-27
1269,Laura Wilson,laura.wilson269@example.com,New York,2024-03-19
1270,Kevin Jones,kevin.jones270@example.com,London,2024-02-14
1271,Laura Miller,laura.miller271@example.com,Toronto,2024-01-16
1272,Oscar Anderson,oscar.anderson272@example.com,Toronto,2023-06-23
1273,Fiona Davis,fiona.davis273@example.com,Chicago,2023-07-08
1274,Quinn Jones,quinn.jones274@example.com,London,2024-01-08
1275,Nina Johnson,nina.johnson275@example.com,,2023-11-05
1276,Fiona Rodriguez,fiona.rodriguez276@example.com,Berlin,2023-06-14
1277,Diana Johnson,diana.johnson277@example.com,Sydney,2023-12-05
1278,Julia Jones,julia.jones278@example.com,Chicago,2023-11-05
1279,Nina Williams,nina.williams279@example.com,Chicago,2023-06-29
1280,Oscar Smith,oscar.smith280@example.com,Sydney,2023-11-11
1281,Nina Jones,nina.jones281@example.com,New York,2023-02-08
1282,Michael Garcia,michael.garcia282@example.com,Singapore,2024-02-15
1283,Fiona Smith,fiona.smith283@example.com,Tokyo,2024-03-10
1284,Tina Hernandez,tina.hernandez284@example.com,Chicago,2023-01-18
1285,Evan Johnson,evan.johnson285@example.com,Paris,2024-02-03
1286,Laura Garcia,laura.garcia286@example.com,Toronto,2024-05-01
1287,Sam Smith,sam.smith287@example.com,Mumbai,2023-03-20
1288,Oscar Garcia,oscar.garcia288@example.com,Sydney,2023-08-16
1289,Charlie Martinez,charlie.martinez289@example.com,Tokyo,2023-09-29
1290,Laura Miller,laura.miller290@example.com,Sydney,2023-11-29
1291,Ian Brown,ian.brown291@example.com,London,2023-01-14
1292,Fiona Davis,fiona.davis292@example.com,Singapore,2023-07-18
1293,Rachel Johnson,rachel.johnson293@example.com,Berlin,2024-02-01
1294,Ian Lopez,ian.lopez294@example.com,Chicago,2023-04-20
1295,Tina Jones,tina.jones295@example.com,Chicago,2023-04-13
1296,Diana Williams,diana.williams296@example.com,London,2023-08-20
1297,Fiona Anderson,fiona.anderson297@example.com,Chicago,2023-02-14
1298,Kevin Hernandez,kevin.hernandez298@example.com,Sydney,2023-12-30
1299,Charlie Rodriguez,charlie.rodriguez299@example.com,Singapore,2023-05-29
1300,Julia Wilson,julia.wilson300@example.com,,2023-12-31
1301,Fiona Gonzalez,fiona.gonzalez301@example.com,Sydney,2023-09-18
1302,Hannah Johnson,hannah.johnson302@example.com,Paris,2024-02-10
1303,Evan Brown,evan.brown303@example.com,Chicago,2023-01-14
1304,Laura Rodriguez,laura.rodriguez304@example.com,Mumbai,2023-07-08
1305,Oscar Gonzalez,oscar.gonzalez305@example.com,Singapore,2023-03-08
1306,Tina Anderson,tina.anderson306@example.com,London,2023-02-03
1307,Julia Miller,julia.miller307@example.com,Chicago,2023-09-27
1308,Nina Gonzalez,nina.gonzalez308@example.com,Toronto,2024-02-26
1309,Sam Johnson,sam.johnson309@example.com,Tokyo,2024-05-12
1310,Kevin Hernandez,kevin.hernandez310@example.com,London,2023-08-19
1311,Oscar Hernandez,oscar.hernandez311@example.com,Singapore,2023-06-26
1312,Evan Anderson,evan.anderson312@example.com,Singapore,2023-11-24
1313,Sam Williams,sam.williams313@example.com,Tokyo,2023-08-10
1314,Quinn Anderson,quinn.anderson314@example.com,New York,2024-03-01
1315,Diana Rodriguez,diana.rodriguez315@example.com,Tokyo,2023-06-05
1316,Fiona Williams,fiona.williams316@example.com,Sydney,2024-04-23
1317,Hannah Garcia,hannah.garcia317@example.com,Singapore,2024-04-03
1318,Julia Wilson,julia.wilson318@example.com,London,2023-05-09
1319,George Hernandez,george.hernandez319@example.com,Singapore,2023-05-21
1320,Evan Hernandez,evan.hernandez320@example.com,Berlin,2023-11-11
1321,Rachel Johnson,rachel.johnson321@example.com,Singapore,2023-11-25
1322,Fiona Martinez,fiona.martinez322@example.com,Mumbai,2023-03-20
1323,Fiona Hernandez,fiona.hernandez323@example.com,Mumbai,2024-01-04
1324,Tina Garcia,tina.garcia324@example.com,Mumbai,2023-01-22
1325,Alice Johnson,alice.johnson325@example.com,,2024-04-30
1326,Sam Jones,sam.jones326@example.com,Paris,2024-01-28
1327,Sam Miller,sam.miller327@example.com,Mumbai,2023-11-24
1328,Alice Davis,alice.davis328@example.com,Singapore,2023-05-29
1329,Julia Davis,julia.davis329@example.com,Paris,2024-02-17
1330,Michael Jones,michael.jones330@example.com,Chicago,2023-02-07
1331,Bob Williams,bob.williams331@example.com,Chicago,2023-08-01
1332,Paula Davis,paula.davis332@example.com,Paris,2023-06-24
1333,Tina Williams,tina.williams333@example.com,Sydney,2024-03-17
1334,Kevin Lopez,kevin.lopez334@example.com,Sydney,2024-05-14
1335,Michael Williams,michael.williams335@example.com,Sydney,2023-09-21
1336,Rachel Johnson,rachel.johnson336@example.com,Sydney,2023-05-04
1337,Oscar Johnson,oscar.johnson337@example.com,Berlin,2023-08-19
1338,Hannah Williams,hannah.williams338@example.com,London,2023-01-26
1339,Julia Miller,julia.miller339@example.com,Mumbai,2023-08-03
1340,Hannah Wilson,hannah.wilson340@example.com,Tokyo,2024-02-21
1341,Kevin Anderson,kevin.anderson341@example.com,Mumbai,2024-01-05
1342,Kevin Brown,kevin.brown342@example.com,Tokyo,2023-09-13
1343,Quinn Davis,quinn.davis343@example.com,Chicago,2024-03-26
1344,Julia Davis,julia.davis344@example.com,New York,2023-02-16
1345,Michael Rodriguez,michael.rodriguez345@example.com,Chicago,2024-05-09
1346,Hannah Brown,hannah.brown346@example.com,Mumbai,2023-06-30
1347,Bob Smith,bob.smith347@example.com,Berlin,2023-09-11
1348,Tina Anderson,tina.anderson348@example.com,Chicago,2023-05-27
1349,Rachel Smith,rachel.smith349@example.com,London,2023-08-09
1350,Evan Anderson,evan.anderson350@example.com,,2024-01-08
1351,Laura Gonzalez,laura.gonzalez351@example.com,Toronto,2023-07-07
1352,Bob Miller,bob.miller352@example.com,New York,2023-10-19
1353,Rachel Brown,rachel.brown353@example.com,Sydney,2023-10-11
1354,Julia Johnson,julia.johnson354@example.com,Toronto,2023-09-16
1355,Oscar Gonzalez,oscar.gonzalez355@example.com,Singapore,2023-05-24
1356,Tina Hernandez,tina.hernandez356@example.com,Mumbai,2023-03-02
1357,Evan Johnson,evan.johnson357@example.com,Toronto,2023-07-11
1358,Kevin Rodriguez,kevin.rodriguez358@example.com,Sydney,2024-01-22
1359,Evan Brown,evan.brown359@example.com,Mumbai,2023-09-18
1360,Michael Rodriguez,michael.rodriguez360@example.com,New York,2023-01-24
1361,Bob Williams,bob.williams361@example.com,Sydney,2024-02-16
1362,Paula Rodriguez,paula.rodriguez362@example.com,Chicago,2023-03-18
1363,Tina Anderson,tina.anderson363@example.com,Singapore,2023-03-13
1364,Kevin Anderson,kevin.anderson364@example.com,Mumbai,2023-06-13
1365,Fiona Miller,fiona.miller365@example.com,Mumbai,2024-01-14
1366,Julia Martinez,julia.martinez366@example.com,Sydney,2023-09-17
1367,Quinn Rodriguez,quinn.rodriguez367@example.com,Chicago,2023-12-29
1368,Sam Jones,sam.jones368@example.com,Chicago,2024-02-22
1369,Alice Garcia,alice.garcia369@example.com,Sydney,2023-12-11
1370,Diana Miller,diana.miller370@example.com,Mumbai,2023-06-07
1371,Alice Martinez,alice.martinez371@example.com,Chicago,2023-05-16
1372,Sam Martinez,sam.martinez372@example.com,Paris,2024-01-05
1373,Bob Martinez,bob.martinez373@example.com,Chicago,2023-03-29
1374,Quinn Hernandez,quinn.hernandez374@example.com,Mumbai,2024-02-01
1375,Michael Williams,michael.williams375@example.com,,2023-01-17
1376,Sam Lopez,sam.lopez376@example.com,London,2023-04-08
1377,Alice Davis,alice.davis377@example.com,Sydney,2023-08-03
1378,Evan Miller,evan.miller378@example.com,Paris,2023-07-30
1379,Quinn Gonzalez,quinn.gonzalez379@example.com,Mumbai,2024-04-16
1380,Paula Wilson,paula.wilson380@example.com,New York,2023-12-28
1381,Evan Rodriguez,evan.rodriguez381@example.com,Paris,2023-10-15
1382,Kevin Hernandez,kevin.hernandez382@example.com,Chicago,2023-09-27
1383,Michael Garcia,michael.garcia383@example.com,Tokyo,2023-08-24
1384,Rachel Garcia,rachel.garcia384@example.com,Singapore,2023-07-01
1385,Ian Martinez,ian.martinez385@example.com,Chicago,2023-04-09
1386,Hannah Jones,hannah.jones386@example.com,Singapore,2023-06-02
1387,Hannah Jones,hannah.jones387@example.com,Berlin,2023-12-27
1388,George Lopez,george.lopez388@example.com,Chicago,2023-06-12
1389,Paula Garcia,paula.garcia389@example.com,Singapore,2024-04-23
1390,Ian Jones,ian.jones390@example.com,London,2023-10-21
1391,Rachel Miller,rachel.miller391@example.com,Toronto,2024-02-24
1392,Laura Gonzalez,laura.gonzalez392@example.com,Tokyo,2023-05-29
1393,Bob Jones,bob.jones393@example.com,London,2023-06-27
1394,Oscar Hernandez,oscar.hernandez394@example.com,Berlin,2024-01-18
1395,Paula Brown,paula.brown395@example.com,Paris,2024-02-28
1396,Rachel Jones,rachel.jones396@example.com,Singapore,2023-12-23
1397,Ian Williams,ian.williams397@example.com,London,2023-11-12
1398,Sam Brown,sam.brown398@example.com,Paris,2023-01-26
1399,Quinn Brown,quinn.brown399@example.com,Paris,2023-01-27
1400,Diana Miller,diana.miller400@example.com,,2024-01-03
1401,Paula Johnson,paula.johnson401@example.com,Tokyo,2023-01-03
1402,Rachel Anderson,rachel.anderson402@example.com,Tokyo,2023-07-28
1403,Paula Davis,paula.davis403@example.com,Paris,2024-01-23
1404,Julia Garcia,julia.garcia404@example.com,Berlin,2023-11-27
1405,Bob Anderson,bob.anderson405@example.com,London,2023-11-30
1406,Sam Brown,sam.brown406@example.com,Singapore,2024-01-14
1407,Bob Anderson,bob.anderson407@example.com,Tokyo,2023-08-02
1408,Fiona Anderson,fiona.anderson408@example.com,New York,2024-03-04
1409,Michael Gonzalez,michael.gonzalez409@example.com,Chicago,2023-04-06
1410,Julia Anderson,julia.anderson410@example.com,New York,2023-01-05
1411,Julia Martinez,julia.martinez411@example.com,Mumbai,2023-02-24
1412,Kevin Jones,kevin.jones412@example.com,Chicago,2023-11-25
1413,Rachel Rodriguez,rachel.rodriguez413@example.com,Chicago,2024-03-31
1414,Evan Wilson,evan.wilson414@example.com,Singapore,2023-08-28
1415,Ian Brown,ian.brown415@example.com,London,2023-06-19
1416,Fiona Lopez,fiona.lopez416@example.com,Chicago,2023-11-28
1417,Ian Lopez,ian.lopez417@example.com,Tokyo,2023-01-08
1418,Kevin Gonzalez,kevin.gonzalez418@example.com,Berlin,2023-10-18
1419,George Williams,george.williams419@example.com,Mumbai,2024-03-14
1420,Michael Wilson,michael.wilson420@example.com,Toronto,2023-09-21
1421,Kevin Johnson,kevin.johnson421@example.com,Toronto,2023-12-09
1422,Diana Williams,diana.williams422@example.com,Tokyo,2023-09-02
1423,Kevin Anderson,kevin.anderson423@example.com,Paris,2023-01-04
1424,Ian Miller,ian.miller424@example.com,Paris,2023-08-17
1425,Ian Garcia,ian.garcia425@example.com,,2023-10-26
1426,Sam Smith,sam.smith426@example.com,Berlin,2023-12-01
1427,Laura Lopez,laura.lopez427@example.com,Paris,2023-02-01
1428,Diana Davis,diana.davis428@example.com,Berlin,2023-03-23
1429,Michael Hernandez,michael.hernandez429@example.com,Singapore,2024-04-17
1430,Julia Lopez,julia.lopez430@example.com,London,2023-11-24
1431,Julia Garcia,julia.garcia431@example.com,Mumbai,2023-04-24
1432,Hannah Williams,hannah.williams432@example.com,Chicago,2023-03-20
1433,Oscar Lopez,oscar.lopez433@example.com,Mumbai,2023-07-11
1434,Nina Lopez,nina.lopez434@example.com,Singapore,2024-04-12
1435,Paula Gonzalez,paula.gonzalez435@example.com,Singapore,2024-02-15
1436,George Gonzalez,george.gonzalez436@example.com,Paris,2023-12-15
1437,Tina Wilson,tina.wilson437@example.com,London,2023-09-27
1438,Oscar Rodriguez,oscar.rodriguez438@example.com,Sydney,2023-02-09
1439,Sam Johnson,sam.johnson439@example.com,New York,2024-02-29
1440,Rachel Anderson,rachel.anderson440@example.com,Singapore,2023-04-14
1441,Sam Rodriguez,sam.rodriguez441@example.com,Tokyo,2023-03-26
1442,Kevin Wilson,kevin.wilson442@example.com,Singapore,2023-08-15
1443,Diana Hernandez,diana.hernandez443@example.com,Paris,2024-01-03
1444,Sam Davis,sam.davis444@example.com,London,2024-04-05
1445,Quinn Davis,quinn.davis445@example.com,New York,2023-08-21
1446,Evan Rodriguez,evan.rodriguez446@example.com,Toronto,2023-08-22
1447,Sam Smith,sam.smith447@example.com,Singapore,2023-08-25
1448,Julia Lopez,julia.lopez448@example.com,New York,2023-07-22
1449,Ian Wilson,ian.wilson449@example.com,New York,2024-01-17
1450,George Martinez,george.martinez450@example.com,,2023-01-24
1451,Nina Garcia,nina.garcia451@example.com,London,2023-10-05
1452,Bob Anderson,bob.anderson452@example.com,London,2024-04-23
1453,Paula Smith,paula.smith453@example.com,Berlin,2023-07-29
1454,Fiona Gonzalez,fiona.gonzalez454@example.com,Tokyo,2024-01-28
1455,Nina Garcia,nina.garcia455@example.com,Toronto,2023-08-18
1456,Michael Miller,michael.miller456@example.com,London,2023-12-16
1457,Rachel Williams,rachel.williams457@example.com,Sydney,2023-03-02
1458,Fiona Rodriguez,fiona.rodriguez458@example.com,Toronto,2023-09-28
1459,Evan Lopez,evan.lopez459@example.com,Paris,2024-03-03
1460,Alice Gonzalez,alice.gonzalez460@example.com,New York,2024-05-15
1461,Julia Davis,julia.davis461@example.com,Singapore,2023-08-06
1462,Rachel Miller,rachel.miller462@example.com,Paris,2023-05-07
1463,Oscar Garcia,oscar.garcia463@example.com,Tokyo,2023-05-22
1464,George Anderson,george.anderson464@example.com,London,2023-01-17
1465,Nina Martinez,nina.martinez465@example.com,New York,2023-05-04
1466,George Johnson,george.johnson466@example.com,London,2023-11-01
1467,Bob Davis,bob.davis467@example.com,Mumbai,2023-12-11
1468,Bob Brown,bob.brown468@example.com,New York,2023-07-25
1469,Oscar Brown,oscar.brown469@example.com,Singapore,2023-04-22
1470,Bob Williams,bob.williams470@example.com,Singapore,2023-05-29
1471,Hannah Wilson,hannah.wilson471@example.com,Mumbai,2023-06-13
1472,Sam Martinez,sam.martinez472@example.com,Sydney,2023-05-02
1473,Julia Anderson,julia.anderson473@example.com,Tokyo,2023-12-05
1474,Quinn Brown,quinn.brown474@example.com,Toronto,2023-06-03
1475,Ian Smith,ian.smith475@example.com,,2024-04-30
1476,Sam Anderson,sam.anderson476@example.com,Tokyo,2023-11-17
1477,Nina Rodriguez,nina.rodriguez477@example.com,Chicago,2023-01-25
1478,Laura Hernandez,laura.hernandez478@example.com,Toronto,2024-02-07
1479,Quinn Garcia,quinn.garcia479@example.com,Toronto,2023-07-29
1480,Evan Jones,evan.jones480@example.com,Toronto,2023-04-05
1481,Rachel Davis,rachel.davis481@example.com,Paris,2024-03-10
1482,Hannah Jones,hannah.jones482@example.com,Tokyo,2024-02-17
1483,Oscar Anderson,oscar.anderson483@example.com,New York,2023-10-15
1484,Nina Miller,nina.miller484@example.com,Singapore,2023-09-29
1485,Evan Miller,evan.miller485@example.com,Paris,2023-05-11
1486,George Garcia,george.garcia486@example.com,London,2024-04-17
1487,Oscar Wilson,oscar.wilson487@example.com,Sydney,2023-02-17
1488,Rachel Lopez,rachel.lopez488@example.com,Paris,2023-01-27
1489,Ian Miller,ian.miller489@example.com,Mumbai,2023-11-05
1490,Bob Wilson,bob.wilson490@example.com,London,2023-04-07
1491,Sam Lopez,sam.lopez491@example.com,Singapore,2023-04-22
1492,Paula Brown,paula.brown492@example.com,Sydney,2023-06-05
1493,Alice Brown,alice.brown493@example.com,Paris,2024-05-07
1494,Diana Lopez,diana.lopez494@example.com,Chicago,2024-04-13
1495,Hannah Lopez,hannah.lopez495@example.com,Mumbai,2023-12-27
1496,George Miller,george.miller496@example.com,Paris,2023-10-10
1497,Kevin Gonzalez,kevin.gonzalez497@example.com,Berlin,2023-07-14
1498,Oscar Rodriguez,oscar.rodriguez498@example.com,Sydney,2023-06-07
1499,Ian Garcia,ian.garcia499@example.com,Singapore,2024-03-27
1500,Paula Davis,paula.davis500@example.com,,2024-02-16
1501,Paula Gonzalez,paula.gonzalez501@example.com,Sydney,2024-04-13
1502,George Garcia,george.garcia502@example.com,Sydney,2023-07-31
1503,Bob Martinez,bob.martinez503@example.com,Paris,2024-01-15
1504,Evan Smith,evan.smith504@example.com,Berlin,2023-10-11
1505,Sam Martinez,sam.martinez505@example.com,Toronto,2023-06-01
1506,Evan Brown,evan.brown506@example.com,Sydney,2023-04-28
1507,Michael Martinez,michael.martinez507@example.com,Paris,2023-09-13
1508,Rachel Hernandez,rachel.hernandez508@example.com,Sydney,2023-05-12
1509,Paula Lopez,paula.lopez509@example.com,Chicago,2023-08-24
1510,Fiona Lopez,fiona.lopez510@example.com,Sydney,2023-03-28
1511,Evan Lopez,evan.lopez511@example.com,Singapore,2023-09-08
1512,Fiona Anderson,fiona.anderson512@example.com,Singapore,2023-11-25
1513,Bob Rodriguez,bob.rodriguez513@example.com,New York,2024-03-05
1514,Charlie Wilson,charlie.wilson514@example.com,New York,2024-01-27
1515,Alice Miller,alice.miller515@example.com,Tokyo,2024-03-07
1516,Hannah Johnson,hannah.johnson516@example.com,Tokyo,2023-01-05
1517,George Rodriguez,george.rodriguez517@example.com,Chicago,2023-07-11
1518,Bob Martinez,bob.martinez518@example.com,Mumbai,2024-04-12
1519,Paula Hernandez,paula.hernandez519@example.com,Chicago,2023-01-09
1520,Alice Rodriguez,alice.rodriguez520@example.com,Singapore,2023-07-30
1521,Alice Smith,alice.smith521@example.com,Singapore,2024-01-05
1522,Ian Rodriguez,ian.rodriguez522@example.com,Berlin,2023-01-09
1523,Quinn Wilson,quinn.wilson523@example.com,Toronto,2024-02-17
1524,Fiona Johnson,fiona.johnson524@example.com,London,2023-09-26
1525,Evan Brown,evan.brown525@example.com,,2023-11-14
1526,Quinn Jones,quinn.jones526@example.com,Sydney,2023-05-17
1527,Michael Johnson,michael.johnson527@example.com,Sydney,2024-05-06
1528,Michael Davis,michael.davis528@example.com,Mumbai,2023-05-05
1529,Hannah Jones,hannah.jones529@example.com,London,2023-12-01
1530,Bob Johnson,bob.johnson530@example.com,Toronto,2023-07-14
1531,Michael Rodriguez,michael.rodriguez531@example.com,Chicago,2023-01-29
1532,Alice Lopez,alice.lopez532@example.com,Tokyo,2023-02-12
1533,Paula Wilson,paula.wilson533@example.com,Toronto,2023-11-27
1534,Kevin Martinez,kevin.martinez534@example.com,London,2024-04-03
1535,Quinn Anderson,quinn.anderson535@example.com,New York,2023-04-28
1536,George Anderson,george.anderson536@example.com,Mumbai,2023-09-01
1537,Ian Smith,ian.smith537@example.com,London,2023-12-17
1538,Ian Anderson,ian.anderson538@example.com,Singapore,2023-10-16
1539,Bob Williams,bob.williams539@example.com,Sydney,2023-01-09
1540,George Martinez,george.martinez540@example.com,Tokyo,2024-01-21
1541,Michael Anderson,michael.anderson541@example.com,London,2023-06-03
1542,Fiona Martinez,fiona.martinez542@example.com,Paris,2023-10-18
1543,Michael Hernandez,michael.hernandez543@example.com,Singapore,2023-06-19
1544,Michael Gonzalez,michael.gonzalez544@example.com,Tokyo,2024-02-09
1545,Charlie Rodriguez,charlie.rodriguez545@example.com,Sydney,2023-01-28
1546,Diana Miller,diana.miller546@example.com,Paris,2024-03-05
1547,Charlie Garcia,charlie.garcia547@example.com,Mumbai,2024-01-29
1548,Tina Martinez,tina.martinez548@example.com,Toronto,2024-05-11
1549,Kevin Smith,kevin.smith549@example.com,Berlin,2024-02-06
1550,Oscar Davis,oscar.davis550@example.com,,2023-07-02
1551,Rachel Miller,rachel.miller551@example.com,Toronto,2023-04-06
1552,Sam Hernandez,sam.hernandez552@example.com,Toronto,2023-02-13
1553,Tina Jones,tina.jones553@example.com,Paris,2024-01-01
1554,Charlie Johnson,charlie.johnson554@example.com,Berlin,2023-03-20
1555,Michael Lopez,michael.lopez555@example.com,Tokyo,2024-01-14
1556,Michael Garcia,michael.garcia556@example.com,Sydney,2023-02-24
1557,Charlie Smith,charlie.smith557@example.com,Berlin,2023-08-16
1558,Laura Gonzalez,laura.gonzalez558@example.com,Berlin,2023-02-22
1559,Evan Johnson,evan.johnson559@example.com,Tokyo,2023-08-09
1560,Oscar Rodriguez,oscar.rodriguez560@example.com,Singapore,2023-09-20
1561,Nina Johnson,nina.johnson561@example.com,New York,2023-02-15
1562,Laura Rodriguez,laura.rodriguez562@example.com,London,2023-11-02
1563,Tina Gonzalez,tina.gonzalez563@example.com,Sydney,2024-03-18
1564,Michael Smith,michael.smith564@example.com,Berlin,2023-07-31
1565,Michael Gonzalez,michael.gonzalez565@example.com,London,2024-01-07
1566,Rachel Anderson,rachel.anderson566@example.com,Paris,2023-10-20
1567,Quinn Williams,quinn.williams567@example.com,Toronto,2023-03-28
1568,Evan Jones,evan.jones568@example.com,Berlin,2023-05-18
1569,Paula Williams,paula.williams569@example.com,London,2023-03-27
1570,Nina Jones,nina.jones570@example.com,Toronto,2023-06-03
1571,Paula Gonzalez,paula.gonzalez571@example.com,London,2023-07-04
1572,Ian Brown,ian.brown572@example.com,Chicago,2023-11-01
1573,Tina Brown,tina.brown573@example.com,Chicago,2023-02-24
1574,Evan Jones,evan.jones574@example.com,New York,2024-04-30
1575,Michael Garcia,michael.garcia575@example.com,,2023-07-14
1576,Kevin Davis,kevin.davis576@example.com,Sydney,2023-08-09
1577,Tina Williams,tina.williams577@example.com,Berlin,2023-06-14
1578,Tina Lopez,tina.lopez578@example.com,Paris,2023-09-03
1579,Kevin Williams,kevin.williams579@example.com,Toronto,2024-05-10
1580,Kevin Jones,kevin.jones580@example.com,Chicago,2024-05-10
1581,Sam Gonzalez,sam.gonzalez581@example.com,Paris,2023-06-16
1582,Michael Jones,michael.jones582@example.com,Toronto,2023-07-06
1583,Diana Anderson,diana.anderson583@example.com,Mumbai,2023-04-13
1584,Sam Rodriguez,sam.rodriguez584@example.com,Tokyo,2023-12-16
1585,Rachel Smith,rachel.smith585@example.com,Chicago,2024-04-27
1586,George Davis,george.davis586@example.com,Berlin,2024-03-01
1587,Charlie Wilson,charlie.wilson587@example.com,Toronto,2023-12-11
1588,Paula Williams,paula.williams588@example.com,Berlin,2023-05-04
1589,Ian Hernandez,ian.hernandez589@example.com,Tokyo,2024-01-02
1590,Nina Gonzalez,nina.gonzalez590@example.com,Toronto,2023-02-07
1591,Oscar Martinez,oscar.martinez591@example.com,Chicago,2023-10-26
1592,Michael Rodriguez,michael.rodriguez592@example.com,Singapore,2024-04-17
1593,Nina Rodriguez,nina.rodriguez593@example.com,New York,2024-02-09
1594,Laura Lopez,laura.lopez594@example.com,Singapore,2023-11-01
1595,Charlie Johnson,charlie.johnson595@example.com,Paris,2023-12-03
1596,Laura Williams,laura.williams596@example.com,Mumbai,2023-01-23
1597,Sam Hernandez,sam.hernandez597@example.com,Toronto,2024-05-10
1598,Kevin Gonzalez,kevin.gonzalez598@example.com,Toronto,2023-02-24
1599,Alice Johnson,alice.johnson599@example.com,Berlin,2023-04-24
1600,Quinn Lopez,quinn.lopez600@example.com,,2023-10-13
1601,Sam Lopez,sam.lopez601@example.com,Mumbai,2023-04-24
1602,Oscar Garcia,oscar.garcia602@example.com,Toronto,2023-08-26
1603,Sam Lopez,sam.lopez603@example.com,Singapore,2023-03-19
1604,Laura Smith,laura.smith604@example.com,Chicago,2023-02-23
1605,Julia Miller,julia.miller605@example.com,London,2023-03-01
1606,Evan Garcia,evan.garcia606@example.com,Berlin,2023-06-25
1607,Oscar Gonzalez,oscar.gonzalez607@example.com,Paris,2023-09-24
1608,Paula Garcia,paula.garcia608@example.com,Chicago,2023-02-19
1609,Oscar Lopez,oscar.lopez609@example.com,Chicago,2023-06-13
1610,Charlie Jones,charlie.jones610@example.com,New York,2024-02-19
1611,Diana Smith,diana.smith611@example.com,Sydney,2023-11-28
1612,Diana Hernandez,diana.hernandez612@example.com,Tokyo,2024-04-21
1613,Hannah Rodriguez,hannah.rodriguez613@example.com,Tokyo,2023-10-10
1614,Fiona Garcia,fiona.garcia614@example.com,Singapore,2023-08-07
1615,Oscar Brown,oscar.brown615@example.com,Toronto,2023-11-19
1616,Fiona Williams,fiona.williams616@example.com,Toronto,2023-07-22
1617,Alice Lopez,alice.lopez617@example.com,Mumbai,2024-03-28
1618,George Davis,george.davis618@example.com,Mumbai,2023-08-08
1619,Michael Smith,michael.smith619@example.com,Paris,2023-04-16
1620,Ian Gonzalez,ian.gonzalez620@example.com,London,2023-10-23
1621,Diana Gonzalez,diana.gonzalez621@example.com,Singapore,2023-04-06
1622,Laura Garcia,laura.garcia622@example.com,Paris,2023-08-23
1623,Diana Jones,diana.jones623@example.com,Chicago,2023-09-28
1624,Kevin Martinez,kevin.martinez624@example.com,Toronto,2023-11-09
1625,Michael Martinez,michael.martinez625@example.com,,2023-06-28
1626,Laura Wilson,laura.wilson626@example.com,Chicago,2023-11-13
1627,Fiona Wilson,fiona.wilson627@example.com,Berlin,2024-04-15
1628,Tina Martinez,tina.martinez628@example.com,London,2023-12-11
1629,Evan Garcia,evan.garcia629@example.com,London,2023-05-03
1630,Julia Johnson,julia.johnson630@example.com,Tokyo,2023-07-11
1631,Evan Rodriguez,evan.rodriguez631@example.com,Toronto,2023-08-03
1632,Tina Williams,tina.williams632@example.com,Mumbai,2023-07-16
1633,Nina Williams,nina.williams633@example.com,Chicago,2023-11-22
1634,Rachel Lopez,rachel.lopez634@example.com,Tokyo,2023-10-12
1635,Fiona Davis,fiona.davis635@example.com,Berlin,2023-03-13
1636,Fiona Garcia,fiona.garcia636@example.com,Chicago,2023-11-14
1637,Bob Wilson,bob.wilson637@example.com,Sydney,2024-05-02
1638,Alice Davis,alice.davis638@example.com,Tokyo,2023-04-10
1639,Michael Rodriguez,michael.rodriguez639@example.com,Singapore,2023-12-01
1640,Paula Miller,paula.miller640@example.com,Chicago,2023-08-01
1641,Oscar Davis,oscar.davis641@example.com,Tokyo,2023-02-12
1642,Sam Smith,sam.smith642@example.com,Paris,2023-05-30
1643,Bob Jones,bob.jones643@example.com,Paris,2023-10-03
1644,Julia Williams,julia.williams644@example.com,Chicago,2023-10-17
1645,Paula Rodriguez,paula.rodriguez645@example.com,Singapore,2023-02-27
1646,Sam Johnson,sam.johnson646@example.com,Berlin,2024-02-01
1647,Rachel Wilson,rachel.wilson647@example.com,Sydney,2023-10-05
1648,Bob Gonzalez,bob.gonzalez648@example.com,Chicago,2023-10-07
1649,George Miller,george.miller649@example.com,London,2024-01-12
1650,Hannah Jones,hannah.jones650@example.com,,2023-08-19
1651,Ian Garcia,ian.garcia651@example.com,London,2023-08-13
1652,Diana Gonzalez,diana.gonzalez652@example.com,Paris,2023-04-18
1653,Sam Lopez,sam.lopez653@example.com,Sydney,2024-03-16
1654,Tina Hernandez,tina.hernandez654@example.com,Toronto,2023-03-26
1655,Tina Williams,tina.williams655@example.com,Paris,2024-02-21
1656,George Gonzalez,george.gonzalez656@example.com,New York,2023-10-19
1657,Laura Rodriguez,laura.rodriguez657@example.com,Berlin,2023-11-02
1658,Rachel Williams,rachel.williams658@example.com,Sydney,2023-12-27
1659,Julia Jones,julia.jones659@example.com,Mumbai,2023-05-17
1660,Quinn Anderson,quinn.anderson660@example.com,London,2023-03-11
1661,Nina Anderson,nina.anderson661@example.com,New York,2023-05-22
1662,Evan Lopez,evan.lopez662@example.com,Tokyo,2023-05-08
1663,Evan Lopez,evan.lopez663@example.com,Sydney,2024-02-29
1664,Hannah Gonzalez,hannah.gonzalez664@example.com,Toronto,2023-09-08
1665,Evan Martinez,evan.martinez665@example.com,Berlin,2023-11-18
1666,Nina Miller,nina.miller666@example.com,Chicago,2023-02-08
1667,Charlie Miller,charlie.miller667@example.com,Singapore,2024-01-19
1668,Ian Lopez,ian.lopez668@example.com,Sydney,2023-08-21
1669,Paula Garcia,paula.garcia669@example.com,Mumbai,2023-01-02
1670,Charlie Lopez,charlie.lopez670@example.com,Chicago,2023-11-22
1671,Laura Wilson,laura.wilson671@example.com,London,2024-02-12
1672,Rachel Miller,rachel.miller672@example.com,Paris,2024-05-10
1673,Nina Wilson,nina.wilson673@example.com,Paris,2023-09-11
1674,Ian Garcia,ian.garcia674@example.com,Berlin,2023-06-22
1675,Rachel Martinez,rachel.martinez675@example.com,,2023-10-17
1676,Paula Gonzalez,paula.gonzalez676@example.com,Sydney,2024-04-02
1677,Bob Smith,bob.smith677@example.com,London,2023-11-17
1678,Oscar Smith,oscar.smith678@example.com,London,2024-04-20
1679,Fiona Davis,fiona.davis679@example.com,Chicago,2023-01-01
1680,Nina Brown,nina.brown680@example.com,Tokyo,2024-03-27
1681,Julia Williams,julia.williams681@example.com,Berlin,2023-02-17
1682,Laura Jones,laura.jones682@example.com,London,2023-07-10
1683,Fiona Smith,fiona.smith683@example.com,Toronto,2023-11-17
1684,Julia Lopez,julia.lopez684@example.com,Paris,2023-08-08
1685,Charlie Lopez,charlie.lopez685@example.com,London,2023-01-01
1686,George Davis,george.davis686@example.com,London,2023-03-09
1687,Sam Brown,sam.brown687@example.com,Singapore,2023-12-15
1688,Oscar Smith,oscar.smith688@example.com,New York,2023-12-23
1689,Kevin Wilson,kevin.wilson689@example.com,London,2024-03-16
1690,Nina Lopez,nina.lopez690@example.com,Tokyo,2023-09-02
1691,Charlie Brown,charlie.brown691@example.com,Toronto,2023-02-15
1692,Diana Johnson,diana.johnson692@example.com,Sydney,2023-07-08
1693,Julia Williams,julia.williams693@example.com,Toronto,2024-02-01
1694,Evan Hernandez,evan.hernandez694@example.com,Tokyo,2023-02-05
1695,Quinn Martinez,quinn.martinez695@example.com,New York,2023-11-09
1696,Fiona Davis,fiona.davis696@example.com,Sydney,2024-01-05
1697,George Hernandez,george.hernandez697@example.com,Tokyo,2024-04-15
1698,Nina Martinez,nina.martinez698@example.com,Chicago,2024-03-16
1699,George Johnson,george.johnson699@example.com,London,2023-03-13
1700,Diana Martinez,diana.martinez700@example.com,,2023-06-29
1701,Nina Garcia,nina.garcia701@example.com,Tokyo,2023-05-07
1702,Ian Hernandez,ian.hernandez702@example.com,London,2023-05-08
1703,Rachel Martinez,rachel.martinez703@example.com,Mumbai,2024-01-05
1704,Tina Jones,tina.jones704@example.com,New York,2024-03-10
1705,Julia Brown,julia.brown705@example.com,Singapore,2023-11-07
1706,Quinn Brown,quinn.brown706@example.com,Toronto,2023-06-01
1707,Bob Gonzalez,bob.gonzalez707@example.com,Paris,2023-09-11
1708,Michael Johnson,michael.johnson708@example.com,Paris,2023-09-13
1709,Tina Johnson,tina.johnson709@example.com,Singapore,2024-03-31
1710,Alice Garcia,alice.garcia710@example.com,Sydney,2023-03-09
1711,Michael Wilson,michael.wilson711@example.com,Mumbai,2023-08-04
1712,Laura Rodriguez,laura.rodriguez712@example.com,Tokyo,2024-01-26
1713,Paula Gonzalez,paula.gonzalez713@example.com,London,2023-01-09
1714,Sam Johnson,sam.johnson714@example.com,New York,2023-05-15
1715,George Smith,george.smith715@example.com,New York,2024-04-30
1716,Michael Rodriguez,michael.rodriguez716@example.com,Berlin,2023-11-18
1717,Quinn Gonzalez,quinn.gonzalez717@example.com,Toronto,2023-08-05
1718,Michael Johnson,michael.johnson718@example.com,Singapore,2023-10-03
1719,Tina Williams,tina.williams719@example.com,Berlin,2023-02-12
1720,Julia Johnson,julia.johnson720@example.com,Singapore,2024-04-16
1721,George Gonzalez,george.gonzalez721@example.com,Tokyo,2023-10-02
1722,Kevin Miller,kevin.miller722@example.com,Mumbai,2023-11-21
1723,Charlie Jones,charlie.jones723@example.com,Toronto,2024-01-09
1724,Hannah Smith,hannah.smith724@example.com,Paris,2023-02-14
1725,Nina Johnson,nina.johnson725@example.com,,2023-11-10
1726,Tina Smith,tina.smith726@example.com,Berlin,2023-12-08
1727,Fiona Johnson,fiona.johnson727@example.com,New York,2023-12-29
1728,Evan Lopez,evan.lopez728@example.com,New York,2023-03-25
1729,Paula Garcia,paula.garcia729@example.com,Singapore,2023-09-22
1730,Ian Williams,ian.williams730@example.com,Sydney,2023-03-06
1731,Ian Lopez,ian.lopez731@example.com,London,2024-01-30
1732,Alice Garcia,alice.garcia732@example.com,Toronto,2023-05-20
1733,Quinn Johnson,quinn.johnson733@example.com,Berlin,2023-12-31
1734,Sam Hernandez,sam.hernandez734@example.com,London,2023-09-12
1735,Oscar Rodriguez,oscar.rodriguez735@example.com,Sydney,2023-01-29
1736,Paula Wilson,paula.wilson736@example.com,Mumbai,2023-03-27
1737,Laura Williams,laura.williams737@example.com,Berlin,2024-01-31
1738,Diana Anderson,diana.anderson738@example.com,Mumbai,2023-12-12
1739,Diana Brown,diana.brown739@example.com,Singapore,2023-01-02
1740,Bob Wilson,bob.wilson740@example.com,New York,2023-05-06
1741,Bob Davis,bob.davis741@example.com,Sydney,2023-07-16
1742,Evan Williams,evan.williams742@example.com,New York,2023-10-11
1743,Nina Brown,nina.brown743@example.com,Sydney,2023-05-08
1744,Nina Anderson,nina.anderson744@example.com,Sydney,2023-05-19
1745,Charlie Martinez,charlie.martinez745@example.com,Sydney,2023-03-03
1746,Quinn Hernandez,quinn.hernandez746@example.com,New York,2023-04-02
1747,Hannah Gonzalez,hannah.gonzalez747@example.com,Singapore,2023-01-24
1748,Michael Johnson,michael.johnson748@example.com,Chicago,2024-03-19
1749,Julia Gonzalez,julia.gonzalez749@example.com,Berlin,2023-06-17
1750,Charlie Rodriguez,charlie.rodriguez750@example.com,,2023-01-05
1751,Laura Brown,laura.brown751@example.com,Berlin,2023-10-16
1752,Julia Lopez,julia.lopez752@example.com,Mumbai,2023-05-05
1753,Oscar Garcia,oscar.garcia753@example.com,Mumbai,2024-05-12
1754,Paula Gonzalez,paula.gonzalez754@example.com,Paris,2024-01-11
1755,Rachel Gonzalez,rachel.gonzalez755@example.com,Paris,2023-03-19
1756,Alice Anderson,alice.anderson756@example.com,Toronto,2023-01-13
1757,Hannah Rodriguez,hannah.rodriguez757@example.com,Sydney,2023-11-22
1758,Alice Garcia,alice.garcia758@example.com,New York,2024-01-24
1759,Michael Wilson,michael.wilson759@example.com,Berlin,2023-02-23
1760,George Rodriguez,george.rodriguez760@example.com,Paris,2023-08-03
1761,Paula Smith,paula.smith761@example.com,Tokyo,2023-12-31
1762,Ian Johnson,ian.johnson762@example.com,New York,2024-04-16
1763,Hannah Anderson,hannah.anderson763@example.com,Singapore,2023-07-31
1764,Laura Davis,laura.davis764@example.com,London,2023-10-25
1765,Diana Rodriguez,diana.rodriguez765@example.com,Tokyo,2023-11-23
1766,Michael Johnson,michael.johnson766@example.com,Mumbai,2023-10-18
1767,Bob Miller,bob.miller767@example.com,Tokyo,2023-05-02
1768,Julia Jones,julia.jones768@example.com,Sydney,2024-04-19
1769,Michael Lopez,michael.lopez769@example.com,Sydney,2023-06-12
1770,Oscar Jones,oscar.jones770@example.com,Paris,2023-02-08
1771,George Williams,george.williams771@example.com,Mumbai,2023-02-25
1772,Evan Johnson,evan.johnson772@example.com,Tokyo,2023-08-19
1773,Oscar Garcia,oscar.garcia773@example.com,Toronto,2023-03-03
1774,Rachel Garcia,rachel.garcia774@example.com,Paris,2023-08-20
1775,Julia Davis,julia.davis775@example.com,,2024-03-12
1776,Diana Johnson,diana.johnson776@example.com,Tokyo,2024-02-18
1777,Julia Wilson,julia.wilson777@example.com,Mumbai,2023-01-21
1778,George Wilson,george.wilson778@example.com,Sydney,2023-03-17
1779,Charlie Lopez,charlie.lopez779@example.com,Paris,2024-05-10
1780,Laura Miller,laura.miller780@example.com,Singapore,2023-01-26
1781,Julia Jones,julia.jones781@example.com,Tokyo,2023-01-16
1782,Michael Wilson,michael.wilson782@example.com,Chicago,2023-10-12
1783,Rachel Brown,rachel.brown783@example.com,London,2023-08-25
1784,Diana Gonzalez,diana.gonzalez784@example.com,Tokyo,2023-03-04
1785,Alice Smith,alice.smith785@example.com,Paris,2023-03-08
1786,George Wilson,george.wilson786@example.com,Toronto,2023-07-10
1787,Charlie Martinez,charlie.martinez787@example.com,Mumbai,2023-05-13
1788,Charlie Smith,charlie.smith788@example.com,London,2023-04-12
1789,Oscar Gonzalez,oscar.gonzalez789@example.com,Tokyo,2023-02-17
1790,Kevin Johnson,kevin.johnson790@example.com,New York,2024-04-27
1791,Oscar Smith,oscar.smith791@example.com,Tokyo,2024-04-18
1792,Sam Miller,sam.miller792@example.com,Toronto,2023-09-12
1793,Alice Miller,alice.miller793@example.com,Toronto,2023-03-30
1794,Laura Brown,laura.brown794@example.com,Tokyo,2023-05-21
1795,Ian Davis,ian.davis795@example.com,Tokyo,2023-01-18
1796,Tina Martinez,tina.martinez796@example.com,Mumbai,2023-05-06
1797,Julia Davis,julia.davis797@example.com,Toronto,2024-03-27
1798,Rachel Davis,rachel.davis798@example.com,New York,2023-02-14
1799,Ian Miller,ian.miller799@example.com,Tokyo,2023-08-03
1800,George Hernandez,george.hernandez800@example.com,,2023-05-08
1801,Rachel Gonzalez,rachel.gonzalez801@example.com,New York,2023-07-15
1802,Laura Davis,laura.davis802@example.com,Singapore,2024-02-05
1803,Paula Garcia,paula.garcia803@example.com,Mumbai,2023-09-15
1804,Kevin Miller,kevin.miller804@example.com,Berlin,2023-04-03
1805,Alice Garcia,alice.garcia805@example.com,Mumbai,2023-04-23
1806,Alice Anderson,alice.anderson806@example.com,Berlin,2023-01-30
1807,Paula Rodriguez,paula.rodriguez807@example.com,Sydney,2024-01-28
1808,Sam Brown,sam.brown808@example.com,Tokyo,2023-02-21
1809,Hannah Hernandez,hannah.hernandez809@example.com,Paris,2023-05-17
1810,Rachel Wilson,rachel.wilson810@example.com,New York,2024-01-27
1811,Hannah Martinez,hannah.martinez811@example.com,Toronto,2023-07-01
1812,Fiona Williams,fiona.williams812@example.com,Paris,2023-10-31
1813,Kevin Gonzalez,kevin.gonzalez813@example.com,Sydney,2024-04-12
1814,Sam Smith,sam.smith814@example.com,Sydney,2024-04-30
1815,Sam Martinez,sam.martinez815@example.com,Tokyo,2023-10-16
1816,George Wilson,george.wilson816@example.com,Chicago,2023-10-05
1817,Julia Williams,julia.williams817@example.com,Chicago,2023-01-20
1818,Charlie Smith,charlie.smith818@example.com,Paris,2023-11-05
1819,Hannah Smith,hannah.smith819@example.com,Singapore,2023-09-02
1820,Alice Garcia,alice.garcia820@example.com,Mumbai,2023-04-14
1821,Evan Garcia,evan.garcia821@example.com,Tokyo,2024-04-15
1822,Kevin Smith,kevin.smith822@example.com,New York,2023-03-17
1823,Sam Lopez,sam.lopez823@example.com,Tokyo,2024-02-01
1824,Diana Wilson,diana.wilson824@example.com,Singapore,2024-03-16
1825,Laura Johnson,laura.johnson825@example.com,,2023-12-27
1826,Michael Martinez,michael.martinez826@example.com,London,2023-06-22
1827,Julia Garcia,julia.garcia827@example.com,Tokyo,2024-05-14
1828,Fiona Lopez,fiona.lopez828@example.com,Toronto,2024-02-10
1829,Paula Hernandez,paula.hernandez829@example.com,Sydney,2023-03-31
1830,Rachel Lopez,rachel.lopez830@example.com,Mumbai,2024-02-07
1831,Laura Brown,laura.brown831@example.com,Mumbai,2024-02-22
1832,Fiona Miller,fiona.miller832@example.com,Berlin,2024-01-11
1833,Julia Williams,julia.williams833@example.com,Tokyo,2024-01-09
1834,Alice Lopez,alice.lopez834@example.com,Mumbai,2023-07-20
1835,Sam Smith,sam.smith835@example.com,Tokyo,2023-11-05
1836,Kevin Anderson,kevin.anderson836@example.com,Mumbai,2023-04-24
1837,Sam Johnson,sam.johnson837@example.com,Chicago,2023-03-14
1838,Kevin Lopez,kevin.lopez838@example.com,London,2023-05-02
1839,Laura Garcia,laura.garcia839@example.com,Tokyo,2023-11-22
1840,Charlie Wilson,charlie.wilson840@example.com,Sydney,2023-08-17
1841,Alice Jones,alice.jones841@example.com,Paris,2023-05-08
1842,Charlie Garcia,charlie.garcia842@example.com,Berlin,2024-02-07
1843,Diana Lopez,diana.lopez843@example.com,New York,2023-01-25
1844,Michael Davis,michael.davis844@example.com,Toronto,2024-05-11
1845,Fiona Anderson,fiona.anderson845@example.com,Toronto,2023-09-10
1846,Michael Garcia,michael.garcia846@example.com,Singapore,2023-07-12
1847,Diana Wilson,diana.wilson847@example.com,Chicago,2024-02-08
1848,Sam Hernandez,sam.hernandez848@example.com,Paris,2023-03-25
1849,Oscar Johnson,oscar.johnson849@example.com,New York,2023-05-31
1850,Alice Garcia,alice.garcia850@example.com,,2024-05-02
1851,Diana Johnson,diana.johnson851@example.com,Sydney,2023-03-29
1852,Michael Williams,michael.williams852@example.com,London,2023-10-08
1853,Charlie Garcia,charlie.garcia853@example.com,Mumbai,2023-11-11
1854,Paula Lopez,paula.lopez854@example.com,New York,2023-08-09
1855,Fiona Martinez,fiona.martinez855@example.com,Toronto,2023-03-22
1856,Bob Johnson,bob.johnson856@example.com,Sydney,2023-04-16
1857,George Miller,george.miller857@example.com,Singapore,2024-01-05
1858,Rachel Jones,rachel.jones858@example.com,Berlin,2023-06-02
1859,Hannah Johnson,hannah.johnson859@example.com,New York,2023-07-21
1860,Sam Rodriguez,sam.rodriguez860@example.com,Chicago,2023-03-20
1861,Bob Garcia,bob.garcia861@example.com,New York,2023-08-07
1862,Charlie Jones,charlie.jones862@example.com,Mumbai,2023-09-03
1863,George Johnson,george.johnson863@example.com,New York,2023-04-16
1864,Fiona Hernandez,fiona.hernandez864@example.com,Berlin,2024-05-15
1865,Charlie Davis,charlie.davis865@example.com,London,2023-06-07
1866,Michael Davis,michael.davis866@example.com,Chicago,2024-04-03
1867,Ian Johnson,ian.johnson867@example.com,Singapore,2023-07-18
1868,Fiona Garcia,fiona.garcia868@example.com,Toronto,2023-07-09
1869,Fiona Davis,fiona.davis869@example.com,New York,2023-05-15
1870,Oscar Davis,oscar.davis870@example.com,Berlin,2023-04-26
1871,Ian Martinez,ian.martinez871@example.com,New York,2023-03-19
1872,Diana Johnson,diana.johnson872@example.com,Sydney,2024-02-18
1873,Rachel Miller,rachel.miller873@example.com,Mumbai,2023-04-27
1874,Rachel Smith,rachel.smith874@example.com,Toronto,2024-02-24
1875,Quinn Miller,quinn.miller875@example.com,,2023-12-18
1876,Paula Martinez,paula.martinez876@example.com,Paris,2023-09-01
1877,Julia Johnson,julia.johnson877@example.com,Toronto,2024-04-07
1878,Bob Rodriguez,bob.rodriguez878@example.com,Mumbai,2024-04-06
1879,Quinn Gonzalez,quinn.gonzalez879@example.com,Mumbai,2023-12-13
1880,Tina Williams,tina.williams880@example.com,London,2024-05-01
1881,Oscar Williams,oscar.williams881@example.com,Tokyo,2024-05-12
1882,George Gonzalez,george.gonzalez882@example.com,Paris,2023-03-06
1883,Bob Miller,bob.miller883@example.com,London,2023-12-16
1884,Nina Brown,nina.brown884@example.com,Tokyo,2024-03-03
1885,Tina Jones,tina.jones885@example.com,Sydney,2024-04-11
1886,Charlie Johnson,charlie.johnson886@example.com,Toronto,2023-10-12
1887,Michael Rodriguez,michael.rodriguez887@example.com,Sydney,2024-03-14
1888,Ian Rodriguez,ian.rodriguez888@example.com,Chicago,2024-04-14
1889,Alice Gonzalez,alice.gonzalez889@example.com,Mumbai,2023-10-28
1890,Quinn Gonzalez,quinn.gonzalez890@example.com,Toronto,2023-02-27
1891,Nina Williams,nina.williams891@example.com,Tokyo,2023-10-18
1892,Sam Martinez,sam.martinez892@example.com,London,2024-04-18
1893,Diana Martinez,diana.martinez893@example.com,London,2024-02-07
1894,Julia Wilson,julia.wilson894@example.com,Singapore,2024-03-26
1895,Laura Anderson,laura.anderson895@example.com,Toronto,2023-05-16
1896,Michael Hernandez,michael.hernandez896@example.com,Chicago,2023-10-20
1897,Tina Davis,tina.davis897@example.com,New York,2023-03-30
1898,Ian Miller,ian.miller898@example.com,Tokyo,2023-11-13
1899,Tina Hernandez,tina.hernandez899@example.com,Toronto,2023-01-20
1900,Michael Anderson,michael.anderson900@example.com,,2023-12-20
1901,Hannah Smith,hannah.smith901@example.com,Chicago,2024-04-16
1902,Ian Anderson,ian.anderson902@example.com,Sydney,2023-01-11
1903,Kevin Wilson,kevin.wilson903@example.com,Berlin,2023-06-09
1904,Ian Wilson,ian.wilson904@example.com,Chicago,2024-03-15
1905,Diana Wilson,diana.wilson905@example.com,Paris,2023-03-10
1906,Julia Lopez,julia.lopez906@example.com,Chicago,2024-02-01
1907,Kevin Jones,kevin.jones907@example.com,Toronto,2023-11-06
1908,Charlie Brown,charlie.brown908@example.com,Chicago,2023-04-19
1909,Nina Lopez,nina.lopez909@example.com,Chicago,2024-01-24
1910,Quinn Wilson,quinn.wilson910@example.com,Sydney,2024-02-25
1911,Bob Rodriguez,bob.rodriguez911@example.com,Tokyo,2023-02-03
1912,Julia Lopez,julia.lopez912@example.com,Singapore,2023-07-26
1913,Evan Gonzalez,evan.gonzalez913@example.com,Singapore,2024-03-26
1914,Sam Smith,sam.smith914@example.com,Tokyo,2023-04-09
1915,George Wilson,george.wilson915@example.com,New York,2023-05-08
1916,Bob Davis,bob.davis916@example.com,New York,2024-04-15
1917,Laura Lopez,laura.lopez917@example.com,Paris,2023-05-21
1918,Laura Wilson,laura.wilson918@example.com,Chicago,2023-09-16
1919,Michael Hernandez,michael.hernandez919@example.com,London,2023-12-15
1920,Alice Brown,alice.brown920@example.com,Sydney,2023-09-08
1921,Tina Davis,tina.davis921@example.com,Tokyo,2024-05-06
1922,Paula Martinez,paula.martinez922@example.com,Singapore,2023-06-29
1923,Laura Williams,laura.williams923@example.com,Berlin,2024-01-19
1924,Charlie Jones,charlie.jones924@example.com,New York,2023-07-17
1925,Bob Williams,bob.williams925@example.com,,2024-02-04
1926,George Wilson,george.wilson926@example.com,Paris,2023-11-28
1927,Hannah Hernandez,hannah.hernandez927@example.com,Paris,2023-05-18
1928,Nina Rodriguez,nina.rodriguez928@example.com,New York,2024-03-18
1929,Alice Davis,alice.davis929@example.com,Tokyo,2023-11-28
1930,Fiona Martinez,fiona.martinez930@example.com,New York,2023-04-25
1931,Ian Martinez,ian.martinez931@example.com,Berlin,2023-12-31
1932,Ian Miller,ian.miller932@example.com,Toronto,2024-03-12
1933,Laura Davis,laura.davis933@example.com,Berlin,2023-04-22
1934,Oscar Jones,oscar.jones934@example.com,Singapore,2024-02-27
1935,Tina Miller,tina.miller935@example.com,Mumbai,2023-02-22
1936,Alice Rodriguez,alice.rodriguez936@example.com,Sydney,2023-10-15
1937,Tina Martinez,tina.martinez937@example.com,Berlin,2023-06-02
1938,Diana Davis,diana.davis938@example.com,London,2023-06-22
1939,Ian Hernandez,ian.hernandez939@example.com,Sydney,2024-03-17
1940,Ian Jones,ian.jones940@example.com,Berlin,2023-04-07
1941,Evan Rodriguez,evan.rodriguez941@example.com,Paris,2024-04-05
1942,Bob Gonzalez,bob.gonzalez942@example.com,Mumbai,2023-07-26
1943,Kevin Hernandez,kevin.hernandez943@example.com,Tokyo,2024-01-05
1944,Alice Hernandez,alice.hernandez944@example.com,Chicago,2023-06-01
1945,Ian Anderson,ian.anderson945@example.com,Toronto,2023-07-27
1946,Michael Lopez,michael.lopez946@example.com,New York,2023-10-26
1947,Sam Wilson,sam.wilson947@example.com,Paris,2023-06-25
1948,Hannah Hernandez,hannah.hernandez948@example.com,Singapore,2023-11-23
1949,Paula Anderson,paula.anderson949@example.com,Sydney,2023-09-17
1950,Julia Wilson,julia.wilson950@example.com,,2024-03-06
1951,Rachel Williams,rachel.williams951@example.com,Berlin,2023-02-19
1952,Paula Williams,paula.williams952@example.com,Berlin,2024-01-07
1953,Rachel Gonzalez,rachel.gonzalez953@example.com,Tokyo,2024-04-29
1954,Kevin Hernandez,kevin.hernandez954@example.com,London,2023-04-24
1955,Laura Brown,laura.brown955@example.com,Berlin,2023-08-04
1956,Kevin Garcia,kevin.garcia956@example.com,Berlin,2023-10-27
1957,Julia Davis,julia.davis957@example.com,London,2023-08-29
1958,Bob Wilson,bob.wilson958@example.com,Mumbai,2023-10-25
1959,Tina Johnson,tina.johnson959@example.com,Chicago,2024-03-31
1960,George Rodriguez,george.rodriguez960@example.com,London,2024-03-20
1961,Michael Rodriguez,michael.rodriguez961@example.com,Berlin,2023-07-31
1962,Bob Wilson,bob.wilson962@example.com,Tokyo,2023-03-12
1963,George Garcia,george.garcia963@example.com,Toronto,2023-10-19
1964,Oscar Williams,oscar.williams964@example.com,Sydney,2024-03-17
1965,Fiona Gonzalez,fiona.gonzalez965@example.com,London,2023-09-07
1966,Kevin Hernandez,kevin.hernandez966@example.com,Tokyo,2023-06-10
1967,Bob Smith,bob.smith967@example.com,Chicago,2023-05-21
1968,George Gonzalez,george.gonzalez968@example.com,Tokyo,2023-10-23
1969,Fiona Davis,fiona.davis969@example.com,London,2023-03-08
1970,Tina Miller,tina.miller970@example.com,Toronto,2023-07-26
1971,Nina Davis,nina.davis971@example.com,Toronto,2023-01-03
1972,Bob Rodriguez,bob.rodriguez972@example.com,Paris,2024-01-10
1973,Laura Smith,laura.smith973@example.com,Sydney,2024-01-23
1974,Quinn Brown,quinn.brown974@example.com,New York,2023-12-13
1975,Alice Hernandez,alice.hernandez975@example.com,,2023-04-26
1976,Laura Jones,laura.jones976@example.com,Tokyo,2023-02-22
1977,Michael Rodriguez,michael.rodriguez977@example.com,Mumbai,2023-06-06
1978,Fiona Johnson,fiona.johnson978@example.com,New York,2023-06-02
1979,Julia Davis,julia.davis979@example.com,Singapore,2023-11-02
1980,Quinn Garcia,quinn.garcia980@example.com,Toronto,2024-03-30
1981,Evan Garcia,evan.garcia981@example.com,Chicago,2023-07-03
1982,George Williams,george.williams982@example.com,Toronto,2023-01-10
1983,Hannah Brown,hannah.brown983@example.com,Tokyo,2023-04-19
1984,Alice Martinez,alice.martinez984@example.com,Singapore,2023-03-28
1985,Diana Garcia,diana.garcia985@example.com,New York,2023-07-12
1986,Ian Gonzalez,ian.gonzalez986@example.com,Singapore,2023-11-16
1987,Bob Martinez,bob.martinez987@example.com,New York,2023-12-05
1988,Diana Hernandez,diana.hernandez988@example.com,New York,2023-01-25
1989,Diana Miller,diana.miller989@example.com,Chicago,2023-07-14
1990,Diana Rodriguez,diana.rodriguez990@example.com,Berlin,2023-08-31
1991,Evan Brown,evan.brown991@example.com,New York,2023-06-04
1992,Nina Hernandez,nina.hernandez992@example.com,London,2023-12-06
1993,Quinn Jones,quinn.jones993@example.com,Mumbai,2023-11-07
1994,Evan Miller,evan.miller994@example.com,London,2023-09-19
1995,Tina Johnson,tina.johnson995@example.com,Berlin,2023-02-28
1996,Diana Davis,diana.davis996@example.com,Paris,2023-11-08
1997,George Gonzalez,george.gonzalez997@example.com,Berlin,2024-03-01
1998,Quinn Brown,quinn.brown998@example.com,Sydney,2023-12-27
1999,Nina Jones,nina.jones999@example.com,Tokyo,2023-01-21
2000,Rachel Davis,rachel.davis1000@example.com,,2023-12-19
2001,Paula Garcia,paula.garcia1001@example.com,Paris,2023-01-02
2002,Alice Hernandez,alice.hernandez1002@example.com,London,2024-04-09
2003,Diana Wilson,diana.wilson1003@example.com,Mumbai,2023-12-09
2004,Paula Williams,paula.williams1004@example.com,London,2024-02-04
2005,Quinn Johnson,quinn.johnson1005@example.com,London,2024-04-08
2006,Ian Hernandez,ian.hernandez1006@example.com,Paris,2023-08-22
2007,Julia Jones,julia.jones1007@example.com,Chicago,2023-01-26
2008,Diana Wilson,diana.wilson1008@example.com,Tokyo,2024-03-23
2009,Bob Wilson,bob.wilson1009@example.com,Berlin,2023-07-04
2010,Kevin Miller,kevin.miller1010@example.com,London,2023-02-18
2011,Bob Smith,bob.smith1011@example.com,Tokyo,2023-12-06
2012,Fiona Garcia,fiona.garcia1012@example.com,Sydney,2024-04-02
2013,Oscar Martinez,oscar.martinez1013@example.com,Berlin,2024-03-25
2014,Charlie Garcia,charlie.garcia1014@example.com,Sydney,2023-04-04
2015,Diana Miller,diana.miller1015@example.com,Toronto,2024-05-07
2016,Oscar Jones,oscar.jones1016@example.com,Toronto,2023-12-20
2017,Paula Gonzalez,paula.gonzalez1017@example.com,Toronto,2023-11-29
2018,Fiona Johnson,fiona.johnson1018@example.com,Tokyo,2023-12-23
2019,Bob Wilson,bob.wilson1019@example.com,Tokyo,2023-02-23
2020,Nina Anderson,nina.anderson1020@example.com,Mumbai,2023-09-05
2021,Sam Hernandez,sam.hernandez1021@example.com,Chicago,2023-04-03
2022,Tina Miller,tina.miller1022@example.com,Sydney,2023-11-10
2023,Alice Wilson,alice.wilson1023@example.com,Tokyo,2023-09-05
2024,Paula Johnson,paula.johnson1024@example.com,Toronto,2023-08-14
2025,Bob Johnson,bob.johnson1025@example.com,,2023-12-02
2026,Kevin Smith,kevin.smith1026@example.com,Singapore,2024-01-28
2027,Sam Lopez,sam.lopez1027@example.com,Mumbai,2023-04-25
2028,Kevin Rodriguez,kevin.rodriguez1028@example.com,Singapore,2023-12-19
2029,Tina Johnson,tina.johnson1029@example.com,Toronto,2023-12-05
2030,Hannah Davis,hannah.davis1030@example.com,Sydney,2023-12-06
2031,Michael Williams,michael.williams1031@example.com,Singapore,2024-04-01
2032,Tina Smith,tina.smith1032@example.com,New York,2023-11-26
2033,Fiona Rodriguez,fiona.rodriguez1033@example.com,Chicago,2024-03-12
2034,Paula Wilson,paula.wilson1034@example.com,Tokyo,2023-02-08
2035,Paula Garcia,paula.garcia1035@example.com,Paris,2023-06-19
2036,Ian Smith,ian.smith1036@example.com,Singapore,2023-04-25
2037,Rachel Hernandez,rachel.hernandez1037@example.com,Toronto,2023-07-26
2038,Hannah Johnson,hannah.johnson1038@example.com,Chicago,2023-08-16
2039,Sam Davis,sam.davis1039@example.com,London,2024-03-14
2040,Paula Davis,paula.davis1040@example.com,Sydney,2023-03-02
2041,Paula Lopez,paula.lopez1041@example.com,New York,2023-02-22
2042,Michael Miller,michael.miller1042@example.com,New York,2023-10-13
2043,Rachel Smith,rachel.smith1043@example.com,London,2024-02-10
2044,Tina Martinez,tina.martinez1044@example.com,Berlin,2024-03-31
2045,Quinn Rodriguez,quinn.rodriguez1045@example.com,Paris,2023-12-02
2046,Oscar Garcia,oscar.garcia1046@example.com,Sydney,2024-02-27
2047,Bob Wilson,bob.wilson1047@example.com,Paris,2024-03-08
2048,Oscar Garcia,oscar.garcia1048@example.com,Singapore,2024-01-28
2049,Tina Martinez,tina.martinez1049@example.com,Chicago,2024-01-02
2050,Laura Lopez,laura.lopez1050@example.com,,2023-02-28
2051,Diana Gonzalez,diana.gonzalez1051@example.com,Paris,2023-01-02
2052,Kevin Garcia,kevin.garcia1052@example.com,Berlin,2023-10-08
2053,Quinn Garcia,quinn.garcia1053@example.com,London,2023-01-24
2054,Fiona Davis,fiona.davis1054@example.com,Tokyo,2024-02-25
2055,Nina Johnson,nina.johnson1055@example.com,Berlin,2023-11-09
2056,George Brown,george.brown1056@example.com,London,2024-04-21
2057,Michael Brown,michael.brown1057@example.com,Chicago,2024-02-27
2058,George Lopez,george.lopez1058@example.com,Sydney,2023-02-25
2059,Nina Smith,nina.smith1059@example.com,Mumbai,2023-03-05
2060,Oscar Davis,oscar.davis1060@example.com,Mumbai,2024-05-04
2061,Quinn Williams,quinn.williams1061@example.com,Chicago,2023-01-03
2062,Quinn Lopez,quinn.lopez1062@example.com,New York,2023-10-11
2063,Nina Wilson,nina.wilson1063@example.com,Mumbai,2023-09-05
2064,Quinn Gonzalez,quinn.gonzalez1064@example.com,Tokyo,2023-12-21
2065,Sam Williams,sam.williams1065@example.com,Tokyo,2023-02-23
2066,Michael Hernandez,michael.hernandez1066@example.com,Mumbai,2023-11-07
2067,Kevin Rodriguez,kevin.rodriguez1067@example.com,Toronto,2023-08-03
2068,Tina Anderson,tina.anderson1068@example.com,Paris,2023-05-21
2069,Michael Garcia,michael.garcia1069@example.com,Berlin,2023-08-20
2070,Evan Williams,evan.williams1070@example.com,Toronto,2023-11-05
2071,Quinn Jones,quinn.jones1071@example.com,Singapore,2024-03-16
2072,Kevin Lopez,kevin.lopez1072@example.com,Singapore,2023-11-20
2073,George Brown,george.brown1073@example.com,Paris,2023-11-16
2074,Julia Hernandez,julia.hernandez1074@example.com,Sydney,2024-04-16
2075,Evan Lopez,evan.lopez1075@example.com,,2023-09-15
2076,Rachel Lopez,rachel.lopez1076@example.com,Sydney,2023-12-30
2077,Diana Gonzalez,diana.gonzalez1077@example.com,Sydney,2023-10-15
2078,Paula Martinez,paula.martinez1078@example.com,Mumbai,2024-04-27
2079,Nina Hernandez,nina.hernandez1079@example.com,Singapore,2023-05-27
2080,Nina Gonzalez,nina.gonzalez1080@example.com,New York,2023-09-25
2081,Diana Smith,diana.smith1081@example.com,Toronto,2023-03-16
2082,Bob Hernandez,bob.hernandez1082@example.com,New York,2023-04-13
2083,Ian Gonzalez,ian.gonzalez1083@example.com,Tokyo,2023-05-27
2084,Ian Williams,ian.williams1084@example.com,New York,2023-12-20
2085,Julia Brown,julia.brown1085@example.com,Singapore,2023-01-17
2086,Laura Wilson,laura.wilson1086@example.com,Chicago,2023-02-22
2087,Tina Wilson,tina.wilson1087@example.com,Singapore,2024-03-18
2088,Hannah Lopez,hannah.lopez1088@example.com,Singapore,2023-07-19
2089,Hannah Rodriguez,hannah.rodriguez1089@example.com,Berlin,2023-12-21
2090,Bob Anderson,bob.anderson1090@example.com,Toronto,2023-07-18
2091,Nina Gonzalez,nina.gonzalez1091@example.com,Sydney,2024-05-09
2092,Rachel Smith,rachel.smith1092@example.com,New York,2024-01-16
2093,Ian Brown,ian.brown1093@example.com,Mumbai,2024-03-20
2094,Oscar Wilson,oscar.wilson1094@example.com,Paris,2024-04-11
2095,Laura Gonzalez,laura.gonzalez1095@example.com,Mumbai,2023-10-07
2096,Tina Brown,tina.brown1096@example.com,Paris,2023-05-31
2097,Oscar Williams,oscar.williams1097@example.com,London,2023-04-06
2098,Fiona Lopez,fiona.lopez1098@example.com,Singapore,2023-03-03
2099,Michael Smith,michael.smith1099@example.com,Toronto,2023-05-23
2100,Rachel Jones,rachel.jones1100@example.com,,2023-03-24
2101,Sam Wilson,sam.wilson1101@example.com,Berlin,2023-01-03
2102,Kevin Davis,kevin.davis1102@example.com,Tokyo,2023-01-21
2103,Evan Anderson,evan.anderson1103@example.com,Sydney,2023-11-02
2104,Bob Gonzalez,bob.gonzalez1104@example.com,Mumbai,2024-03-07
2105,Julia Davis,julia.davis1105@example.com,Mumbai,2023-10-09
2106,Laura Johnson,laura.johnson1106@example.com,Sydney,2023-09-27
2107,Hannah Williams,hannah.williams1107@example.com,Singapore,2023-02-04
2108,Quinn Williams,quinn.williams1108@example.com,Toronto,2023-10-06
2109,Rachel Miller,rachel.miller1109@example.com,London,2023-06-28
2110,Hannah Anderson,hannah.anderson1110@example.com,Paris,2023-12-06
2111,Kevin Garcia,kevin.garcia1111@example.com,Sydney,2023-05-31
2112,George Gonzalez,george.gonzalez1112@example.com,Mumbai,2023-09-29
2113,Paula Rodriguez,paula.rodriguez1113@example.com,New York,2023-02-28
2114,Laura Davis,laura.davis1114@example.com,Paris,2024-04-08
2115,Tina Anderson,tina.anderson1115@example.com,Mumbai,2023-05-05
2116,Bob Hernandez,bob.hernandez1116@example.com,Sydney,2023-07-15
2117,Diana Miller,diana.miller1117@example.com,Berlin,2023-10-04
2118,Julia Smith,julia.smith1118@example.com,Singapore,2024-02-25
2119,Laura Rodriguez,laura.rodriguez1119@example.com,Singapore,2023-08-17
2120,Paula Smith,paula.smith1120@example.com,Berlin,2024-04-04
2121,George Garcia,george.garcia1121@example.com,Singapore,2023-02-12
2122,Diana Williams,diana.williams1122@example.com,Singapore,2023-10-01
2123,Alice Hernandez,alice.hernandez1123@example.com,London,2023-04-18
2124,George Wilson,george.wilson1124@example.com,Toronto,2024-03-03
2125,Diana Brown,diana.brown1125@example.com,,2024-02-29
2126,Nina Hernandez,nina.hernandez1126@example.com,London,2024-01-18
2127,Evan Smith,evan.smith1127@example.com,Chicago,2024-01-03
2128,Kevin Smith,kevin.smith1128@example.com,London,2023-02-07
2129,Bob Williams,bob.williams1129@example.com,Berlin,2023-10-13
2130,Charlie Martinez,charlie.martinez1130@example.com,Paris,2024-04-11
2131,Ian Miller,ian.miller1131@example.com,Toronto,2023-08-19
2132,Michael Miller,michael.miller1132@example.com,Sydney,2023-01-09
2133,Michael Hernandez,michael.hernandez1133@example.com,London,2023-10-01
2134,Alice Hernandez,alice.hernandez1134@example.com,Mumbai,2023-02-02
2135,Sam Smith,sam.smith1135@example.com,London,2023-07-03
2136,Quinn Johnson,quinn.johnson1136@example.com,Berlin,2024-02-07
2137,Julia Martinez,julia.martinez1137@example.com,London,2023-05-25
2138,Oscar Miller,oscar.miller1138@example.com,Toronto,2024-02-25
2139,Alice Davis,alice.davis1139@example.com,Tokyo,2023-10-01
2140,Hannah Williams,hannah.williams1140@example.com,Toronto,2024-02-12
2141,Rachel Jones,rachel.jones1141@example.com,Tokyo,2023-06-02
2142,Laura Smith,laura.smith1142@example.com,Singapore,2024-03-23
2143,Rachel Williams,rachel.williams1143@example.com,London,2023-01-22
2144,Alice Martinez,alice.martinez1144@example.com,Mumbai,2023-07-21
2145,Rachel Rodriguez,rachel.rodriguez1145@example.com,London,2023-06-06
2146,George Lopez,george.lopez1146@example.com,Sydney,2023-04-19
2147,Nina Anderson,nina.anderson1147@example.com,Singapore,2023-03-14
2148,Fiona Williams,fiona.williams1148@example.com,Paris,2023-11-12
2149,Ian Brown,ian.brown1149@example.com,London,2023-04-03
2150,Sam Wilson,sam.wilson1150@example.com,,2024-03-11
2151,Rachel Davis,rachel.davis1151@example.com,Singapore,2023-02-07
2152,Julia Hernandez,julia.hernandez1152@example.com,London,2023-05-09
2153,Diana Brown,diana.brown1153@example.com,Mumbai,2023-09-07
2154,Kevin Garcia,kevin.garcia1154@example.com,Tokyo,2023-12-10
2155,Hannah Johnson,hannah.johnson1155@example.com,Berlin,2023-11-14
2156,Charlie Anderson,charlie.anderson1156@example.com,Paris,2023-06-12
2157,Paula Davis,paula.davis1157@example.com,Sydney,2023-11-12
2158,Julia Lopez,julia.lopez1158@example.com,Mumbai,2023-03-20
2159,Sam Martinez,sam.martinez1159@example.com,Sydney,2024-02-18
2160,Kevin Miller,kevin.miller1160@example.com,Tokyo,2023-01-03
2161,Kevin Brown,kevin.brown1161@example.com,Paris,2023-12-31
2162,Nina Jones,nina.jones1162@example.com,Sydney,2023-03-10
2163,Kevin Anderson,kevin.anderson1163@example.com,Chicago,2023-08-25
2164,Oscar Garcia,oscar.garcia1164@example.com,Berlin,2023-09-07
2165,Rachel Johnson,rachel.johnson1165@example.com,Tokyo,2023-11-27
2166,Tina Johnson,tina.johnson1166@example.com,Berlin,2024-03-15
2167,Evan Anderson,evan.anderson1167@example.com,Singapore,2023-04-11
2168,Ian Lopez,ian.lopez1168@example.com,London,2024-01-08
2169,Charlie Anderson,charlie.anderson1169@example.com,New York,2024-03-10
2170,Quinn Hernandez,quinn.hernandez1170@example.com,New York,2024-02-21
2171,Sam Martinez,sam.martinez1171@example.com,Toronto,2024-01-29
2172,Sam Brown,sam.brown1172@example.com,New York,2023-10-10
2173,Ian Rodriguez,ian.rodriguez1173@example.com,Singapore,2023-08-30
2174,Evan Garcia,evan.garcia1174@example.com,Toronto,2023-04-25
2175,Sam Lopez,sam.lopez1175@example.com,,2023-03-10
2176,Oscar Rodriguez,oscar.rodriguez1176@example.com,Singapore,2023-02-16
2177,Michael Garcia,michael.garcia1177@example.com,Singapore,2023-01-06
2178,Hannah Wilson,hannah.wilson1178@example.com,Mumbai,2023-12-17
2179,Fiona Gonzalez,fiona.gonzalez1179@example.com,Singapore,2023-03-13
2180,Oscar Williams,oscar.williams1180@example.com,Tokyo,2023-10-17
2181,Sam Hernandez,sam.hernandez1181@example.com,Tokyo,2024-01-12
2182,Paula Garcia,paula.garcia1182@example.com,New York,2023-04-23
2183,Paula Brown,paula.brown1183@example.com,London,2023-05-16
2184,Laura Brown,laura.brown1184@example.com,New York,2023-12-09
2185,George Rodriguez,george.rodriguez1185@example.com,Sydney,2023-07-18
2186,Paula Anderson,paula.anderson1186@example.com,Chicago,2024-03-27
2187,Bob Smith,bob.smith1187@example.com,Sydney,2023-02-22
2188,Quinn Hernandez,quinn.hernandez1188@example.com,Berlin,2024-03-03
2189,Ian Martinez,ian.martinez1189@example.com,Singapore,2023-10-19
2190,Fiona Miller,fiona.miller1190@example.com,Toronto,2023-07-07
2191,Sam Hernandez,sam.hernandez1191@example.com,London,2023-09-22
2192,Ian Miller,ian.miller1192@example.com,Paris,2023-09-22
2193,Michael Garcia,michael.garcia1193@example.com,Sydney,2023-09-07
2194,Paula Anderson,paula.anderson1194@example.com,Mumbai,2023-01-04
2195,Quinn Anderson,quinn.anderson1195@example.com,Tokyo,2023-08-14
2196,Fiona Brown,fiona.brown1196@example.com,London,2023-09-21
2197,Ian Brown,ian.brown1197@example.com,Tokyo,2023-04-06
2198,Fiona Garcia,fiona.garcia1198@example.com,Mumbai,2024-01-03
2199,Diana Hernandez,diana.hernandez1199@example.com,Paris,2023-08-01
2200,Kevin Lopez,kevin.lopez1200@example.com,,2023-09-04
2201,Paula Davis,paula.davis1201@example.com,Paris,2023-10-30
2202,Fiona Hernandez,fiona.hernandez1202@example.com,Toronto,2023-01-12
2203,Hannah Smith,hannah.smith1203@example.com,Tokyo,2023-10-21
2204,Sam Williams,sam.williams1204@example.com,Tokyo,2023-11-19
2205,Quinn Smith,quinn.smith1205@example.com,Mumbai,2023-03-17
2206,Bob Williams,bob.williams1206@example.com,Berlin,2024-04-17
2207,Fiona Rodriguez,fiona.rodriguez1207@example.com,Toronto,2023-11-03
2208,Sam Hernandez,sam.hernandez1208@example.com,New York,2024-03-25
2209,Julia Johnson,julia.johnson1209@example.com,Paris,2023-08-18
2210,Tina Davis,tina.davis1210@example.com,Chicago,2023-03-29
2211,Hannah Wilson,hannah.wilson1211@example.com,Toronto,2023-11-04
2212,Evan Gonzalez,evan.gonzalez1212@example.com,Mumbai,2024-02-25
2213,Fiona Martinez,fiona.martinez1213@example.com,Singapore,2023-05-16
2214,Fiona Lopez,fiona.lopez1214@example.com,Sydney,2024-04-17
2215,Oscar Martinez,oscar.martinez1215@example.com,Mumbai,2023-02-05
2216,Hannah Miller,hannah.miller1216@example.com,Toronto,2023-03-09
2217,Diana Smith,diana.smith1217@example.com,Paris,2023-09-25
2218,Quinn Hernandez,quinn.hernandez1218@example.com,Toronto,2024-02-28
2219,Evan Martinez,evan.martinez1219@example.com,London,2023-04-01
2220,Paula Anderson,paula.anderson1220@example.com,Mumbai,2023-11-04
2221,Bob Anderson,bob.anderson1221@example.com,Singapore,2023-09-15
2222,Diana Johnson,diana.johnson1222@example.com,Chicago,2023-12-04
2223,Evan Anderson,evan.anderson1223@example.com,Mumbai,2023-10-04
2224,Alice Anderson,alice.anderson1224@example.com,Toronto,2023-09-25
2225,Nina Garcia,nina.garcia1225@example.com,,2023-12-24
2226,Quinn Miller,quinn.miller1226@example.com,Paris,2024-04-25
2227,Paula Gonzalez,paula.gonzalez1227@example.com,Toronto,2023-06-29
2228,Sam Gonzalez,sam.gonzalez1228@example.com,Mumbai,2023-02-20
2229,Nina Williams,nina.williams1229@example.com,Berlin,2023-09-02
2230,Hannah Anderson,hannah.anderson1230@example.com,London,2023-05-26
2231,Tina Anderson,tina.anderson1231@example.com,Singapore,2023-07-29
2232,Ian Brown,ian.brown1232@example.com,New York,2023-12-30
2233,Alice Martinez,alice.martinez1233@example.com,Singapore,2023-03-02
2234,Quinn Smith,quinn.smith1234@example.com,Toronto,2023-12-02
2235,George Lopez,george.lopez1235@example.com,Sydney,2023-07-29
2236,Laura Johnson,laura.johnson1236@example.com,Tokyo,2023-08-07
2237,Sam Jones,sam.jones1237@example.com,Berlin,2024-03-13
2238,Rachel Miller,rachel.miller1238@example.com,Mumbai,2023-07-07
2239,Tina Jones,tina.jones1239@example.com,Toronto,2024-01-22
2240,George Miller,george.miller1240@example.com,Singapore,2024-02-06
2241,Rachel Davis,rachel.davis1241@example.com,Tokyo,2023-07-09
2242,Rachel Rodriguez,rachel.rodriguez1242@example.com,Chicago,2023-05-10
2243,Julia Martinez,julia.martinez1243@example.com,Sydney,2024-02-01
2244,Michael Lopez,michael.lopez1244@example.com,Tokyo,2024-03-13
2245,Diana Lopez,diana.lopez1245@example.com,Paris,2023-08-17
2246,Fiona Johnson,fiona.johnson1246@example.com,Paris,2023-09-18
2247,Michael Gonzalez,michael.gonzalez1247@example.com,Sydney,2024-02-15
2248,Rachel Martinez,rachel.martinez1248@example.com,New York,2023-03-24
2249,Michael Hernandez,michael.hernandez1249@example.com,New York,2024-02-16
2250,Charlie Wilson,charlie.wilson1250@example.com,,2023-08-30
2251,Tina Miller,tina.miller1251@example.com,London,2023-02-02
2252,Ian Brown,ian.brown1252@example.com,Sydney,2023-02-10
2253,Tina Smith,tina.smith1253@example.com,Toronto,2024-04-21
2254,Michael Martinez,michael.martinez1254@example.com,Singapore,2023-05-27
2255,Tina Smith,tina.smith1255@example.com,Tokyo,2023-11-24
2256,Paula Davis,paula.davis1256@example.com,New York,2023-04-14
2257,Quinn Jones,quinn.jones1257@example.com,Paris,2023-01-18
2258,Tina Rodriguez,tina.rodriguez1258@example.com,Singapore,2023-12-24
2259,Hannah Martinez,hannah.martinez1259@example.com,Tokyo,2023-12-12
2260,Bob Garcia,bob.garcia1260@example.com,Paris,2023-12-02
2261,Alice Williams,alice.williams1261@example.com,London,2023-05-22
2262,Michael Garcia,michael.garcia1262@example.com,Toronto,2023-07-27
2263,Sam Brown,sam.brown1263@example.com,Singapore,2023-01-08
2264,Charlie Anderson,charlie.anderson1264@example.com,London,2023-10-09
2265,Julia Lopez,julia.lopez1265@example.com,Singapore,2024-04-13
2266,Sam Garcia,sam.garcia1266@example.com,Sydney,2024-05-08
2267,Ian Brown,ian.brown1267@example.com,Mumbai,2024-05-08
2268,George Davis,george.davis1268@example.com,Toronto,2023-10-22
2269,Alice Jones,alice.jones1269@example.com,Tokyo,2023-07-28
2270,Quinn Johnson,quinn.johnson1270@example.com,Singapore,2023-02-07
2271,Quinn Jones,quinn.jones1271@example.com,Sydney,2024-04-29
2272,Diana Gonzalez,diana.gonzalez1272@example.com,Singapore,2024-05-04
2273,Ian Anderson,ian.anderson1273@example.com,Singapore,2024-02-21
2274,Sam Jones,sam.jones1274@example.com,Chicago,2024-05-09
2275,Michael Martinez,michael.martinez1275@example.com,,2024-01-30
2276,Hannah Gonzalez,hannah.gonzalez1276@example.com,Sydney,2024-05-07
2277,Oscar Hernandez,oscar.hernandez1277@example.com,Chicago,2024-04-04
2278,Sam Wilson,sam.wilson1278@example.com,New York,2023-09-04
2279,Diana Jones,diana.jones1279@example.com,London,2023-07-15
2280,Hannah Hernandez,hannah.hernandez1280@example.com,Paris,2024-02-14
2281,Kevin Miller,kevin.miller1281@example.com,Sydney,2023-09-22
2282,Rachel Smith,rachel.smith1282@example.com,Berlin,2023-05-08
2283,Julia Johnson,julia.johnson1283@example.com,Toronto,2023-12-11
2284,Kevin Johnson,kevin.johnson1284@example.com,Singapore,2024-04-21
2285,Fiona Davis,fiona.davis1285@example.com,Sydney,2023-07-01
2286,George Anderson,george.anderson1286@example.com,Mumbai,2023-05-18
2287,Fiona Lopez,fiona.lopez1287@example.com,Paris,2023-09-13
2288,George Brown,george.brown1288@example.com,Paris,2024-03-22
2289,Ian Brown,ian.brown1289@example.com,Paris,2023-04-14
2290,Hannah Wilson,hannah.wilson1290@example.com,Mumbai,2023-07-02
2291,Evan Gonzalez,evan.gonzalez1291@example.com,London,2023-03-03
2292,Charlie Hernandez,charlie.hernandez1292@example.com,Chicago,2023-11-11
2293,Alice Gonzalez,alice.gonzalez1293@example.com,Singapore,2024-05-05
2294,Bob Wilson,bob.wilson1294@example.com,Chicago,2023-07-10
2295,Tina Garcia,tina.garcia1295@example.com,Chicago,2024-04-04
2296,Sam Wilson,sam.wilson1296@example.com,Berlin,2023-09-09
2297,Fiona Gonzalez,fiona.gonzalez1297@example.com,Singapore,2023-05-24
2298,Michael Brown,michael.brown1298@example.com,Mumbai,2023-03-07
2299,Bob Rodriguez,bob.rodriguez1299@example.com,Toronto,2023-09-02
2300,Rachel Smith,rachel.smith1300@example.com,,2023-06-27
2301,Michael Wilson,michael.wilson1301@example.com,Tokyo,2023-08-23
2302,Diana Lopez,diana.lopez1302@example.com,Singapore,2023-08-24
2303,Kevin Lopez,kevin.lopez1303@example.com,New York,2023-01-07
2304,George Miller,george.miller1304@example.com,Mumbai,2023-02-21
2305,Kevin Garcia,kevin.garcia1305@example.com,Mumbai,2024-03-17
2306,Ian Williams,ian.williams1306@example.com,Singapore,2023-05-15
2307,Hannah Jones,hannah.jones1307@example.com,Chicago,2024-05-05
2308,Tina Garcia,tina.garcia1308@example.com,Sydney,2023-04-05
2309,Paula Miller,paula.miller1309@example.com,Paris,2023-08-03
2310,Laura Garcia,laura.garcia1310@example.com,Toronto,2023-05-24
2311,Oscar Williams,oscar.williams1311@example.com,Mumbai,2023-03-09
2312,Sam Hernandez,sam.hernandez1312@example.com,Paris,2024-02-21
2313,Diana Lopez,diana.lopez1313@example.com,Berlin,2024-02-16
2314,Hannah Rodriguez,hannah.rodriguez1314@example.com,Toronto,2024-03-14
2315,Michael Brown,michael.brown1315@example.com,Tokyo,2024-02-14
2316,Evan Davis,evan.davis1316@example.com,New York,2023-04-01
2317,Nina Davis,nina.davis1317@example.com,Tokyo,2024-04-02
2318,Quinn Rodriguez,quinn.rodriguez1318@example.com,Sydney,2024-02-07
2319,Paula Jones,paula.jones1319@example.com,Berlin,2023-10-15
2320,Sam Smith,sam.smith1320@example.com,Toronto,2023-02-20
2321,Fiona Smith,fiona.smith1321@example.com,Paris,2024-02-21
2322,Ian Davis,ian.davis1322@example.com,London,2023-08-19
2323,Kevin Jones,kevin.jones1323@example.com,Sydney,2023-07-04
2324,Rachel Rodriguez,rachel.rodriguez1324@example.com,Berlin,2023-06-26
2325,Alice Miller,alice.miller1325@example.com,,2023-06-29
2326,Tina Brown,tina.brown1326@example.com,Mumbai,2023-10-22
2327,Rachel Williams,rachel.williams1327@example.com,Berlin,2023-07-01
2328,Kevin Hernandez,kevin.hernandez1328@example.com,Singapore,2023-09-07
2329,Oscar Anderson,oscar.anderson1329@example.com,London,2023-07-15
2330,Tina Jones,tina.jones1330@example.com,Chicago,2023-11-20
2331,Evan Wilson,evan.wilson1331@example.com,Tokyo,2023-11-24
2332,Kevin Miller,kevin.miller1332@example.com,Mumbai,2023-10-20
2333,Michael Wilson,michael.wilson1333@example.com,London,2023-02-10
2334,Fiona Garcia,fiona.garcia1334@example.com,Paris,2023-06-10
2335,Kevin Hernandez,kevin.hernandez1335@example.com,Berlin,2023-12-30
2336,Ian Martinez,ian.martinez1336@example.com,Toronto,2023-05-19
2337,Oscar Gonzalez,oscar.gonzalez1337@example.com,Sydney,2024-01-18
2338,Sam Rodriguez,sam.rodriguez1338@example.com,Chicago,2023-07-31
2339,Fiona Williams,fiona.williams1339@example.com,New York,2023-03-06
2340,Hannah Hernandez,hannah.hernandez1340@example.com,Berlin,2024-04-26
2341,Charlie Brown,charlie.brown1341@example.com,Tokyo,2023-07-23
2342,Diana Johnson,diana.johnson1342@example.com,London,2024-04-24
2343,Paula Rodriguez,paula.rodriguez1343@example.com,New York,2023-01-14
2344,Michael Rodriguez,michael.rodriguez1344@example.com,London,2023-02-23
2345,Ian Martinez,ian.martinez1345@example.com,Tokyo,2023-02-13
2346,Michael Jones,michael.jones1346@example.com,Paris,2023-05-07
2347,Julia Davis,julia.davis1347@example.com,Tokyo,2023-03-09
2348,Quinn Wilson,quinn.wilson1348@example.com,Tokyo,2023-01-15
2349,Bob Hernandez,bob.hernandez1349@example.com,Sydney,2024-03-16
2350,Kevin Wilson,kevin.wilson1350@example.com,,2023-08-28
2351,Rachel Anderson,rachel.anderson1351@example.com,Berlin,2023-10-08
2352,Oscar Williams,oscar.williams1352@example.com,Singapore,2023-04-01
2353,Sam Martinez,sam.martinez1353@example.com,Chicago,2023-11-20
2354,Sam Miller,sam.miller1354@example.com,Singapore,2023-11-24
2355,Rachel Jones,rachel.jones1355@example.com,Sydney,2023-09-04
2356,Rachel Brown,rachel.brown1356@example.com,London,2023-08-15
2357,Julia Garcia,julia.garcia1357@example.com,Toronto,2023-05-14
2358,Evan Jones,evan.jones1358@example.com,New York,2023-01-01
2359,Quinn Wilson,quinn.wilson1359@example.com,Tokyo,2023-06-26
2360,Julia Davis,julia.davis1360@example.com,Singapore,2023-01-05
2361,Paula Gonzalez,paula.gonzalez1361@example.com,Chicago,2023-06-03
2362,Alice Gonzalez,alice.gonzalez1362@example.com,Toronto,2024-02-13
2363,Julia Martinez,julia.martinez1363@example.com,Paris,2024-02-12
2364,Alice Rodriguez,alice.rodriguez1364@example.com,Sydney,2023-04-07
2365,Nina Anderson,nina.anderson1365@example.com,Singapore,2023-08-12
2366,Michael Brown,michael.brown1366@example.com,Tokyo,2024-01-02
2367,Michael Wilson,michael.wilson1367@example.com,Toronto,2023-04-23
2368,Ian Johnson,ian.johnson1368@example.com,Toronto,2023-11-17
2369,Hannah Rodriguez,hannah.rodriguez1369@example.com,Mumbai,2024-02-18
2370,Ian Jones,ian.jones1370@example.com,Singapore,2024-02-19
2371,Ian Miller,ian.miller1371@example.com,Paris,2024-03-12
2372,Charlie Williams,charlie.williams1372@example.com,Tokyo,2023-05-29
2373,Diana Hernandez,diana.hernandez1373@example.com,Chicago,2023-11-13
2374,Oscar Jones,oscar.jones1374@example.com,Mumbai,2023-09-09
2375,George Garcia,george.garcia1375@example.com,,2023-03-19
2376,Bob Rodriguez,bob.rodriguez1376@example.com,New York,2023-04-06
2377,Diana Jones,diana.jones1377@example.com,Berlin,2023-03-06
2378,Oscar Lopez,oscar.lopez1378@example.com,New York,2023-04-30
2379,Charlie Williams,charlie.williams1379@example.com,New York,2023-09-10
2380,George Garcia,george.garcia1380@example.com,Toronto,2023-06-09
2381,Paula Garcia,paula.garcia1381@example.com,Chicago,2023-12-23
2382,Bob Garcia,bob.garcia1382@example.com,London,2024-03-07
2383,Evan Smith,evan.smith1383@example.com,Berlin,2024-02-02
2384,Michael Johnson,michael.johnson1384@example.com,Singapore,2023-08-29
2385,Fiona Brown,fiona.brown1385@example.com,Berlin,2024-02-23
2386,Michael Wilson,michael.wilson1386@example.com,New York,2023-03-04
2387,Hannah Miller,hannah.miller1387@example.com,Chicago,2023-05-07
2388,Bob Brown,bob.brown1388@example.com,Chicago,2024-01-12
2389,Diana Rodriguez,diana.rodriguez1389@example.com,Paris,2023-08-31
2390,Michael Hernandez,michael.hernandez1390@example.com,Berlin,2024-04-24
2391,Kevin Williams,kevin.williams1391@example.com,New York,2024-01-17
2392,Rachel Rodriguez,rachel.rodriguez1392@example.com,London,2023-05-10
2393,Paula Hernandez,paula.hernandez1393@example.com,Berlin,2023-04-12
2394,Laura Anderson,laura.anderson1394@example.com,New York,2024-03-18
2395,George Johnson,george.johnson1395@example.com,Paris,2023-11-21
2396,Nina Garcia,nina.garcia1396@example.com,New York,2023-03-27
2397,Ian Martinez,ian.martinez1397@example.com,London,2023-07-22
2398,Hannah Smith,hannah.smith1398@example.com,New York,2023-10-25
2399,Paula Lopez,paula.lopez1399@example.com,Mumbai,2023-03-21
2400,Laura Gonzalez,laura.gonzalez1400@example.com,,2023-05-08
2401,Fiona Davis,fiona.davis1401@example.com,London,2023-12-18
2402,Tina Garcia,tina.garcia1402@example.com,New York,2023-01-31
2403,Laura Hernandez,laura.hernandez1403@example.com,Tokyo,2023-12-26
2404,Rachel Gonzalez,rachel.gonzalez1404@example.com,London,2023-03-06
2405,Paula Brown,paula.brown1405@example.com,Sydney,2023-10-13
2406,Laura Gonzalez,laura.gonzalez1406@example.com,Chicago,2024-01-11
2407,George Smith,george.smith1407@example.com,Toronto,2023-07-03
2408,Evan Jones,evan.jones1408@example.com,New York,2023-09-06
2409,Oscar Rodriguez,oscar.rodriguez1409@example.com,Berlin,2023-10-05
2410,Paula Brown,paula.brown1410@example.com,Mumbai,2023-04-06
2411,Rachel Garcia,rachel.garcia1411@example.com,Sydney,2024-01-10
2412,Oscar Jones,oscar.jones1412@example.com,Mumbai,2024-04-13
2413,Rachel Williams,rachel.williams1413@example.com,London,2023-09-29
2414,Evan Davis,evan.davis1414@example.com,Berlin,2024-02-24
2415,Ian Rodriguez,ian.rodriguez1415@example.com,Sydney,2023-08-21
2416,Alice Gonzalez,alice.gonzalez1416@example.com,Singapore,2023-07-14
2417,Fiona Anderson,fiona.anderson1417@example.com,New York,2023-11-14
2418,Laura Gonzalez,laura.gonzalez1418@example.com,Mumbai,2023-05-03
2419,Kevin Lopez,kevin.lopez1419@example.com,London,2023-12-04
2420,Rachel Wilson,rachel.wilson1420@example.com,Toronto,2023-04-08
2421,Quinn Hernandez,quinn.hernandez1421@example.com,Chicago,2024-01-28
2422,Rachel Williams,rachel.williams1422@example.com,Mumbai,2023-05-25
2423,Kevin Miller,kevin.miller1423@example.com,Sydney,2023-02-26
2424,Diana Rodriguez,diana.rodriguez1424@example.com,London,2023-01-23
2425,Evan Williams,evan.williams1425@example.com,,2023-04-14
2426,Diana Davis,diana.davis1426@example.com,Paris,2023-02-20
2427,Bob Martinez,bob.martinez1427@example.com,Toronto,2023-12-03
2428,Paula Rodriguez,paula.rodriguez1428@example.com,Mumbai,2023-12-26
2429,Sam Jones,sam.jones1429@example.com,New York,2023-07-07
2430,Hannah Martinez,hannah.martinez1430@example.com,London,2023-01-07
2431,George Hernandez,george.hernandez1431@example.com,Chicago,2024-04-20
2432,Charlie Davis,charlie.davis1432@example.com,New York,2023-07-04
2433,Rachel Lopez,rachel.lopez1433@example.com,Toronto,2024-02-25
2434,Laura Gonzalez,laura.gonzalez1434@example.com,New York,2024-02-26
2435,Tina Jones,tina.jones1435@example.com,Singapore,2023-01-21
2436,Charlie Wilson,charlie.wilson1436@example.com,Berlin,2023-02-09
2437,George Rodriguez,george.rodriguez1437@example.com,London,2023-02-21
2438,Hannah Rodriguez,hannah.rodriguez1438@example.com,Toronto,2023-04-08
2439,George Rodriguez,george.rodriguez1439@example.com,Paris,2023-10-19
2440,Fiona Rodriguez,fiona.rodriguez1440@example.com,Singapore,2023-08-01
2441,Diana Gonzalez,diana.gonzalez1441@example.com,Mumbai,2023-07-03
2442,Oscar Lopez,oscar.lopez1442@example.com,Toronto,2024-03-28
2443,Diana Williams,diana.williams1443@example.com,Tokyo,2023-10-09
2444,Michael Rodriguez,michael.rodriguez1444@example.com,Sydney,2023-12-03
2445,Fiona Rodriguez,fiona.rodriguez1445@example.com,Mumbai,2023-08-15
2446,Laura Anderson,laura.anderson1446@example.com,Sydney,2023-10-09
2447,Kevin Wilson,kevin.wilson1447@example.com,Sydney,2023-07-31
2448,Nina Wilson,nina.wilson1448@example.com,Sydney,2023-11-08
2449,Hannah Martinez,hannah.martinez1449@example.com,Singapore,2023-04-20
2450,Michael Gonzalez,michael.gonzalez1450@example.com,,2024-04-19
2451,Ian Garcia,ian.garcia1451@example.com,Chicago,2023-08-18
2452,Michael Smith,michael.smith1452@example.com,New York,2023-05-26
2453,Tina Smith,tina.smith1453@example.com,Singapore,2023-03-11
2454,Julia Smith,julia.smith1454@example.com,Berlin,2023-04-24
2455,George Wilson,george.wilson1455@example.com,Sydney,2023-01-12
2456,Ian Anderson,ian.anderson1456@example.com,Singapore,2023-09-19
2457,Rachel Martinez,rachel.martinez1457@example.com,Mumbai,2023-03-21
2458,Diana Smith,diana.smith1458@example.com,Chicago,2023-07-02
2459,Evan Williams,evan.williams1459@example.com,Berlin,2023-07-07
2460,Sam Brown,sam.brown1460@example.com,Paris,2023-05-12
2461,Julia Johnson,julia.johnson1461@example.com,Mumbai,2023-07-24
2462,Sam Anderson,sam.anderson1462@example.com,Paris,2024-01-11
2463,Charlie Lopez,charlie.lopez1463@example.com,Sydney,2024-02-10
2464,Paula Williams,paula.williams1464@example.com,Chicago,2024-02-27
2465,Sam Wilson,sam.wilson1465@example.com,London,2023-11-01
2466,Julia Smith,julia.smith1466@example.com,Mumbai,2023-07-15
2467,Charlie Gonzalez,charlie.gonzalez1467@example.com,New York,2024-04-16
2468,Kevin Garcia,kevin.garcia1468@example.com,Toronto,2023-08-02
2469,Diana Wilson,diana.wilson1469@example.com,Paris,2024-01-18
2470,Tina Anderson,tina.anderson1470@example.com,New York,2023-11-21
2471,Michael Smith,michael.smith1471@example.com,Berlin,2023-09-26
2472,Bob Garcia,bob.garcia1472@example.com,Singapore,2023-10-17
2473,Evan Garcia,evan.garcia1473@example.com,Singapore,2023-12-24
2474,Hannah Williams,hannah.williams1474@example.com,New York,2023-12-11
2475,Michael Davis,michael.davis1475@example.com,,2023-10-22
2476,Quinn Johnson,quinn.johnson1476@example.com,Paris,2023-08-10
2477,Julia Gonzalez,julia.gonzalez1477@example.com,Toronto,2023-03-17
2478,Evan Garcia,evan.garcia1478@example.com,London,2023-09-01
2479,Sam Lopez,sam.lopez1479@example.com,New York,2023-10-08
2480,Michael Jones,michael.jones1480@example.com,London,2023-07-24
2481,Quinn Miller,quinn.miller1481@example.com,Tokyo,2024-01-26
2482,Evan Davis,evan.davis1482@example.com,Singapore,2023-04-12
2483,Paula Miller,paula.miller1483@example.com,Mumbai,2023-04-11
2484,Rachel Martinez,rachel.martinez1484@example.com,Singapore,2023-05-07
2485,Hannah Johnson,hannah.johnson1485@example.com,Berlin,2024-02-02
2486,Nina Garcia,nina.garcia1486@example.com,Mumbai,2023-02-15
2487,Diana Hernandez,diana.hernandez1487@example.com,Toronto,2023-08-05
2488,Laura Garcia,laura.garcia1488@example.com,Paris,2023-06-14
2489,Laura Martinez,laura.martinez1489@example.com,New York,2024-01-30
2490,Julia Williams,julia.williams1490@example.com,Sydney,2023-11-12
2491,Oscar Martinez,oscar.martinez1491@example.com,Tokyo,2023-08-14
2492,Bob Anderson,bob.anderson1492@example.com,Paris,2023-04-13
2493,Laura Williams,laura.williams1493@example.com,London,2023-02-27
2494,Bob Brown,bob.brown1494@example.com,Mumbai,2024-04-19
2495,Evan Wilson,evan.wilson1495@example.com,Berlin,2023-01-08
2496,Kevin Lopez,kevin.lopez1496@example.com,London,2023-06-06
2497,Oscar Davis,oscar.davis1497@example.com,New York,2023-06-19
2498,George Lopez,george.lopez1498@example.com,Singapore,2023-04-19
2499,George Rodriguez,george.rodriguez1499@example.com,Singapore,2024-01-20
2500,Ian Rodriguez,ian.rodriguez1500@example.com,,2023-11-15
2501,Evan Lopez,evan.lopez1501@example.com,New York,2023-07-12
2502,Sam Anderson,sam.anderson1502@example.com,Singapore,2023-01-23
2503,Ian Williams,ian.williams1503@example.com,New York,2023-05-26
2504,George Gonzalez,george.gonzalez1504@example.com,Mumbai,2023-05-19
2505,Bob Davis,bob.davis1505@example.com,New York,2023-02-04
2506,Michael Hernandez,michael.hernandez1506@example.com,Berlin,2023-12-06
2507,Laura Wilson,laura.wilson1507@example.com,London,2023-01-10
2508,Julia Wilson,julia.wilson1508@example.com,Toronto,2023-04-29
2509,Michael Rodriguez,michael.rodriguez1509@example.com,London,2024-04-07
2510,Kevin Davis,kevin.davis1510@example.com,Mumbai,2023-09-30
2511,Charlie Williams,charlie.williams1511@example.com,Paris,2023-09-14
2512,Oscar Rodriguez,oscar.rodriguez1512@example.com,New York,2023-01-21
2513,Hannah Anderson,hannah.anderson1513@example.com,Singapore,2023-06-06
2514,Kevin Davis,kevin.davis1514@example.com,Toronto,2024-01-17
2515,Fiona Smith,fiona.smith1515@example.com,Sydney,2023-12-17
2516,Laura Garcia,laura.garcia1516@example.com,Berlin,2023-05-01
2517,Quinn Jones,quinn.jones1517@example.com,New York,2023-11-17
2518,Ian Anderson,ian.anderson1518@example.com,Toronto,2024-03-31
2519,Alice Rodriguez,alice.rodriguez1519@example.com,Berlin,2023-04-26
2520,Evan Garcia,evan.garcia1520@example.com,Toronto,2023-12-03
2521,Evan Johnson,evan.johnson1521@example.com,Toronto,2023-09-24
2522,Tina Wilson,tina.wilson1522@example.com,Paris,2023-08-02
2523,Hannah Martinez,hannah.martinez1523@example.com,Tokyo,2023-08-07
2524,Julia Anderson,julia.anderson1524@example.com,Mumbai,2023-06-18
2525,Oscar Rodriguez,oscar.rodriguez1525@example.com,,2023-04-16
2526,Evan Martinez,evan.martinez1526@example.com,Singapore,2023-12-17
2527,George Wilson,george.wilson1527@example.com,Tokyo,2023-06-08
2528,Quinn Anderson,quinn.anderson1528@example.com,Tokyo,2023-08-09
2529,Evan Hernandez,evan.hernandez1529@example.com,Mumbai,2024-04-14
2530,Fiona Garcia,fiona.garcia1530@example.com,London,2023-10-13
2531,Rachel Lopez,rachel.lopez1531@example.com,London,2023-04-05
2532,Kevin Wilson,kevin.wilson1532@example.com,Tokyo,2024-01-08
2533,Alice Gonzalez,alice.gonzalez1533@example.com,Sydney,2024-03-26
2534,Nina Miller,nina.miller1534@example.com,Berlin,2023-08-15
2535,Ian Williams,ian.williams1535@example.com,Paris,2023-02-24
2536,Evan Williams,evan.williams1536@example.com,New York,2024-01-26
2537,Tina Martinez,tina.martinez1537@example.com,Berlin,2023-11-07
2538,Sam Martinez,sam.martinez1538@example.com,Paris,2023-11-02
2539,Hannah Brown,hannah.brown1539@example.com,New York,2023-07-03
2540,Charlie Lopez,charlie.lopez1540@example.com,Chicago,2023-03-10
2541,Quinn Wilson,quinn.wilson1541@example.com,Mumbai,2023-08-29
2542,Laura Williams,laura.williams1542@example.com,Toronto,2023-09-09
2543,Paula Williams,paula.williams1543@example.com,Tokyo,2023-04-09
2544,Hannah Smith,hannah.smith1544@example.com,Toronto,2024-01-27
2545,Alice Anderson,alice.anderson1545@example.com,Berlin,2024-05-01
2546,Nina Brown,nina.brown1546@example.com,Paris,2024-01-23
2547,George Johnson,george.johnson1547@example.com,Tokyo,2024-04-19
2548,Oscar Wilson,oscar.wilson1548@example.com,Mumbai,2023-09-08
2549,Kevin Wilson,kevin.wilson1549@example.com,Chicago,2024-03-30
2550,Hannah Miller,hannah.miller1550@example.com,,2024-02-02
2551,Bob Martinez,bob.martinez1551@example.com,Toronto,2024-01-04
2552,Kevin Miller,kevin.miller1552@example.com,Mumbai,2024-04-25
2553,Sam Martinez,sam.martinez1553@example.com,Singapore,2023-09-26
2554,Bob Rodriguez,bob.rodriguez1554@example.com,London,2023-08-20
2555,Oscar Wilson,oscar.wilson1555@example.com,New York,2024-03-25
2556,Hannah Rodriguez,hannah.rodriguez1556@example.com,Singapore,2023-07-22
2557,Bob Rodriguez,bob.rodriguez1557@example.com,Toronto,2023-09-22
2558,Bob Brown,bob.brown1558@example.com,Berlin,2023-08-14
2559,Michael Anderson,michael.anderson1559@example.com,Berlin,2024-02-01
2560,Julia Davis,julia.davis1560@example.com,Tokyo,2023-08-05
2561,Julia Martinez,julia.martinez1561@example.com,New York,2023-12-20
2562,Quinn Anderson,quinn.anderson1562@example.com,Tokyo,2023-08-26
2563,Oscar Johnson,oscar.johnson1563@example.com,Singapore,2023-02-27
2564,Fiona Gonzalez,fiona.gonzalez1564@example.com,Mumbai,2024-04-25
2565,Rachel Williams,rachel.williams1565@example.com,Toronto,2023-07-31
2566,Kevin Davis,kevin.davis1566@example.com,New York,2023-04-02
2567,Oscar Martinez,oscar.martinez1567@example.com,Paris,2024-03-27
2568,Oscar Johnson,oscar.johnson1568@example.com,Berlin,2023-06-15
2569,Fiona Lopez,fiona.lopez1569@example.com,London,2023-02-16
2570,Diana Lopez,diana.lopez1570@example.com,Chicago,2023-11-21
2571,Laura Johnson,laura.johnson1571@example.com,Singapore,2023-12-29
2572,Michael Lopez,michael.lopez1572@example.com,Singapore,2023-11-10
2573,Fiona Miller,fiona.miller1573@example.com,Singapore,2023-07-14
2574,Bob Gonzalez,bob.gonzalez1574@example.com,Tokyo,2024-04-12
2575,Kevin Martinez,kevin.martinez1575@example.com,,2023-03-25
2576,Evan Williams,evan.williams1576@example.com,New York,2023-08-03
2577,Julia Jones,julia.jones1577@example.com,Chicago,2023-05-28
2578,Fiona Johnson,fiona.johnson1578@example.com,Tokyo,2024-05-06
2579,George Smith,george.smith1579@example.com,Mumbai,2024-01-27
2580,Ian Smith,ian.smith1580@example.com,Chicago,2023-09-12
2581,Paula Rodriguez,paula.rodriguez1581@example.com,New York,2023-11-08
2582,Paula Brown,paula.brown1582@example.com,Paris,2023-10-29
2583,Paula Davis,paula.davis1583@example.com,Toronto,2023-08-15
2584,Charlie Martinez,charlie.martinez1584@example.com,Mumbai,2023-01-04
2585,Hannah Anderson,hannah.anderson1585@example.com,Singapore,2023-05-23
2586,Tina Hernandez,tina.hernandez1586@example.com,Singapore,2024-02-24
2587,George Smith,george.smith1587@example.com,Tokyo,2023-03-17
2588,Bob Hernandez,bob.hernandez1588@example.com,Sydney,2023-01-19
2589,Evan Wilson,evan.wilson1589@example.com,New York,2023-12-08
2590,Sam Wilson,sam.wilson1590@example.com,Mumbai,2023-06-02
2591,Kevin Anderson,kevin.anderson1591@example.com,London,2023-01-26
2592,Diana Miller,diana.miller1592@example.com,Tokyo,2023-03-24
2593,Julia Martinez,julia.martinez1593@example.com,Mumbai,2023-10-21
2594,Rachel Williams,rachel.williams1594@example.com,Chicago,2024-01-19
2595,Sam Garcia,sam.garcia1595@example.com,New York,2023-02-17
2596,Julia Garcia,julia.garcia1596@example.com,Sydney,2024-04-04
2597,Michael Wilson,michael.wilson1597@example.com,London,2024-01-24
2598,Nina Wilson,nina.wilson1598@example.com,Singapore,2023-02-03
2599,Julia Davis,julia.davis1599@example.com,Tokyo,2023-03-04
2600,Ian Garcia,ian.garcia1600@example.com,,2023-07-31
2601,Quinn Brown,quinn.brown1601@example.com,Paris,2023-11-10
2602,Bob Johnson,bob.johnson1602@example.com,Mumbai,2024-01-09
2603,Quinn Johnson,quinn.johnson1603@example.com,Chicago,2024-01-06
2604,Tina Anderson,tina.anderson1604@example.com,Berlin,2023-08-07
2605,Tina Wilson,tina.wilson1605@example.com,Sydney,2023-05-13
2606,Quinn Martinez,quinn.martinez1606@example.com,Mumbai,2023-07-01
2607,Evan Martinez,evan.martinez1607@example.com,Mumbai,2023-09-12
2608,Quinn Lopez,quinn.lopez1608@example.com,Chicago,2023-09-10
2609,Fiona Anderson,fiona.anderson1609@example.com,Mumbai,2023-04-30
2610,Julia Brown,julia.brown1610@example.com,New York,2023-03-02
2611,Alice Davis,alice.davis1611@example.com,London,2024-01-13
2612,George Gonzalez,george.gonzalez1612@example.com,Mumbai,2023-08-01
2613,Nina Smith,nina.smith1613@example.com,Sydney,2023-06-29
2614,Rachel Gonzalez,rachel.gonzalez1614@example.com,Paris,2023-01-06
2615,George Lopez,george.lopez1615@example.com,Berlin,2023-05-11
2616,Charlie Jones,charlie.jones1616@example.com,Berlin,2023-09-17
2617,Rachel Garcia,rachel.garcia1617@example.com,New York,2023-02-28
2618,Kevin Garcia,kevin.garcia1618@example.com,Toronto,2024-01-06
2619,Sam Martinez,sam.martinez1619@example.com,New York,2024-03-02
2620,Fiona Brown,fiona.brown1620@example.com,Sydney,2024-03-02
2621,Kevin Anderson,kevin.anderson1621@example.com,Chicago,2024-04-14
2622,Paula Gonzalez,paula.gonzalez1622@example.com,New York,2023-11-27
2623,Evan Davis,evan.davis1623@example.com,Tokyo,2023-11-18
2624,Oscar Anderson,oscar.anderson1624@example.com,Singapore,2024-04-03
2625,Kevin Davis,kevin.davis1625@example.com,,2024-04-20
2626,Bob Wilson,bob.wilson1626@example.com,Singapore,2023-06-03
2627,Sam Lopez,sam.lopez1627@example.com,Sydney,2023-10-12
2628,Rachel Smith,rachel.smith1628@example.com,Paris,2023-10-23
2629,Kevin Gonzalez,kevin.gonzalez1629@example.com,Sydney,2023-02-03
2630,Evan Jones,evan.jones1630@example.com,New York,2023-06-23
2631,Michael Hernandez,michael.hernandez1631@example.com,Singapore,2024-03-07
2632,Fiona Martinez,fiona.martinez1632@example.com,Mumbai,2023-07-19
2633,Fiona Martinez,fiona.martinez1633@example.com,London,2024-03-18
2634,Julia Lopez,julia.lopez1634@example.com,Sydney,2023-12-30
2635,Bob Jones,bob.jones1635@example.com,Toronto,2023-02-14
2636,Paula Anderson,paula.anderson1636@example.com,Paris,2023-07-10
2637,Oscar Wilson,oscar.wilson1637@example.com,Berlin,2023-04-21
2638,Quinn Jones,quinn.jones1638@example.com,Tokyo,2023-02-27
2639,Laura Gonzalez,laura.gonzalez1639@example.com,New York,2024-02-03
2640,George Anderson,george.anderson1640@example.com,London,2023-08-16
2641,Quinn Smith,quinn.smith1641@example.com,Chicago,2024-04-08
2642,Quinn Williams,quinn.williams1642@example.com,Paris,2023-06-24
2643,Paula Lopez,paula.lopez1643@example.com,Singapore,2023-06-08
2644,Kevin Williams,kevin.williams1644@example.com,London,2024-02-25
2645,Quinn Hernandez,quinn.hernandez1645@example.com,Tokyo,2023-04-16
2646,Bob Davis,bob.davis1646@example.com,Toronto,2024-01-01
2647,Quinn Johnson,quinn.johnson1647@example.com,New York,2023-06-09
2648,Bob Hernandez,bob.hernandez1648@example.com,Mumbai,2024-03-22
2649,Charlie Garcia,charlie.garcia1649@example.com,Chicago,2024-03-31
2650,Bob Johnson,bob.johnson1650@example.com,,2024-01-28
2651,Julia Smith,julia.smith1651@example.com,Mumbai,2024-01-24
2652,Julia Hernandez,julia.hernandez1652@example.com,Paris,2023-06-14
2653,George Brown,george.brown1653@example.com,Berlin,2023-05-22
2654,Rachel Garcia,rachel.garcia1654@example.com,Chicago,2023-12-10
2655,Diana Jones,diana.jones1655@example.com,Tokyo,2023-03-22
2656,Ian Johnson,ian.johnson1656@example.com,New York,2024-05-05
2657,Tina Rodriguez,tina.rodriguez1657@example.com,Singapore,2023-02-22
2658,George Rodriguez,george.rodriguez1658@example.com,Sydney,2023-10-09
2659,Kevin Jones,kevin.jones1659@example.com,Tokyo,2024-04-27
2660,Julia Martinez,julia.martinez1660@example.com,Paris,2023-03-29
2661,Charlie Jones,charlie.jones1661@example.com,Mumbai,2024-04-01
2662,Kevin Rodriguez,kevin.rodriguez1662@example.com,Chicago,2023-01-26
2663,Evan Smith,evan.smith1663@example.com,Chicago,2024-04-07
2664,Bob Johnson,bob.johnson1664@example.com,Toronto,2023-01-28
2665,Charlie Miller,charlie.miller1665@example.com,Toronto,2023-04-02
2666,Tina Anderson,tina.anderson1666@example.com,Mumbai,2023-11-19
2667,Oscar Martinez,oscar.martinez1667@example.com,Sydney,2023-06-09
2668,Kevin Wilson,kevin.wilson1668@example.com,Paris,2024-01-01
2669,Rachel Johnson,rachel.johnson1669@example.com,Chicago,2023-10-18
2670,Evan Johnson,evan.johnson1670@example.com,Chicago,2023-02-19
2671,Oscar Jones,oscar.jones1671@example.com,Chicago,2023-08-29
2672,Hannah Brown,hannah.brown1672@example.com,Tokyo,2024-03-16
2673,Tina Jones,tina.jones1673@example.com,Sydney,2023-07-20
2674,Fiona Lopez,fiona.lopez1674@example.com,Sydney,2024-02-08
2675,Kevin Davis,kevin.davis1675@example.com,,2023-01-16
2676,Charlie Davis,charlie.davis1676@example.com,London,2023-06-29
2677,Paula Davis,paula.davis1677@example.com,Tokyo,2023-05-25
2678,Laura Martinez,laura.martinez1678@example.com,Mumbai,2023-03-07
2679,Quinn Johnson,quinn.johnson1679@example.com,Toronto,2024-02-23
2680,Diana Garcia,diana.garcia1680@example.com,Singapore,2023-11-29
2681,Charlie Gonzalez,charlie.gonzalez1681@example.com,Berlin,2023-09-30
2682,Oscar Miller,oscar.miller1682@example.com,Mumbai,2023-07-31
2683,Hannah Martinez,hannah.martinez1683@example.com,Paris,2023-10-08
2684,Fiona Davis,fiona.davis1684@example.com,Toronto,2023-02-03
2685,Kevin Brown,kevin.brown1685@example.com,Mumbai,2023-08-09
2686,Nina Martinez,nina.martinez1686@example.com,Sydney,2023-10-06
2687,Hannah Williams,hannah.williams1687@example.com,London,2024-01-14
2688,Sam Wilson,sam.wilson1688@example.com,Chicago,2023-02-28
2689,Sam Martinez,sam.martinez1689@example.com,Chicago,2023-06-16
2690,Rachel Johnson,rachel.johnson1690@example.com,Chicago,2023-04-01
2691,Julia Miller,julia.miller1691@example.com,London,2023-11-03
2692,Diana Hernandez,diana.hernandez1692@example.com,Mumbai,2024-01-30
2693,Michael Garcia,michael.garcia1693@example.com,Chicago,2023-11-27
2694,Bob Johnson,bob.johnson1694@example.com,Paris,2024-02-23
2695,Evan Anderson,evan.anderson1695@example.com,Mumbai,2024-04-07
2696,Alice Gonzalez,alice.gonzalez1696@example.com,Tokyo,2023-12-05
2697,Evan Davis,evan.davis1697@example.com,Singapore,2023-05-30
2698,Michael Martinez,michael.martinez1698@example.com,Mumbai,2023-08-17
2699,George Brown,george.brown1699@example.com,Sydney,2023-06-03
2700,Sam Gonzalez,sam.gonzalez1700@example.com,,2024-04-15
2701,Nina Lopez,nina.lopez1701@example.com,Sydney,2023-02-15
2702,Sam Smith,sam.smith1702@example.com,Mumbai,2023-09-19
2703,Michael Wilson,michael.wilson1703@example.com,Tokyo,2024-03-12
2704,Julia Smith,julia.smith1704@example.com,Sydney,2024-04-06
2705,Rachel Smith,rachel.smith1705@example.com,New York,2023-12-27
2706,Rachel Wilson,rachel.wilson1706@example.com,Sydney,2023-02-26
2707,Julia Wilson,julia.wilson1707@example.com,New York,2023-05-01
2708,Nina Lopez,nina.lopez1708@example.com,Mumbai,2023-07-21
2709,Kevin Lopez,kevin.lopez1709@example.com,Toronto,2023-07-27
2710,Michael Miller,michael.miller1710@example.com,Singapore,2023-04-19
2711,Fiona Davis,fiona.davis1711@example.com,Tokyo,2023-04-07
2712,Rachel Miller,rachel.miller1712@example.com,Sydney,2024-03-06
2713,Nina Williams,nina.williams1713@example.com,Berlin,2024-03-22
2714,Evan Williams,evan.williams1714@example.com,New York,2023-02-06
2715,Alice Williams,alice.williams1715@example.com,Chicago,2023-12-03
2716,Nina Williams,nina.williams1716@example.com,London,2023-03-12
2717,Nina Wilson,nina.wilson1717@example.com,Chicago,2024-04-02
2718,Tina Anderson,tina.anderson1718@example.com,Toronto,2023-11-16
2719,Fiona Davis,fiona.davis1719@example.com,Singapore,2023-08-06
2720,Rachel Wilson,rachel.wilson1720@example.com,Chicago,2023-07-16
2721,Laura Brown,laura.brown1721@example.com,Tokyo,2023-08-06
2722,Tina Smith,tina.smith1722@example.com,Mumbai,2023-09-13
2723,Hannah Lopez,hannah.lopez1723@example.com,Singapore,2023-05-18
2724,Nina Anderson,nina.anderson1724@example.com,Singapore,2023-10-23
2725,Laura Smith,laura.smith1725@example.com,,2023-10-18
2726,Paula Lopez,paula.lopez1726@example.com,Sydney,2023-02-27
2727,Sam Davis,sam.davis1727@example.com,London,2023-03-14
2728,Quinn Wilson,quinn.wilson1728@example.com,Berlin,2023-08-27
2729,Quinn Johnson,quinn.johnson1729@example.com,Singapore,2024-03-31
2730,Tina Johnson,tina.johnson1730@example.com,Paris,2023-08-30
2731,Charlie Hernandez,charlie.hernandez1731@example.com,Singapore,2024-02-13
2732,Sam Jones,sam.jones1732@example.com,Mumbai,2023-01-28
2733,Kevin Rodriguez,kevin.rodriguez1733@example.com,New York,2023-08-29
2734,Oscar Rodriguez,oscar.rodriguez1734@example.com,Chicago,2023-10-21
2735,Kevin Miller,kevin.miller1735@example.com,Sydney,2024-05-06
2736,Julia Jones,julia.jones1736@example.com,Tokyo,2023-01-19
2737,Tina Lopez,tina.lopez1737@example.com,Berlin,2024-01-08
2738,Sam Jones,sam.jones1738@example.com,New York,2023-11-19
2739,Paula Martinez,paula.martinez1739@example.com,Tokyo,2023-10-21
2740,Bob Hernandez,bob.hernandez1740@example.com,Berlin,2024-02-19
2741,Tina Smith,tina.smith1741@example.com,Berlin,2023-09-06
2742,Charlie Williams,charlie.williams1742@example.com,Singapore,2023-02-09
2743,Ian Jones,ian.jones1743@example.com,Tokyo,2023-11-12
2744,Ian Jones,ian.jones1744@example.com,Berlin,2023-01-08
2745,Diana Martinez,diana.martinez1745@example.com,Tokyo,2024-04-10
2746,Sam Lopez,sam.lopez1746@example.com,Tokyo,2023-12-04
2747,Oscar Garcia,oscar.garcia1747@example.com,Tokyo,2023-05-14
2748,Hannah Davis,hannah.davis1748@example.com,Tokyo,2024-02-14
2749,Quinn Wilson,quinn.wilson1749@example.com,New York,2023-06-25
2750,Charlie Williams,charlie.williams1750@example.com,,2024-04-23
2751,Evan Wilson,evan.wilson1751@example.com,Chicago,2024-01-21
2752,Nina Gonzalez,nina.gonzalez1752@example.com,Toronto,2023-05-02
2753,Oscar Lopez,oscar.lopez1753@example.com,Tokyo,2023-04-18
2754,Sam Lopez,sam.lopez1754@example.com,Sydney,2023-01-28
2755,Ian Gonzalez,ian.gonzalez1755@example.com,London,2023-01-27
2756,Fiona Davis,fiona.davis1756@example.com,Toronto,2023-09-01
2757,Julia Davis,julia.davis1757@example.com,Singapore,2023-04-30
2758,Michael Hernandez,michael.hernandez1758@example.com,Toronto,2023-08-31
2759,Ian Williams,ian.williams1759@example.com,Singapore,2024-03-21
2760,Nina Smith,nina.smith1760@example.com,Berlin,2024-04-19
2761,Oscar Miller,oscar.miller1761@example.com,Sydney,2024-05-07
2762,Quinn Hernandez,quinn.hernandez1762@example.com,New York,2023-02-19
2763,Rachel Hernandez,rachel.hernandez1763@example.com,Sydney,2024-05-04
2764,Nina Martinez,nina.martinez1764@example.com,Berlin,2023-06-21
2765,Ian Jones,ian.jones1765@example.com,London,2023-05-11
2766,Sam Miller,sam.miller1766@example.com,Chicago,2024-01-31
2767,Hannah Lopez,hannah.lopez1767@example.com,Mumbai,2024-01-30
2768,George Rodriguez,george.rodriguez1768@example.com,Sydney,2023-12-13
2769,Fiona Garcia,fiona.garcia1769@example.com,Singapore,2023-01-06
2770,Alice Wilson,alice.wilson1770@example.com,London,2023-01-07
2771,Nina Johnson,nina.johnson1771@example.com,Singapore,2023-02-23
2772,Oscar Garcia,oscar.garcia1772@example.com,Paris,2024-01-07
2773,Julia Jones,julia.jones1773@example.com,Paris,2023-01-18
2774,Alice Martinez,alice.martinez1774@example.com,London,2023-01-30
2775,Tina Hernandez,tina.hernandez1775@example.com,,2024-05-01
2776,Tina Hernandez,tina.hernandez1776@example.com,London,2023-12-29
2777,Diana Johnson,diana.johnson1777@example.com,Mumbai,2023-03-08
2778,Michael Hernandez,michael.hernandez1778@example.com,Mumbai,2024-02-16
2779,Fiona Anderson,fiona.anderson1779@example.com,London,2023-12-23
2780,Fiona Jones,fiona.jones1780@example.com,Berlin,2023-08-28
2781,Charlie Hernandez,charlie.hernandez1781@example.com,Chicago,2024-04-17
2782,Ian Gonzalez,ian.gonzalez1782@example.com,Toronto,2023-12-21
2783,Kevin Jones,kevin.jones1783@example.com,Tokyo,2024-02-04
2784,Charlie Jones,charlie.jones1784@example.com,New York,2023-07-15
2785,Michael Garcia,michael.garcia1785@example.com,New York,2023-05-13
2786,Ian Williams,ian.williams1786@example.com,Chicago,2023-02-05
2787,Paula Anderson,paula.anderson1787@example.com,Paris,2023-11-09
2788,Michael Williams,michael.williams1788@example.com,Chicago,2023-02-25
2789,Evan Rodriguez,evan.rodriguez1789@example.com,Toronto,2023-04-22
2790,Tina Hernandez,tina.hernandez1790@example.com,London,2024-04-12
2791,Oscar Lopez,oscar.lopez1791@example.com,Berlin,2023-02-22
2792,Bob Johnson,bob.johnson1792@example.com,London,2023-10-20
2793,Ian Gonzalez,ian.gonzalez1793@example.com,Chicago,2023-01-10
2794,Paula Williams,paula.williams1794@example.com,New York,2024-04-22
2795,Bob Hernandez,bob.hernandez1795@example.com,Toronto,2023-05-17
2796,Evan Lopez,evan.lopez1796@example.com,Sydney,2024-04-08
2797,Michael Martinez,michael.martinez1797@example.com,New York,2023-09-21
2798,Paula Davis,paula.davis1798@example.com,Toronto,2023-07-26
2799,Charlie Rodriguez,charlie.rodriguez1799@example.com,Paris,2023-01-02
2800,Michael Lopez,michael.lopez1800@example.com,,2023-03-04
2801,Sam Rodriguez,sam.rodriguez1801@example.com,Sydney,2023-06-20
2802,Julia Miller,julia.miller1802@example.com,New York,2023-11-20
2803,Charlie Garcia,charlie.garcia1803@example.com,Singapore,2024-03-12
2804,Kevin Johnson,kevin.johnson1804@example.com,Chicago,2024-01-25
2805,Julia Hernandez,julia.hernandez1805@example.com,Paris,2023-04-01
2806,Rachel Smith,rachel.smith1806@example.com,Toronto,2023-12-05
2807,George Jones,george.jones1807@example.com,Toronto,2024-04-03
2808,Diana Hernandez,diana.hernandez1808@example.com,Sydney,2023-09-07
2809,Charlie Anderson,charlie.anderson1809@example.com,Chicago,2024-01-12
2810,George Williams,george.williams1810@example.com,New York,2023-04-09
2811,Alice Lopez,alice.lopez1811@example.com,Mumbai,2023-05-03
2812,Paula Miller,paula.miller1812@example.com,London,2024-02-10
2813,Rachel Hernandez,rachel.hernandez1813@example.com,Berlin,2023-09-13
2814,Rachel Wilson,rachel.wilson1814@example.com,Chicago,2024-05-09
2815,Alice Smith,alice.smith1815@example.com,Sydney,2023-01-29
2816,Kevin Gonzalez,kevin.gonzalez1816@example.com,New York,2023-07-27
2817,Diana Brown,diana.brown1817@example.com,Singapore,2023-08-23
2818,Rachel Williams,rachel.williams1818@example.com,Mumbai,2023-04-30
2819,Charlie Smith,charlie.smith1819@example.com,Tokyo,2023-09-08
2820,Alice Davis,alice.davis1820@example.com,Mumbai,2023-01-24
2821,Hannah Lopez,hannah.lopez1821@example.com,Tokyo,2023-01-08
2822,Fiona Hernandez,fiona.hernandez1822@example.com,New York,2024-04-08
2823,Julia Wilson,julia.wilson1823@example.com,London,2023-08-22
2824,Tina Williams,tina.williams1824@example.com,Mumbai,2023-02-02
2825,Diana Johnson,diana.johnson1825@example.com,,2023-11-01
2826,Tina Brown,tina.brown1826@example.com,London,2024-02-16
2827,George Miller,george.miller1827@example.com,Sydney,2024-02-20
2828,Michael Garcia,michael.garcia1828@example.com,London,2024-05-14
2829,Sam Rodriguez,sam.rodriguez1829@example.com,Tokyo,2023-06-14
2830,George Gonzalez,george.gonzalez1830@example.com,New York,2023-10-31
2831,Fiona Garcia,fiona.garcia1831@example.com,London,2023-03-03
2832,Ian Williams,ian.williams1832@example.com,Toronto,2023-03-28
2833,Laura Rodriguez,laura.rodriguez1833@example.com,Tokyo,2023-08-13
2834,Hannah Anderson,hannah.anderson1834@example.com,Mumbai,2023-01-21
2835,Evan Johnson,evan.johnson1835@example.com,Mumbai,2023-07-12
2836,Fiona Smith,fiona.smith1836@example.com,Chicago,2023-02-11
2837,Alice Smith,alice.smith1837@example.com,Tokyo,2024-04-19
2838,Charlie Lopez,charlie.lopez1838@example.com,Mumbai,2024-03-30
2839,Julia Miller,julia.miller1839@example.com,Chicago,2023-12-21
2840,Evan Brown,evan.brown1840@example.com,Tokyo,2023-11-24
2841,Ian Rodriguez,ian.rodriguez1841@example.com,Chicago,2023-07-30
2842,Hannah Williams,hannah.williams1842@example.com,Mumbai,2023-12-21
2843,Bob Martinez,bob.martinez1843@example.com,Tokyo,2024-01-03
2844,Paula Martinez,paula.martinez1844@example.com,London,2023-11-18
2845,Julia Garcia,julia.garcia1845@example.com,Toronto,2023-01-03
2846,Rachel Brown,rachel.brown1846@example.com,Paris,2023-03-02
2847,Quinn Johnson,quinn.johnson1847@example.com,Mumbai,2023-07-05
2848,Rachel Rodriguez,rachel.rodriguez1848@example.com,Paris,2023-08-26
2849,George Jones,george.jones1849@example.com,New York,2023-04-10
2850,Diana Gonzalez,diana.gonzalez1850@example.com,,2023-12-17
2851,Paula Davis,paula.davis1851@example.com,Tokyo,2023-03-23
2852,Bob Smith,bob.smith1852@example.com,Sydney,2023-05-26
2853,George Miller,george.miller1853@example.com,Berlin,2023-06-21
2854,Tina Gonzalez,tina.gonzalez1854@example.com,Chicago,2023-01-23
2855,Diana Lopez,diana.lopez1855@example.com,New York,2024-04-18
2856,Rachel Williams,rachel.williams1856@example.com,Tokyo,2024-02-07
2857,Alice Davis,alice.davis1857@example.com,Singapore,2023-03-01
2858,Charlie Anderson,charlie.anderson1858@example.com,Paris,2024-01-05
2859,Oscar Martinez,oscar.martinez1859@example.com,Mumbai,2023-06-16
2860,Nina Brown,nina.brown1860@example.com,Sydney,2023-04-28
2861,Diana Garcia,diana.garcia1861@example.com,Paris,2023-02-20
2862,Hannah Lopez,hannah.lopez1862@example.com,Toronto,2024-03-21
2863,George Miller,george.miller1863@example.com,Paris,2023-02-07
2864,Paula Martinez,paula.martinez1864@example.com,Chicago,2023-01-28
2865,Nina Williams,nina.williams1865@example.com,Paris,2024-04-20
2866,Tina Davis,tina.davis1866@example.com,Tokyo,2023-07-18
2867,Laura Williams,laura.williams1867@example.com,Chicago,2024-01-04
2868,George Hernandez,george.hernandez1868@example.com,Sydney,2024-05-14
2869,Ian Brown,ian.brown1869@example.com,Sydney,2023-03-07
2870,Bob Lopez,bob.lopez1870@example.com,Mumbai,2023-01-31
2871,Ian Williams,ian.williams1871@example.com,London,2024-03-12
2872,Oscar Davis,oscar.davis1872@example.com,Toronto,2023-03-29
2873,Kevin Brown,kevin.brown1873@example.com,Berlin,2023-11-06
2874,Fiona Gonzalez,fiona.gonzalez1874@example.com,Mumbai,2024-04-08
2875,Fiona Martinez,fiona.martinez1875@example.com,,2024-03-13
2876,Hannah Johnson,hannah.johnson1876@example.com,Toronto,2024-03-14
2877,Quinn Davis,quinn.davis1877@example.com,Paris,2023-10-30
2878,Paula Wilson,paula.wilson1878@example.com,Chicago,2023-05-23
2879,Alice Lopez,alice.lopez1879@example.com,Toronto,2024-01-12
2880,Hannah Brown,hannah.brown1880@example.com,Sydney,2023-08-11
2881,Sam Brown,sam.brown1881@example.com,Mumbai,2024-04-29
2882,Evan Anderson,evan.anderson1882@example.com,Mumbai,2024-04-04
2883,Alice Miller,alice.miller1883@example.com,New York,2023-01-21
2884,Paula Lopez,paula.lopez1884@example.com,Singapore,2023-01-18
2885,Nina Rodriguez,nina.rodriguez1885@example.com,Toronto,2023-09-03
2886,Diana Davis,diana.davis1886@example.com,Chicago,2023-05-04
2887,Charlie Rodriguez,charlie.rodriguez1887@example.com,New York,2023-12-21
2888,Nina Brown,nina.brown1888@example.com,Tokyo,2023-07-03
2889,Julia Brown,julia.brown1889@example.com,London,2023-01-09
2890,Paula Hernandez,paula.hernandez1890@example.com,Berlin,2023-03-24
2891,Oscar Wilson,oscar.wilson1891@example.com,Mumbai,2024-01-18
2892,Sam Smith,sam.smith1892@example.com,Chicago,2023-08-26
2893,Evan Wilson,evan.wilson1893@example.com,Toronto,2023-04-05
2894,Laura Hernandez,laura.hernandez1894@example.com,Chicago,2023-12-27
2895,Alice Wilson,alice.wilson1895@example.com,London,2023-07-17
2896,Kevin Rodriguez,kevin.rodriguez1896@example.com,New York,2023-06-01
2897,Nina Gonzalez,nina.gonzalez1897@example.com,Berlin,2023-12-24
2898,Tina Rodriguez,tina.rodriguez1898@example.com,Mumbai,2024-02-11
2899,George Gonzalez,george.gonzalez1899@example.com,London,2023-11-14
2900,Kevin Lopez,kevin.lopez1900@example.com,,2023-09-21
2901,Laura Anderson,laura.anderson1901@example.com,New York,2023-02-26
2902,Michael Garcia,michael.garcia1902@example.com,Chicago,2023-11-13
2903,Bob Garcia,bob.garcia1903@example.com,Sydney,2023-03-31
2904,Rachel Lopez,rachel.lopez1904@example.com,London,2023-10-15
2905,George Williams,george.williams1905@example.com,Sydney,2023-05-03
2906,Rachel Johnson,rachel.johnson1906@example.com,Chicago,2024-01-13
2907,Sam Wilson,sam.wilson1907@example.com,Paris,2024-01-21
2908,Hannah Garcia,hannah.garcia1908@example.com,Sydney,2024-04-04
2909,Ian Rodriguez,ian.rodriguez1909@example.com,Toronto,2023-05-22
2910,Bob Johnson,bob.johnson1910@example.com,Sydney,2023-06-26
2911,Oscar Davis,oscar.davis1911@example.com,Singapore,2023-09-27
2912,Diana Davis,diana.davis1912@example.com,Singapore,2023-12-14
2913,Rachel Anderson,rachel.anderson1913@example.com,Berlin,2023-08-20
2914,Tina Garcia,tina.garcia1914@example.com,London,2023-04-07
2915,Oscar Johnson,oscar.johnson1915@example.com,London,2023-07-20
2916,Fiona Jones,fiona.jones1916@example.com,London,2023-02-25
2917,Fiona Jones,fiona.jones1917@example.com,London,2023-12-23
2918,Evan Davis,evan.davis1918@example.com,Tokyo,2024-03-23
2919,George Rodriguez,george.rodriguez1919@example.com,New York,2023-05-31
2920,Nina Hernandez,nina.hernandez1920@example.com,Singapore,2024-04-22
2921,Evan Davis,evan.davis1921@example.com,Sydney,2023-08-04
2922,Oscar Lopez,oscar.lopez1922@example.com,New York,2023-05-30
2923,George Johnson,george.johnson1923@example.com,New York,2024-03-22
2924,Hannah Wilson,hannah.wilson1924@example.com,Singapore,2023-11-27
2925,Kevin Miller,kevin.miller1925@example.com,,2023-06-25
2926,Kevin Davis,kevin.davis1926@example.com,Mumbai,2023-12-07
2927,Quinn Wilson,quinn.wilson1927@example.com,Singapore,2023-08-16
2928,Oscar Jones,oscar.jones1928@example.com,Mumbai,2023-03-09
2929,Julia Williams,julia.williams1929@example.com,Berlin,2023-04-27
2930,Paula Garcia,paula.garcia1930@example.com,Berlin,2024-01-30
2931,Bob Williams,bob.williams1931@example.com,Sydney,2023-05-26
2932,Oscar Williams,oscar.williams1932@example.com,Mumbai,2024-04-18
2933,Fiona Lopez,fiona.lopez1933@example.com,Singapore,2023-05-27
2934,Fiona Williams,fiona.williams1934@example.com,Tokyo,2023-03-24
2935,Hannah Johnson,hannah.johnson1935@example.com,New York,2023-06-12
2936,Sam Williams,sam.williams1936@example.com,Chicago,2023-05-14
2937,Laura Williams,laura.williams1937@example.com,Paris,2023-10-15
2938,Bob Hernandez,bob.hernandez1938@example.com,Sydney,2024-05-15
2939,Laura Williams,laura.williams1939@example.com,Sydney,2023-08-18
2940,Rachel Williams,rachel.williams1940@example.com,Singapore,2023-06-04
2941,Diana Anderson,diana.anderson1941@example.com,New York,2023-07-27
2942,Paula Gonzalez,paula.gonzalez1942@example.com,Tokyo,2024-04-30
2943,Oscar Anderson,oscar.anderson1943@example.com,Sydney,2023-03-21
2944,Alice Lopez,alice.lopez1944@example.com,Singapore,2024-05-14
2945,Quinn Garcia,quinn.garcia1945@example.com,Berlin,2023-08-31
2946,Julia Gonzalez,julia.gonzalez1946@example.com,Mumbai,2023-12-08
2947,Evan Gonzalez,evan.gonzalez1947@example.com,Mumbai,2024-01-09
2948,Oscar Garcia,oscar.garcia1948@example.com,London,2024-01-10
2949,Paula Anderson,paula.anderson1949@example.com,New York,2023-03-13
2950,Rachel Johnson,rachel.johnson1950@example.com,,2023-01-13
2951,Michael Martinez,michael.martinez1951@example.com,Paris,2023-08-17
2952,Laura Johnson,laura.johnson1952@example.com,Sydney,2023-01-29
2953,Tina Hernandez,tina.hernandez1953@example.com,Paris,2023-10-26
2954,Quinn Brown,quinn.brown1954@example.com,Berlin,2023-04-11
2955,Alice Johnson,alice.johnson1955@example.com,Singapore,2024-03-10
2956,Oscar Hernandez,oscar.hernandez1956@example.com,London,2024-05-14
2957,Quinn Miller,quinn.miller1957@example.com,Paris,2023-09-09
2958,Kevin Martinez,kevin.martinez1958@example.com,Mumbai,2023-09-19
2959,Bob Anderson,bob.anderson1959@example.com,Sydney,2023-07-23
2960,Evan Lopez,evan.lopez1960@example.com,Toronto,2023-07-09
2961,Michael Garcia,michael.garcia1961@example.com,New York,2023-05-26
2962,Laura Garcia,laura.garcia1962@example.com,Berlin,2024-05-15
2963,Oscar Wilson,oscar.wilson1963@example.com,Singapore,2023-02-14
2964,George Lopez,george.lopez1964@example.com,Chicago,2024-01-15
2965,Nina Gonzalez,nina.gonzalez1965@example.com,Chicago,2023-05-28
2966,Fiona Gonzalez,fiona.gonzalez1966@example.com,Toronto,2024-01-09
2967,Nina Williams,nina.williams1967@example.com,Mumbai,2023-11-03
2968,Charlie Williams,charlie.williams1968@example.com,Paris,2023-06-05
2969,Paula Wilson,paula.wilson1969@example.com,Singapore,2023-06-21
2970,Charlie Anderson,charlie.anderson1970@example.com,Mumbai,2024-01-23
2971,Michael Johnson,michael.johnson1971@example.com,New York,2023-07-29
2972,Ian Miller,ian.miller1972@example.com,Tokyo,2023-10-12
2973,Oscar Lopez,oscar.lopez1973@example.com,Mumbai,2024-01-22
2974,Evan Brown,evan.brown1974@example.com,Tokyo,2024-03-02
2975,Michael Jones,michael.jones1975@example.com,,2023-09-09
2976,Bob Wilson,bob.wilson1976@example.com,Berlin,2024-03-03
2977,Sam Jones,sam.jones1977@example.com,Chicago,2023-10-14
2978,Oscar Brown,oscar.brown1978@example.com,New York,2024-02-10
2979,Alice Williams,alice.williams1979@example.com,Berlin,2023-06-03
2980,Paula Johnson,paula.johnson1980@example.com,Berlin,2023-08-02
2981,Fiona Davis,fiona.davis1981@example.com,Paris,2023-01-15
2982,Diana Gonzalez,diana.gonzalez1982@example.com,Berlin,2023-09-10
2983,Charlie Martinez,charlie.martinez1983@example.com,Sydney,2023-10-25
2984,Paula Martinez,paula.martinez1984@example.com,Toronto,2024-03-20
2985,Ian Hernandez,ian.hernandez1985@example.com,Chicago,2024-05-13
2986,Diana Garcia,diana.garcia1986@example.com,Singapore,2024-01-11
2987,Sam Smith,sam.smith1987@example.com,Berlin,2023-03-25
2988,Sam Smith,sam.smith1988@example.com,Tokyo,2023-06-13
2989,Oscar Anderson,oscar.anderson1989@example.com,Tokyo,2023-07-02
2990,Fiona Smith,fiona.smith1990@example.com,Berlin,2023-07-04
2991,Nina Hernandez,nina.hernandez1991@example.com,Sydney,2023-01-25
2992,Julia Jones,julia.jones1992@example.com,Singapore,2023-11-24
2993,Charlie Rodriguez,charlie.rodriguez1993@example.com,Paris,2024-01-28
2994,Fiona Gonzalez,fiona.gonzalez1994@example.com,London,2023-11-03
2995,Fiona Rodriguez,fiona.rodriguez1995@example.com,Sydney,2024-03-22
2996,Kevin Wilson,kevin.wilson1996@example.com,Berlin,2023-05-19
2997,Laura Johnson,laura.johnson1997@example.com,Singapore,2023-10-24
2998,Laura Wilson,laura.wilson1998@example.com,Tokyo,2023-01-07
2999,Evan Rodriguez,evan.rodriguez1999@example.com,Berlin,2023-07-10
3000,Paula Miller,paula.miller2000@example.com,,2024-04-16
3001,Fiona Johnson,fiona.johnson2001@example.com,Paris,2023-03-21
3002,Quinn Brown,quinn.brown2002@example.com,Paris,2024-02-12
3003,Rachel Martinez,rachel.martinez2003@example.com,Singapore,2024-03-09
3004,Rachel Lopez,rachel.lopez2004@example.com,Singapore,2023-12-26
3005,Diana Miller,diana.miller2005@example.com,Chicago,2024-04-14
3006,Charlie Johnson,charlie.johnson2006@example.com,Tokyo,2024-04-17
3007,Alice Davis,alice.davis2007@example.com,Sydney,2023-06-09
3008,Laura Williams,laura.williams2008@example.com,Chicago,2024-03-31
3009,Tina Rodriguez,tina.rodriguez2009@example.com,Sydney,2023-03-30
3010,Julia Smith,julia.smith2010@example.com,London,2023-04-24
3011,Evan Wilson,evan.wilson2011@example.com,Tokyo,2023-12-19
3012,Hannah Jones,hannah.jones2012@example.com,Tokyo,2023-04-18
3013,Evan Johnson,evan.johnson2013@example.com,Toronto,2023-12-20
3014,Diana Johnson,diana.johnson2014@example.com,New York,2024-02-01
3015,Paula Gonzalez,paula.gonzalez2015@example.com,Toronto,2023-01-22
3016,George Johnson,george.johnson2016@example.com,New York,2024-02-11
3017,Quinn Martinez,quinn.martinez2017@example.com,New York,2023-08-29
3018,Diana Anderson,diana.anderson2018@example.com,Berlin,2023-01-23
3019,Charlie Jones,charlie.jones2019@example.com,New York,2024-01-22
3020,Diana Gonzalez,diana.gonzalez2020@example.com,London,2024-04-16
3021,Tina Brown,tina.brown2021@example.com,Mumbai,2024-04-06
3022,George Williams,george.williams2022@example.com,Sydney,2023-01-15
3023,Charlie Williams,charlie.williams2023@example.com,Berlin,2024-04-30
3024,Sam Garcia,sam.garcia2024@example.com,Sydney,2023-03-24
3025,Quinn Gonzalez,quinn.gonzalez2025@example.com,,2023-05-04
3026,Quinn Martinez,quinn.martinez2026@example.com,London,2023-02-20
3027,Sam Gonzalez,sam.gonzalez2027@example.com,New York,2023-09-28
3028,George Lopez,george.lopez2028@example.com,Paris,2024-05-08
3029,Julia Williams,julia.williams2029@example.com,Singapore,2023-01-03
3030,Diana Anderson,diana.anderson2030@example.com,Paris,2024-04-16
3031,Quinn Wilson,quinn.wilson2031@example.com,Chicago,2023-07-07
3032,Sam Williams,sam.williams2032@example.com,Chicago,2023-12-11
3033,Diana Williams,diana.williams2033@example.com,Sydney,2023-07-14
3034,Nina Brown,nina.brown2034@example.com,Singapore,2023-04-27
3035,Nina Johnson,nina.johnson2035@example.com,Sydney,2023-03-05
3036,Oscar Johnson,oscar.johnson2036@example.com,Singapore,2023-03-11
3037,Paula Gonzalez,paula.gonzalez2037@example.com,Sydney,2023-12-27
3038,Julia Rodriguez,julia.rodriguez2038@example.com,New York,2023-02-12
3039,Kevin Davis,kevin.davis2039@example.com,London,2023-07-17
3040,Julia Davis,julia.davis2040@example.com,Mumbai,2024-01-12
3041,Julia Hernandez,julia.hernandez2041@example.com,Chicago,2023-04-26
3042,Rachel Miller,rachel.miller2042@example.com,Berlin,2024-03-13
3043,Nina Brown,nina.brown2043@example.com,London,2024-04-03
3044,Paula Hernandez,paula.hernandez2044@example.com,Sydney,2023-04-02
3045,Alice Hernandez,alice.hernandez2045@example.com,Chicago,2023-12-11
3046,Diana Miller,diana.miller2046@example.com,Chicago,2023-09-25
3047,Charlie Johnson,charlie.johnson2047@example.com,Tokyo,2023-07-22
3048,Michael Lopez,michael.lopez2048@example.com,Mumbai,2024-05-15
3049,Diana Lopez,diana.lopez2049@example.com,Tokyo,2023-02-03
3050,Laura Brown,laura.brown2050@example.com,,2023-04-13
3051,Tina Wilson,tina.wilson2051@example.com,Toronto,2023-03-04
3052,Hannah Wilson,hannah.wilson2052@example.com,Toronto,2024-01-07
3053,Paula Jones,paula.jones2053@example.com,Mumbai,2023-10-31
3054,Ian Gonzalez,ian.gonzalez2054@example.com,Toronto,2023-07-02
3055,Paula Hernandez,paula.hernandez2055@example.com,Mumbai,2024-05-01
3056,Michael Davis,michael.davis2056@example.com,Singapore,2023-05-23
3057,Evan Gonzalez,evan.gonzalez2057@example.com,Chicago,2023-02-25
3058,Diana Jones,diana.jones2058@example.com,Chicago,2023-09-12
3059,Hannah Hernandez,hannah.hernandez2059@example.com,Tokyo,2023-01-16
3060,Diana Lopez,diana.lopez2060@example.com,New York,2024-03-01
3061,Charlie Davis,charlie.davis2061@example.com,New York,2024-05-12
3062,Fiona Miller,fiona.miller2062@example.com,Mumbai,2023-12-14
3063,Kevin Williams,kevin.williams2063@example.com,Berlin,2023-11-15
3064,Tina Johnson,tina.johnson2064@example.com,London,2023-12-05
3065,Quinn Gonzalez,quinn.gonzalez2065@example.com,Chicago,2024-02-10
3066,Oscar Brown,oscar.brown2066@example.com,Berlin,2023-12-05
3067,Paula Davis,paula.davis2067@example.com,Singapore,2023-05-14
3068,Rachel Garcia,rachel.garcia2068@example.com,Singapore,2023-10-07
3069,Alice Gonzalez,alice.gonzalez2069@example.com,New York,2023-08-09
3070,Diana Miller,diana.miller2070@example.com,Chicago,2023-06-11
3071,Michael Davis,michael.davis2071@example.com,Chicago,2023-01-19
3072,Bob Williams,bob.williams2072@example.com,Singapore,2023-12-04
3073,Julia Anderson,julia.anderson2073@example.com,Tokyo,2023-09-09
3074,Nina Williams,nina.williams2074@example.com,Berlin,2024-01-02
3075,Michael Davis,michael.davis2075@example.com,,2023-10-19
3076,Paula Hernandez,paula.hernandez2076@example.com,Singapore,2023-12-17
3077,Rachel Martinez,rachel.martinez2077@example.com,Chicago,2023-09-01
3078,Rachel Wilson,rachel.wilson2078@example.com,Tokyo,2023-09-17
3079,Bob Miller,bob.miller2079@example.com,Berlin,2023-09-11
3080,Sam Miller,sam.miller2080@example.com,Mumbai,2023-12-13
3081,Laura Gonzalez,laura.gonzalez2081@example.com,Berlin,2023-06-14
3082,Bob Smith,bob.smith2082@example.com,Mumbai,2023-01-24
3083,Evan Wilson,evan.wilson2083@example.com,Sydney,2023-06-28
3084,Sam Smith,sam.smith2084@example.com,Sydney,2023-07-14
3085,Diana Miller,diana.miller2085@example.com,Sydney,2023-07-02
3086,Nina Garcia,nina.garcia2086@example.com,New York,2023-12-05
3087,Hannah Brown,hannah.brown2087@example.com,Paris,2023-11-28
3088,Julia Martinez,julia.martinez2088@example.com,London,2024-04-11
3089,Charlie Wilson,charlie.wilson2089@example.com,Berlin,2023-02-28
3090,Kevin Williams,kevin.williams2090@example.com,New York,2023-10-03
3091,Kevin Smith,kevin.smith2091@example.com,Chicago,2023-12-03
3092,Nina Martinez,nina.martinez2092@example.com,Singapore,2024-04-06
3093,Nina Jones,nina.jones2093@example.com,New York,2023-12-23
3094,Paula Martinez,paula.martinez2094@example.com,New York,2023-06-12
3095,Michael Martinez,michael.martinez2095@example.com,Toronto,2023-06-15
3096,Sam Johnson,sam.johnson2096@example.com,Chicago,2023-02-21
3097,George Garcia,george.garcia2097@example.com,Chicago,2023-09-15
3098,Kevin Williams,kevin.williams2098@example.com,Mumbai,2023-06-03
3099,Laura Miller,laura.miller2099@example.com,Paris,2023-09-12
3100,Charlie Wilson,charlie.wilson2100@example.com,,2023-04-20
3101,Julia Jones,julia.jones2101@example.com,New York,2023-06-02
3102,Sam Miller,sam.miller2102@example.com,Paris,2023-11-16
3103,Charlie Lopez,charlie.lopez2103@example.com,Mumbai,2023-02-18
3104,Sam Garcia,sam.garcia2104@example.com,Berlin,2023-02-04
3105,Sam Gonzalez,sam.gonzalez2105@example.com,Singapore,2023-09-01
3106,Nina Brown,nina.brown2106@example.com,Sydney,2024-02-12
3107,Charlie Hernandez,charlie.hernandez2107@example.com,Berlin,2023-09-16
3108,Julia Miller,julia.miller2108@example.com,Singapore,2023-06-10
3109,George Miller,george.miller2109@example.com,Toronto,2023-05-09
3110,Tina Rodriguez,tina.rodriguez2110@example.com,Chicago,2023-12-10
3111,Rachel Williams,rachel.williams2111@example.com,New York,2023-11-18
3112,Quinn Wilson,quinn.wilson2112@example.com,Tokyo,2023-10-23
3113,Paula Brown,paula.brown2113@example.com,Chicago,2023-05-18
3114,Rachel Gonzalez,rachel.gonzalez2114@example.com,Mumbai,2024-03-12
3115,Nina Anderson,nina.anderson2115@example.com,Mumbai,2024-01-08
3116,Bob Rodriguez,bob.rodriguez2116@example.com,Paris,2023-07-06
3117,Oscar Williams,oscar.williams2117@example.com,Paris,2023-03-19
3118,Julia Wilson,julia.wilson2118@example.com,Toronto,2023-07-30
3119,Kevin Wilson,kevin.wilson2119@example.com,London,2023-11-21
3120,George Wilson,george.wilson2120@example.com,Toronto,2023-05-17
3121,Julia Hernandez,julia.hernandez2121@example.com,Tokyo,2023-05-12
3122,Tina Brown,tina.brown2122@example.com,Toronto,2023-05-03
3123,Diana Williams,diana.williams2123@example.com,Paris,2023-01-15
3124,Hannah Gonzalez,hannah.gonzalez2124@example.com,Berlin,2023-08-26
3125,Paula Rodriguez,paula.rodriguez2125@example.com,,2023-08-05
3126,Bob Brown,bob.brown2126@example.com,Tokyo,2023-05-20
3127,Evan Smith,evan.smith2127@example.com,Berlin,2024-02-09
3128,Ian Hernandez,ian.hernandez2128@example.com,Singapore,2023-04-01
3129,Bob Lopez,bob.lopez2129@example.com,Chicago,2024-02-05
3130,Alice Smith,alice.smith2130@example.com,London,2023-06-10
3131,Tina Jones,tina.jones2131@example.com,London,2024-04-06
3132,Nina Anderson,nina.anderson2132@example.com,Sydney,2023-12-10
3133,Charlie Miller,charlie.miller2133@example.com,Tokyo,2023-05-01
3134,Diana Martinez,diana.martinez2134@example.com,Singapore,2024-04-22
3135,Diana Rodriguez,diana.rodriguez2135@example.com,Mumbai,2024-05-01
3136,Quinn Jones,quinn.jones2136@example.com,Chicago,2024-03-28
3137,Charlie Brown,charlie.brown2137@example.com,Mumbai,2023-03-04
3138,Kevin Garcia,kevin.garcia2138@example.com,Mumbai,2024-01-13
3139,Michael Gonzalez,michael.gonzalez2139@example.com,Paris,2024-04-23
3140,Nina Brown,nina.brown2140@example.com,Tokyo,2023-02-24
3141,Fiona Brown,fiona.brown2141@example.com,Berlin,2023-08-14
3142,Nina Jones,nina.jones2142@example.com,Mumbai,2023-01-29
3143,Paula Rodriguez,paula.rodriguez2143@example.com,Sydney,2023-12-25
3144,Diana Garcia,diana.garcia2144@example.com,Singapore,2023-08-05
3145,Paula Hernandez,paula.hernandez2145@example.com,Paris,2024-05-08
3146,Ian Anderson,ian.anderson2146@example.com,Tokyo,2023-07-05
3147,Paula Lopez,paula.lopez2147@example.com,Sydney,2024-02-25
3148,Julia Smith,julia.smith2148@example.com,Mumbai,2023-01-18
3149,Bob Lopez,bob.lopez2149@example.com,Paris,2023-05-10
3150,Rachel Miller,rachel.miller2150@example.com,,2023-11-24
3151,Laura Anderson,laura.anderson2151@example.com,London,2023-10-01
3152,Hannah Wilson,hannah.wilson2152@example.com,Chicago,2023-07-18
3153,Alice Anderson,alice.anderson2153@example.com,Toronto,2024-04-19
3154,Ian Jones,ian.jones2154@example.com,London,2024-04-24
3155,Hannah Jones,hannah.jones2155@example.com,Paris,2024-03-16
3156,Fiona Anderson,fiona.anderson2156@example.com,Chicago,2023-11-20
3157,Kevin Anderson,kevin.anderson2157@example.com,Toronto,2024-02-09
3158,Bob Jones,bob.jones2158@example.com,London,2024-02-26
3159,Paula Davis,paula.davis2159@example.com,Toronto,2024-04-19
3160,Kevin Lopez,kevin.lopez2160@example.com,Toronto,2024-03-24
3161,Diana Wilson,diana.wilson2161@example.com,Tokyo,2023-12-24
3162,Ian Rodriguez,ian.rodriguez2162@example.com,London,2023-06-30
3163,Nina Martinez,nina.martinez2163@example.com,Singapore,2024-01-13
3164,Kevin Davis,kevin.davis2164@example.com,New York,2024-01-26
3165,Bob Hernandez,bob.hernandez2165@example.com,Tokyo,2023-11-19
3166,Oscar Gonzalez,oscar.gonzalez2166@example.com,Tokyo,2023-01-02
3167,Michael Brown,michael.brown2167@example.com,Berlin,2023-06-10
3168,Sam Johnson,sam.johnson2168@example.com,London,2023-03-22
3169,Hannah Rodriguez,hannah.rodriguez2169@example.com,Tokyo,2024-03-09
3170,Tina Hernandez,tina.hernandez2170@example.com,Toronto,2024-02-10
3171,Kevin Davis,kevin.davis2171@example.com,Chicago,2024-03-23
3172,Evan Jones,evan.jones2172@example.com,Tokyo,2023-12-18
3173,Sam Wilson,sam.wilson2173@example.com,Sydney,2024-02-14
3174,Julia Brown,julia.brown2174@example.com,London,2023-08-01
3175,Laura Williams,laura.williams2175@example.com,,2024-03-24
3176,Michael Wilson,michael.wilson2176@example.com,Mumbai,2023-04-25
3177,Alice Smith,alice.smith2177@example.com,Singapore,2023-11-28
3178,Tina Hernandez,tina.hernandez2178@example.com,Paris,2024-04-09
3179,Charlie Davis,charlie.davis2179@example.com,Paris,2023-05-15
3180,Fiona Smith,fiona.smith2180@example.com,Toronto,2023-11-13
3181,Nina Martinez,nina.martinez2181@example.com,Berlin,2023-03-18
3182,Charlie Garcia,charlie.garcia2182@example.com,Tokyo,2024-04-29
3183,Sam Johnson,sam.johnson2183@example.com,New York,2024-01-03
3184,Quinn Miller,quinn.miller2184@example.com,Chicago,2024-02-28
3185,Paula Johnson,paula.johnson2185@example.com,Paris,2024-01-01
3186,George Brown,george.brown2186@example.com,Berlin,2023-05-28
3187,Paula Miller,paula.miller2187@example.com,Tokyo,2023-08-09
3188,George Martinez,george.martinez2188@example.com,Paris,2024-02-26
3189,Julia Lopez,julia.lopez2189@example.com,Paris,2023-08-03
3190,Fiona Miller,fiona.miller2190@example.com,Tokyo,2023-01-15
3191,Julia Jones,julia.jones2191@example.com,Paris,2023-11-13
3192,Oscar Anderson,oscar.anderson2192@example.com,Paris,2023-07-09
3193,Sam Hernandez,sam.hernandez2193@example.com,Chicago,2023-02-13
3194,Alice Davis,alice.davis2194@example.com,Tokyo,2024-03-22
3195,Kevin Lopez,kevin.lopez2195@example.com,Toronto,2023-12-18
3196,George Lopez,george.lopez2196@example.com,Toronto,2023-12-29
3197,Nina Lopez,nina.lopez2197@example.com,Mumbai,2023-05-12
3198,Charlie Johnson,charlie.johnson2198@example.com,Singapore,2023-01-31
3199,Bob Garcia,bob.garcia2199@example.com,Paris,2023-08-30
3200,Laura Martinez,laura.martinez2200@example.com,,2023-12-30
3201,Bob Smith,bob.smith2201@example.com,Berlin,2023-09-16
3202,Tina Miller,tina.miller2202@example.com,Berlin,2024-05-15
3203,Michael Hernandez,michael.hernandez2203@example.com,Sydney,2023-03-09
3204,Rachel Smith,rachel.smith2204@example.com,Mumbai,2023-04-02
3205,Ian Williams,ian.williams2205@example.com,Singapore,2023-09-10
3206,Kevin Anderson,kevin.anderson2206@example.com,Chicago,2023-03-09
3207,Charlie Garcia,charlie.garcia2207@example.com,Singapore,2023-08-10
3208,Evan Jones,evan.jones2208@example.com,London,2023-06-10
3209,Bob Williams,bob.williams2209@example.com,Chicago,2024-03-22
3210,Ian Lopez,ian.lopez2210@example.com,Sydney,2024-04-19
3211,Nina Jones,nina.jones2211@example.com,Berlin,2023-11-10
3212,Ian Rodriguez,ian.rodriguez2212@example.com,Sydney,2023-08-12
3213,Fiona Garcia,fiona.garcia2213@example.com,Chicago,2024-01-27
3214,Evan Rodriguez,evan.rodriguez2214@example.com,Chicago,2023-01-28
3215,George Williams,george.williams2215@example.com,New York,2023-04-28
3216,Fiona Smith,fiona.smith2216@example.com,Chicago,2023-05-14
3217,Fiona Lopez,fiona.lopez2217@example.com,Chicago,2023-08-12
3218,Diana Anderson,diana.anderson2218@example.com,Chicago,2023-01-21
3219,Oscar Garcia,oscar.garcia2219@example.com,Singapore,2023-09-06
3220,Oscar Davis,oscar.davis2220@example.com,London,2024-03-09
3221,Evan Johnson,evan.johnson2221@example.com,Sydney,2023-02-17
3222,George Wilson,george.wilson2222@example.com,Berlin,2023-04-03
3223,Fiona Lopez,fiona.lopez2223@example.com,Singapore,2024-02-26
3224,Ian Martinez,ian.martinez2224@example.com,Mumbai,2023-04-19
3225,Sam Smith,sam.smith2225@example.com,,2024-01-28
3226,Sam Williams,sam.williams2226@example.com,Toronto,2024-04-16
3227,Charlie Brown,charlie.brown2227@example.com,Chicago,2023-12-13
3228,Diana Anderson,diana.anderson2228@example.com,Sydney,2023-01-14
3229,Julia Hernandez,julia.hernandez2229@example.com,London,2023-07-21
3230,Laura Martinez,laura.martinez2230@example.com,London,2024-03-04
3231,Kevin Williams,kevin.williams2231@example.com,New York,2023-02-11
3232,Oscar Wilson,oscar.wilson2232@example.com,Chicago,2023-08-21
3233,Ian Martinez,ian.martinez2233@example.com,New York,2023-06-18
3234,Bob Hernandez,bob.hernandez2234@example.com,Mumbai,2024-05-01
3235,Oscar Garcia,oscar.garcia2235@example.com,Mumbai,2023-03-08
3236,George Wilson,george.wilson2236@example.com,New York,2024-02-15
3237,Julia Garcia,julia.garcia2237@example.com,New York,2024-01-16
3238,Charlie Rodriguez,charlie.rodriguez2238@example.com,Mumbai,2023-07-15
3239,Charlie Miller,charlie.miller2239@example.com,Berlin,2023-04-02
3240,Hannah Gonzalez,hannah.gonzalez2240@example.com,Toronto,2023-02-15
3241,Alice Wilson,alice.wilson2241@example.com,Paris,2023-03-25
3242,Michael Gonzalez,michael.gonzalez2242@example.com,Toronto,2023-05-26
3243,Evan Johnson,evan.johnson2243@example.com,Berlin,2023-09-09
3244,Nina Lopez,nina.lopez2244@example.com,Berlin,2024-04-07
3245,Tina Williams,tina.williams2245@example.com,Sydney,2023-12-07
3246,Diana Wilson,diana.wilson2246@example.com,Sydney,2023-09-20
3247,George Davis,george.davis2247@example.com,Chicago,2024-03-29
3248,Michael Davis,michael.davis2248@example.com,Berlin,2023-10-16
3249,Tina Miller,tina.miller2249@example.com,London,2024-01-23
3250,Nina Gonzalez,nina.gonzalez2250@example.com,,2023-11-11
3251,Fiona Miller,fiona.miller2251@example.com,Toronto,2023-02-17
3252,Bob Rodriguez,bob.rodriguez2252@example.com,Sydney,2024-05-13
3253,Oscar Hernandez,oscar.hernandez2253@example.com,Paris,2023-11-28
3254,Evan Anderson,evan.anderson2254@example.com,Chicago,2023-09-27
3255,Quinn Johnson,quinn.johnson2255@example.com,Berlin,2023-08-28
3256,Nina Johnson,nina.johnson2256@example.com,Chicago,2023-06-03
3257,Evan Williams,evan.williams2257@example.com,Berlin,2024-03-06
3258,Hannah Rodriguez,hannah.rodriguez2258@example.com,Toronto,2023-06-01
3259,Sam Smith,sam.smith2259@example.com,Singapore,2023-02-09
3260,Bob Rodriguez,bob.rodriguez2260@example.com,London,2023-09-19
3261,Nina Miller,nina.miller2261@example.com,London,2023-08-26
3262,Sam Wilson,sam.wilson2262@example.com,Berlin,2023-07-01
3263,Ian Martinez,ian.martinez2263@example.com,London,2024-01-29
3264,Quinn Smith,quinn.smith2264@example.com,London,2024-01-15
3265,Oscar Williams,oscar.williams2265@example.com,Tokyo,2024-03-07
3266,Michael Smith,michael.smith2266@example.com,London,2023-08-02
3267,Julia Garcia,julia.garcia2267@example.com,Mumbai,2024-01-06
3268,Oscar Gonzalez,oscar.gonzalez2268@example.com,Chicago,2023-11-16
3269,Ian Garcia,ian.garcia2269@example.com,Tokyo,2023-04-19
3270,Fiona Johnson,fiona.johnson2270@example.com,Mumbai,2023-05-13
3271,Diana Miller,diana.miller2271@example.com,Singapore,2023-01-10
3272,Alice Miller,alice.miller2272@example.com,London,2023-01-07
3273,Fiona Hernandez,fiona.hernandez2273@example.com,Chicago,2023-08-24
3274,Michael Wilson,michael.wilson2274@example.com,Mumbai,2024-01-07
3275,Paula Jones,paula.jones2275@example.com,,2024-02-21
3276,Tina Garcia,tina.garcia2276@example.com,Toronto,2024-02-16
3277,Julia Johnson,julia.johnson2277@example.com,Tokyo,2023-03-11
3278,Alice Brown,alice.brown2278@example.com,London,2024-02-22
3279,Alice Lopez,alice.lopez2279@example.com,Paris,2024-03-15
3280,Alice Brown,alice.brown2280@example.com,Chicago,2023-11-29
3281,Evan Hernandez,evan.hernandez2281@example.com,Paris,2023-08-12
3282,Rachel Brown,rachel.brown2282@example.com,London,2023-06-04
3283,Oscar Williams,oscar.williams2283@example.com,Chicago,2023-08-05
3284,Alice Johnson,alice.johnson2284@example.com,Tokyo,2024-04-07
3285,Evan Lopez,evan.lopez2285@example.com,Chicago,2024-05-08
3286,Paula Davis,paula.davis2286@example.com,New York,2024-03-16
3287,Oscar Martinez,oscar.martinez2287@example.com,Paris,2023-04-14
3288,Julia Martinez,julia.martinez2288@example.com,Toronto,2023-01-27
3289,Kevin Smith,kevin.smith2289@example.com,London,2023-11-19
3290,Nina Miller,nina.miller2290@example.com,Chicago,2024-01-13
3291,Sam Martinez,sam.martinez2291@example.com,Singapore,2023-05-29
3292,Bob Davis,bob.davis2292@example.com,Toronto,2023-09-06
3293,Quinn Martinez,quinn.martinez2293@example.com,Mumbai,2024-04-23
3294,Paula Brown,paula.brown2294@example.com,New York,2023-09-28
3295,Alice Miller,alice.miller2295@example.com,Mumbai,2023-06-11
3296,Rachel Johnson,rachel.johnson2296@example.com,Berlin,2024-04-02
3297,Nina Anderson,nina.anderson2297@example.com,Chicago,2023-03-01
3298,Paula Martinez,paula.martinez2298@example.com,Sydney,2023-08-18
3299,Nina Smith,nina.smith2299@example.com,Tokyo,2023-05-28
3300,George Davis,george.davis2300@example.com,,2023-08-13
3301,Hannah Rodriguez,hannah.rodriguez2301@example.com,Paris,2023-10-28
3302,Kevin Anderson,kevin.anderson2302@example.com,Mumbai,2024-03-12
3303,Oscar Williams,oscar.williams2303@example.com,Berlin,2024-01-06
3304,Michael Miller,michael.miller2304@example.com,Sydney,2024-02-12
3305,Paula Gonzalez,paula.gonzalez2305@example.com,Tokyo,2023-11-15
3306,George Jones,george.jones2306@example.com,London,2023-12-08
3307,Paula Williams,paula.williams2307@example.com,Tokyo,2023-04-13
3308,Fiona Martinez,fiona.martinez2308@example.com,Chicago,2023-02-21
3309,Nina Davis,nina.davis2309@example.com,Berlin,2023-05-01
3310,George Rodriguez,george.rodriguez2310@example.com,New York,2023-01-10
3311,Laura Anderson,laura.anderson2311@example.com,Berlin,2023-07-02
3312,Fiona Williams,fiona.williams2312@example.com,Singapore,2023-01-17
3313,Charlie Garcia,charlie.garcia2313@example.com,Toronto,2023-02-28
3314,Tina Brown,tina.brown2314@example.com,London,2023-10-15
3315,Hannah Davis,hannah.davis2315@example.com,Berlin,2023-06-24
3316,Laura Gonzalez,laura.gonzalez2316@example.com,New York,2024-01-30
3317,Rachel Jones,rachel.jones2317@example.com,Tokyo,2024-03-12
3318,Quinn Martinez,quinn.martinez2318@example.com,London,2023-12-28
3319,Bob Anderson,bob.anderson2319@example.com,Chicago,2024-02-14
3320,Oscar Wilson,oscar.wilson2320@example.com,London,2024-05-14
3321,Diana Gonzalez,diana.gonzalez2321@example.com,Mumbai,2023-11-09
3322,Diana Wilson,diana.wilson2322@example.com,Singapore,2023-01-22
3323,Quinn Johnson,quinn.johnson2323@example.com,Tokyo,2023-11-19
3324,Diana Wilson,diana.wilson2324@example.com,Paris,2024-04-11
3325,Laura Williams,laura.williams2325@example.com,,2023-12-29
3326,Oscar Gonzalez,oscar.gonzalez2326@example.com,Singapore,2023-09-13
3327,Diana Williams,diana.williams2327@example.com,Sydney,2023-06-21
3328,Evan Johnson,evan.johnson2328@example.com,Paris,2023-08-13
3329,Nina Gonzalez,nina.gonzalez2329@example.com,New York,2023-05-06
3330,Paula Garcia,paula.garcia2330@example.com,Berlin,2023-09-16
3331,Fiona Johnson,fiona.johnson2331@example.com,Berlin,2023-07-10
3332,Nina Garcia,nina.garcia2332@example.com,Paris,2023-03-19
3333,Quinn Miller,quinn.miller2333@example.com,Paris,2023-03-12
3334,Nina Miller,nina.miller2334@example.com,Toronto,2024-04-04
3335,Oscar Wilson,oscar.wilson2335@example.com,Singapore,2024-02-11
3336,Laura Smith,laura.smith2336@example.com,Chicago,2023-03-16
3337,Alice Lopez,alice.lopez2337@example.com,Singapore,2024-04-28
3338,Charlie Johnson,charlie.johnson2338@example.com,Sydney,2023-06-11
3339,Michael Gonzalez,michael.gonzalez2339@example.com,Tokyo,2023-08-11
3340,Bob Miller,bob.miller2340@example.com,New York,2023-12-05
3341,Evan Anderson,evan.anderson2341@example.com,Mumbai,2023-01-30
3342,Quinn Jones,quinn.jones2342@example.com,Toronto,2023-07-25
3343,Rachel Wilson,rachel.wilson2343@example.com,Berlin,2024-01-05
3344,Kevin Anderson,kevin.anderson2344@example.com,Sydney,2023-01-05
3345,Ian Anderson,ian.anderson2345@example.com,Singapore,2023-11-09
3346,Evan Lopez,evan.lopez2346@example.com,Toronto,2023-08-17
3347,George Anderson,george.anderson2347@example.com,Singapore,2023-11-16
3348,Tina Hernandez,tina.hernandez2348@example.com,Chicago,2023-12-24
3349,Laura Anderson,laura.anderson2349@example.com,Toronto,2024-02-02
3350,George Anderson,george.anderson2350@example.com,,2023-02-13
3351,Bob Rodriguez,bob.rodriguez2351@example.com,Sydney,2023-07-19
3352,Evan Rodriguez,evan.rodriguez2352@example.com,Singapore,2023-05-26
3353,George Johnson,george.johnson2353@example.com,Singapore,2023-10-10
3354,Julia Rodriguez,julia.rodriguez2354@example.com,Sydney,2024-01-23
3355,Fiona Smith,fiona.smith2355@example.com,New York,2024-03-31
3356,Rachel Martinez,rachel.martinez2356@example.com,Berlin,2023-05-04
3357,Julia Lopez,julia.lopez2357@example.com,Toronto,2023-09-16
3358,Diana Lopez,diana.lopez2358@example.com,New York,2024-03-06
3359,Laura Jones,laura.jones2359@example.com,Singapore,2023-07-01
3360,Diana Smith,diana.smith2360@example.com,London,2023-08-18
3361,Julia Martinez,julia.martinez2361@example.com,New York,2023-08-21
3362,Kevin Brown,kevin.brown2362@example.com,Mumbai,2023-10-17
3363,Rachel Wilson,rachel.wilson2363@example.com,Mumbai,2023-04-30
3364,Laura Jones,laura.jones2364@example.com,Berlin,2023-12-08
3365,Sam Hernandez,sam.hernandez2365@example.com,Tokyo,2024-01-01
3366,Michael Rodriguez,michael.rodriguez2366@example.com,Paris,2023-02-23
3367,Kevin Rodriguez,kevin.rodriguez2367@example.com,Mumbai,2023-04-09
3368,Laura Davis,laura.davis2368@example.com,London,2023-03-17
3369,Nina Wilson,nina.wilson2369@example.com,Toronto,2023-02-11
3370,Charlie Smith,charlie.smith2370@example.com,Toronto,2024-03-30
3371,Evan Davis,evan.davis2371@example.com,Paris,2023-08-17
3372,Charlie Garcia,charlie.garcia2372@example.com,Singapore,2023-07-26
3373,Sam Rodriguez,sam.rodriguez2373@example.com,Singapore,2024-02-03
3374,Michael Wilson,michael.wilson2374@example.com,Berlin,2023-10-27
3375,Paula Hernandez,paula.hernandez2375@example.com,,2023-08-14
3376,Paula Lopez,paula.lopez2376@example.com,Toronto,2024-02-26
3377,Fiona Williams,fiona.williams2377@example.com,Singapore,2023-03-07
3378,Paula Lopez,paula.lopez2378@example.com,Chicago,2023-03-08
3379,Quinn Wilson,quinn.wilson2379@example.com,Singapore,2023-03-02
3380,George Davis,george.davis2380@example.com,Chicago,2023-01-17
3381,Fiona Rodriguez,fiona.rodriguez2381@example.com,Sydney,2024-04-16
3382,Diana Martinez,diana.martinez2382@example.com,Toronto,2023-02-26
3383,Diana Garcia,diana.garcia2383@example.com,Mumbai,2023-05-29
3384,Bob Rodriguez,bob.rodriguez2384@example.com,Tokyo,2023-03-02
3385,Laura Jones,laura.jones2385@example.com,Sydney,2023-06-05
3386,Julia Davis,julia.davis2386@example.com,New York,2024-02-10
3387,Evan Williams,evan.williams2387@example.com,Mumbai,2023-08-04
3388,Bob Anderson,bob.anderson2388@example.com,Berlin,2024-03-31
3389,Julia Brown,julia.brown2389@example.com,Tokyo,2024-02-24
3390,Paula Smith,paula.smith2390@example.com,London,2023-10-08
3391,Laura Johnson,laura.johnson2391@example.com,New York,2023-08-02
3392,Paula Martinez,paula.martinez2392@example.com,Berlin,2023-10-17
3393,Oscar Anderson,oscar.anderson2393@example.com,Sydney,2024-02-05
3394,Michael Davis,michael.davis2394@example.com,Mumbai,2023-03-09
3395,Evan Rodriguez,evan.rodriguez2395@example.com,Chicago,2024-01-25
3396,Oscar Hernandez,oscar.hernandez2396@example.com,Chicago,2023-03-18
3397,Kevin Johnson,kevin.johnson2397@example.com,Mumbai,2023-12-07
3398,Tina Miller,tina.miller2398@example.com,Toronto,2023-04-30
3399,Michael Garcia,michael.garcia2399@example.com,Singapore,2023-01-24
3400,Oscar Lopez,oscar.lopez2400@example.com,,2023-11-27
3401,Charlie Wilson,charlie.wilson2401@example.com,Tokyo,2023-12-29
3402,Alice Martinez,alice.martinez2402@example.com,Berlin,2023-10-15
3403,Diana Hernandez,diana.hernandez2403@example.com,Singapore,2023-02-13
3404,George Martinez,george.martinez2404@example.com,Singapore,2023-10-23
3405,Bob Martinez,bob.martinez2405@example.com,Singapore,2023-04-07
3406,Paula Rodriguez,paula.rodriguez2406@example.com,New York,2023-03-03
3407,Rachel Williams,rachel.williams2407@example.com,New York,2023-05-21
3408,George Brown,george.brown2408@example.com,Mumbai,2023-08-16
3409,Charlie Gonzalez,charlie.gonzalez2409@example.com,Singapore,2023-11-07
3410,Kevin Miller,kevin.miller2410@example.com,Mumbai,2023-01-24
3411,Paula Wilson,paula.wilson2411@example.com,New York,2023-06-24
3412,Nina Williams,nina.williams2412@example.com,Toronto,2023-01-13
3413,Quinn Garcia,quinn.garcia2413@example.com,Toronto,2023-05-12
3414,Charlie Johnson,charlie.johnson2414@example.com,London,2023-10-05
3415,Fiona Jones,fiona.jones2415@example.com,Tokyo,2023-04-04
3416,Ian Gonzalez,ian.gonzalez2416@example.com,London,2023-03-20
3417,Julia Miller,julia.miller2417@example.com,Tokyo,2023-01-31
3418,Tina Garcia,tina.garcia2418@example.com,Tokyo,2023-01-14
3419,Bob Jones,bob.jones2419@example.com,Toronto,2023-02-20
3420,Kevin Williams,kevin.williams2420@example.com,Toronto,2024-04-02
3421,Kevin Jones,kevin.jones2421@example.com,Toronto,2024-04-27
3422,Diana Smith,diana.smith2422@example.com,Paris,2023-05-03
3423,Tina Martinez,tina.martinez2423@example.com,Paris,2023-09-10
3424,Quinn Gonzalez,quinn.gonzalez2424@example.com,Singapore,2023-07-17
3425,Diana Jones,diana.jones2425@example.com,,2023-06-12
3426,Oscar Rodriguez,oscar.rodriguez2426@example.com,Toronto,2023-02-03
3427,Paula Smith,paula.smith2427@example.com,Toronto,2023-11-21
3428,Hannah Anderson,hannah.anderson2428@example.com,New York,2023-05-18
3429,Rachel Martinez,rachel.martinez2429@example.com,London,2023-05-07
3430,Rachel Hernandez,rachel.hernandez2430@example.com,Tokyo,2023-06-05
3431,Sam Miller,sam.miller2431@example.com,Chicago,2023-02-12
3432,Quinn Brown,quinn.brown2432@example.com,Tokyo,2023-07-11
3433,Rachel Williams,rachel.williams2433@example.com,Paris,2023-10-03
3434,Nina Anderson,nina.anderson2434@example.com,Singapore,2023-08-20
3435,Bob Smith,bob.smith2435@example.com,Chicago,2024-05-07
3436,Tina Jones,tina.jones2436@example.com,Tokyo,2023-01-01
3437,Bob Anderson,bob.anderson2437@example.com,Chicago,2023-05-20
3438,Tina Jones,tina.jones2438@example.com,Toronto,2023-06-29
3439,George Martinez,george.martinez2439@example.com,Singapore,2023-05-25
3440,Bob Williams,bob.williams2440@example.com,Singapore,2023-10-16
3441,Charlie Jones,charlie.jones2441@example.com,London,2023-07-22
3442,Diana Wilson,diana.wilson2442@example.com,Tokyo,2024-01-07
3443,Rachel Jones,rachel.jones2443@example.com,Toronto,2023-04-18
3444,Tina Rodriguez,tina.rodriguez2444@example.com,Sydney,2024-03-28
3445,Kevin Hernandez,kevin.hernandez2445@example.com,Berlin,2024-01-21
3446,Oscar Jones,oscar.jones2446@example.com,Paris,2023-12-06
3447,Kevin Garcia,kevin.garcia2447@example.com,Paris,2023-08-24
3448,Tina Garcia,tina.garcia2448@example.com,New York,2024-04-12
3449,Evan Hernandez,evan.hernandez2449@example.com,New York,2023-11-08
3450,Paula Smith,paula.smith2450@example.com,,2023-12-11
3451,Fiona Miller,fiona.miller2451@example.com,Singapore,2024-04-03
3452,Paula Gonzalez,paula.gonzalez2452@example.com,Toronto,2023-10-03
3453,Charlie Gonzalez,charlie.gonzalez2453@example.com,London,2023-10-03
3454,Alice Anderson,alice.anderson2454@example.com,Chicago,2023-12-11
3455,Diana Garcia,diana.garcia2455@example.com,Toronto,2024-02-28
3456,Tina Garcia,tina.garcia2456@example.com,Toronto,2023-04-01
3457,Alice Johnson,alice.johnson2457@example.com,Chicago,2023-07-09
3458,George Davis,george.davis2458@example.com,New York,2023-04-24
3459,Alice Gonzalez,alice.gonzalez2459@example.com,Berlin,2023-12-15
3460,Laura Brown,laura.brown2460@example.com,London,2024-02-22
3461,Tina Hernandez,tina.hernandez2461@example.com,Berlin,2024-02-18
3462,Hannah Brown,hannah.brown2462@example.com,Chicago,2024-05-10
3463,Laura Smith,laura.smith2463@example.com,Berlin,2023-09-10
3464,Tina Brown,tina.brown2464@example.com,New York,2023-04-11
3465,Michael Johnson,michael.johnson2465@example.com,Berlin,2023-10-19
3466,Quinn Davis,quinn.davis2466@example.com,Tokyo,2023-10-10
3467,George Hernandez,george.hernandez2467@example.com,Mumbai,2023-12-11
3468,Tina Martinez,tina.martinez2468@example.com,Tokyo,2023-02-03
3469,Sam Williams,sam.williams2469@example.com,London,2023-03-07
3470,Ian Anderson,ian.anderson2470@example.com,Mumbai,2024-03-14
3471,Hannah Anderson,hannah.anderson2471@example.com,Singapore,2024-01-09
3472,Ian Brown,ian.brown2472@example.com,New York,2024-05-11
3473,Rachel Martinez,rachel.martinez2473@example.com,Berlin,2023-12-15
3474,Rachel Anderson,rachel.anderson2474@example.com,Chicago,2023-01-02
3475,Nina Hernandez,nina.hernandez2475@example.com,,2024-03-13
3476,Kevin Miller,kevin.miller2476@example.com,Toronto,2023-05-21
3477,Diana Hernandez,diana.hernandez2477@example.com,Singapore,2023-08-27
3478,Paula Garcia,paula.garcia2478@example.com,Singapore,2024-01-24
3479,Bob Anderson,bob.anderson2479@example.com,Paris,2023-01-25
3480,Ian Anderson,ian.anderson2480@example.com,Toronto,2023-09-30
3481,Oscar Garcia,oscar.garcia2481@example.com,New York,2023-07-20
3482,George Garcia,george.garcia2482@example.com,London,2024-03-26
3483,Sam Gonzalez,sam.gonzalez2483@example.com,New York,2024-01-13
3484,Hannah Lopez,hannah.lopez2484@example.com,Toronto,2024-05-05
3485,Charlie Anderson,charlie.anderson2485@example.com,Paris,2023-04-11
3486,Fiona Garcia,fiona.garcia2486@example.com,Berlin,2023-02-02
3487,Diana Smith,diana.smith2487@example.com,Chicago,2023-08-10
3488,Alice Martinez,alice.martinez2488@example.com,Sydney,2024-03-06
3489,Ian Brown,ian.brown2489@example.com,London,2023-08-31
3490,Hannah Garcia,hannah.garcia2490@example.com,New York,2024-02-25
3491,Kevin Rodriguez,kevin.rodriguez2491@example.com,Paris,2024-04-28
3492,Charlie Gonzalez,charlie.gonzalez2492@example.com,Mumbai,2023-11-14
3493,Oscar Gonzalez,oscar.gonzalez2493@example.com,London,2023-11-17
3494,Oscar Martinez,oscar.martinez2494@example.com,London,2023-02-13
3495,Bob Anderson,bob.anderson2495@example.com,New York,2023-07-13
3496,Kevin Anderson,kevin.anderson2496@example.com,London,2024-02-05
3497,Evan Smith,evan.smith2497@example.com,Chicago,2023-01-29
3498,Julia Martinez,julia.martinez2498@example.com,Toronto,2023-02-03
3499,Diana Hernandez,diana.hernandez2499@example.com,New York,2023-10-14
3500,Bob Jones,bob.jones2500@example.com,,2023-07-25
2448,Nina Wilson,nina.wilson1448@example.com,Sydney,2023-11-08
2115,Tina Anderson,tina.anderson1115@example.com,Mumbai,2023-05-05
2065,Sam Williams,sam.williams1065@example.com,Tokyo,2023-02-23
3288,Julia Martinez,julia.martinez2288@example.com,Toronto,2023-01-27
2538,Sam Martinez,sam.martinez1538@example.com,Paris,2023-11-02
1669,Paula Garcia,paula.garcia669@example.com,Mumbai,2023-01-02
2584,Charlie Martinez,charlie.martinez1584@example.com,Mumbai,2023-01-04
3405,Bob Martinez,bob.martinez2405@example.com,Singapore,2023-04-07
1498,Oscar Rodriguez,oscar.rodriguez498@example.com,Sydney,2023-06-07
3481,Oscar Garcia,oscar.garcia2481@example.com,New York,2023-07-20
1472,Sam Martinez,sam.martinez472@example.com,Sydney,2023-05-02
1247,Nina Hernandez,nina.hernandez247@example.com,Mumbai,2023-08-23
1924,Charlie Jones,charlie.jones924@example.com,New York,2023-07-17
2132,Michael Miller,michael.miller1132@example.com,Sydney,2023-01-09
1671,Laura Wilson,laura.wilson671@example.com,London,2024-02-12
1917,Laura Lopez,laura.lopez917@example.com,Paris,2023-05-21
2415,Ian Rodriguez,ian.rodriguez1415@example.com,Sydney,2023-08-21
2607,Evan Martinez,evan.martinez1607@example.com,Mumbai,2023-09-12
1403,Paula Davis,paula.davis403@example.com,Paris,2024-01-23
2104,Bob Gonzalez,bob.gonzalez1104@example.com,Mumbai,2024-03-07
3073,Julia Anderson,julia.anderson2073@example.com,Tokyo,2023-09-09
1720,Julia Johnson,julia.johnson720@example.com,Singapore,2024-04-16
3012,Hannah Jones,hannah.jones2012@example.com,Tokyo,2023-04-18
3437,Bob Anderson,bob.anderson2437@example.com,Chicago,2023-05-20
1197,Fiona Smith,fiona.smith197@example.com,Paris,2023-12-29
1892,Sam Martinez,sam.martinez892@example.com,London,2024-04-18
2265,Julia Lopez,julia.lopez1265@example.com,Singapore,2024-04-13
2035,Paula Garcia,paula.garcia1035@example.com,Paris,2023-06-19
2326,Tina Brown,tina.brown1326@example.com,Mumbai,2023-10-22
1510,Fiona Lopez,fiona.lopez510@example.com,Sydney,2023-03-28
2428,Paula Rodriguez,paula.rodriguez1428@example.com,Mumbai,2023-12-26
1195,Bob Davis,bob.davis195@example.com,London,2024-02-20
2180,Oscar Williams,oscar.williams1180@example.com,Tokyo,2023-10-17
3033,Diana Williams,diana.williams2033@example.com,Sydney,2023-07-14
1933,Laura Davis,laura.davis933@example.com,Berlin,2023-04-22
2125,Diana Brown,diana.brown1125@example.com,,2024-02-29
2823,Julia Wilson,julia.wilson1823@example.com,London,2023-08-22
2367,Michael Wilson,michael.wilson1367@example.com,Toronto,2023-04-23
2993,Charlie Rodriguez,charlie.rodriguez1993@example.com,Paris,2024-01-28
2259,Hannah Martinez,hannah.martinez1259@example.com,Tokyo,2023-12-12
3275,Paula Jones,paula.jones2275@example.com,,2024-02-21
2274,Sam Jones,sam.jones1274@example.com,Chicago,2024-05-09
2937,Laura Williams,laura.williams1937@example.com,Paris,2023-10-15
2267,Ian Brown,ian.brown1267@example.com,Mumbai,2024-05-08
1773,Oscar Garcia,oscar.garcia773@example.com,Toronto,2023-03-03
2609,Fiona Anderson,fiona.anderson1609@example.com,Mumbai,2023-04-30
2312,Sam Hernandez,sam.hernandez1312@example.com,Paris,2024-02-21
1135,Bob Jones,bob.jones135@example.com,Mumbai,2023-06-09
2856,Rachel Williams,rachel.williams1856@example.com,Tokyo,2024-02-07
3400,Oscar Lopez,oscar.lopez2400@example.com,,2023-11-27
1421,Kevin Johnson,kevin.johnson421@example.com,Toronto,2023-12-09
2756,Fiona Davis,fiona.davis1756@example.com,Toronto,2023-09-01
1708,Michael Johnson,michael.johnson708@example.com,Paris,2023-09-13
1094,Ian Smith,ian.smith94@example.com,Sydney,2023-04-22
1057,Charlie Davis,charlie.davis57@example.com,Sydney,2023-10-28
1219,Tina Gonzalez,tina.gonzalez219@example.com,Tokyo,2024-01-05
2037,Rachel Hernandez,rachel.hernandez1037@example.com,Toronto,2023-07-26
2294,Bob Wilson,bob.wilson1294@example.com,Chicago,2023-07-10
2953,Tina Hernandez,tina.hernandez1953@example.com,Paris,2023-10-26
2450,Michael Gonzalez,michael.gonzalez1450@example.com,,2024-04-19
3360,Diana Smith,diana.smith2360@example.com,London,2023-08-18
2466,Julia Smith,julia.smith1466@example.com,Mumbai,2023-07-15
1299,Charlie Rodriguez,charlie.rodriguez299@example.com,Singapore,2023-05-29
3178,Tina Hernandez,tina.hernandez2178@example.com,Paris,2024-04-09
1179,Laura Garcia,laura.garcia179@example.com,Tokyo,2023-05-01
2188,Quinn Hernandez,quinn.hernandez1188@example.com,Berlin,2024-03-03
2473,Evan Garcia,evan.garcia1473@example.com,Singapore,2023-12-24
1189,Oscar Smith,oscar.smith189@example.com,New York,2023-07-08
1573,Tina Brown,tina.brown573@example.com,Chicago,2023-02-24
1434,Nina Lopez,nina.lopez434@example.com,Singapore,2024-04-12
1519,Paula Hernandez,paula.hernandez519@example.com,Chicago,2023-01-09
3347,George Anderson,george.anderson2347@example.com,Singapore,2023-11-16
3272,Alice Miller,alice.miller2272@example.com,London,2023-01-07
2085,Julia Brown,julia.brown1085@example.com,Singapore,2023-01-17
2289,Ian Brown,ian.brown1289@example.com,Paris,2023-04-14
2124,George Wilson,george.wilson1124@example.com,Toronto,2024-03-03
2342,Diana Johnson,diana.johnson1342@example.com,London,2024-04-24
3257,Evan Williams,evan.williams2257@example.com,Berlin,2024-03-06
2491,Oscar Martinez,oscar.martinez1491@example.com,Tokyo,2023-08-14
1044,Julia Brown,julia.brown44@example.com,London,2023-08-11
2879,Alice Lopez,alice.lopez1879@example.com,Toronto,2024-01-12
1451,Nina Garcia,nina.garcia451@example.com,London,2023-10-05
3046,Diana Miller,diana.miller2046@example.com,Chicago,2023-09-25
1045,Diana Gonzalez,diana.gonzalez45@example.com,London,2023-08-16
2284,Kevin Johnson,kevin.johnson1284@example.com,Singapore,2024-04-21
2968,Charlie Williams,charlie.williams1968@example.com,Paris,2023-06-05
3091,Kevin Smith,kevin.smith2091@example.com,Chicago,2023-12-03
1255,Quinn Rodriguez,quinn.rodriguez255@example.com,New York,2023-07-19
2946,Julia Gonzalez,julia.gonzalez1946@example.com,Mumbai,2023-12-08
2875,Fiona Martinez,fiona.martinez1875@example.com,,2024-03-13
2863,George Miller,george.miller1863@example.com,Paris,2023-02-07
1565,Michael Gonzalez,michael.gonzalez565@example.com,London,2024-01-07
1213,Paula Brown,paula.brown213@example.com,Paris,2023-03-12
1867,Ian Johnson,ian.johnson867@example.com,Singapore,2023-07-18
1743,Nina Brown,nina.brown743@example.com,Sydney,2023-05-08
2252,Ian Brown,ian.brown1252@example.com,Sydney,2023-02-10
2048,Oscar Garcia,oscar.garcia1048@example.com,Singapore,2024-01-28
2737,Tina Lopez,tina.lopez1737@example.com,Berlin,2024-01-08
2018,Fiona Johnson,fiona.johnson1018@example.com,Tokyo,2023-12-23
1171,Alice Garcia,alice.garcia171@example.com,Tokyo,2024-02-15
