order_id,customer_id,product_id,order_date,quantity,total_amount,order_status
50001,1393,2159,2023-12-28,2,871.35,Shipped
50002,1044,2117,2023-12-14,4,1610.81,Cancelled
50003,1415,2087,2024-04-29,1,240.69,Completed
50004,3408,2050,2023-07-26,1,30.84,Shipped
50005,1277,2152,2023-09-08,5,424.21,Cancelled
50006,2050,2091,2024-01-02,4,1476.78,Pending
50007,1762,2063,2023-08-10,1,53.73,Completed
50008,3395,2112,2024-02-18,3,518.44,Cancelled
50009,1597,2038,2024-01-27,3,934.74,Completed
50010,2511,2003,2024-02-21,5,1686.98,Completed
50011,1235,2061,2024-02-15,5,2164.42,Pending
50012,2409,2051,2023-09-11,2,796.0,Completed
50013,1776,2171,2024-01-30,4,1239.55,Completed
50014,3370,2145,2023-11-19,5,836.63,Completed
50015,1665,2027,2024-01-19,1,260.57,Completed
50016,1914,2178,2023-09-26,4,1285.45,Completed
50017,2970,2189,2023-11-17,4,490.1,Completed
50018,1028,2093,2023-06-06,1,195.0,Cancelled
50019,1472,2037,2023-10-27,4,469.37,Cancelled
50020,2475,2012,2023-06-16,2,237.93,Completed
50021,1897,2068,2023-08-29,3,1282.74,Completed
50022,1732,2051,2023-06-12,2,850.74,Completed
50023,1086,2174,2023-08-10,4,1344.25,Completed
50024,2387,2054,2023-11-04,4,556.28,Completed
50025,1702,2135,2024-04-15,4,1768.94,Completed
50026,1486,2037,2023-08-06,2,232.1,Pending
50027,2533,2082,2024-04-02,4,1956.26,Completed
50028,1190,2196,2024-04-11,5,574.12,Cancelled
50029,2205,2039,2023-11-15,2,100.6,Completed
50030,1518,2131,2024-03-26,4,497.55,Completed
50031,2928,2170,2024-04-10,1,104.53,Pending
50032,3086,2096,2024-02-11,5,1227.63,Completed
50033,2532,2135,2024-05-21,4,1459.73,Pending
50034,2941,2069,2024-03-24,4,1312.4,Cancelled
50035,1150,2054,2023-09-21,2,479.48,Completed
50036,2622,2056,2023-11-04,4,1788.55,Cancelled
50037,1644,2096,2023-10-09,5,326.3,Completed
50038,2209,2114,2024-02-21,3,403.0,Completed
50039,2906,2132,2024-04-14,3,682.2,Pending
50040,2772,2105,2023-12-06,4,,Pending
50041,1102,2046,2024-01-13,2,302.34,Completed
50042,2471,2022,2023-10-29,5,1342.88,Shipped
50043,1321,2071,2023-09-25,1,81.33,Completed
50044,1157,2140,2023-09-11,3,355.22,Completed
50045,2025,2078,2024-05-15,3,346.67,Cancelled
50046,1565,2193,2024-03-05,3,87.16,Completed
50047,2155,2089,2023-12-24,4,1661.54,Shipped
50048,1049,2121,2024-04-30,5,2474.53,Completed
50049,2629,2059,2023-09-25,2,500.72,Cancelled
50050,3405,2142,2024-01-26,4,747.25,Completed
50051,2283,2049,2024-01-06,4,498.21,Pending
50052,3288,2008,2023-12-09,2,598.63,Completed
50053,2252,2189,2023-06-05,4,1639.76,Completed
50054,2392,2058,2024-01-01,4,1402.95,Pending
50055,3203,2077,2023-11-14,5,180.19,Completed
50056,1570,2040,2023-11-17,5,1620.87,Cancelled
50057,3490,2147,2023-12-18,4,487.99,Pending
50058,1261,2137,2023-12-15,2,501.04,Completed
50059,3333,2116,2024-04-23,3,207.87,Completed
50060,3265,2046,2023-06-17,5,1285.46,Completed
50061,1816,2018,2023-12-15,3,368.4,Completed
50062,3148,2018,2024-01-19,1,200.11,Completed
50063,1704,2084,2023-12-28,4,398.37,Completed
50064,1529,2138,2024-01-01,4,1511.97,Pending
50065,1846,2034,2023-09-14,3,690.89,Shipped
50066,2945,2041,2024-04-05,5,2355.49,Cancelled
50067,1832,2129,2024-05-16,4,623.34,Completed
50068,1585,2115,2023-07-03,4,1249.21,Completed
50069,3154,2085,2024-03-18,4,974.39,Cancelled
50070,1161,2189,2023-07-17,3,995.98,Pending
50071,2421,2180,2024-05-30,3,632.3,Completed
50072,2701,2064,2023-08-31,5,1866.45,Pending
50073,2576,2169,2023-09-02,5,351.89,Shipped
50074,1179,2062,2023-08-20,3,1332.64,Cancelled
50075,2196,2171,2023-07-05,2,913.3,Pending
50076,3265,2032,2023-12-06,1,383.81,Cancelled
50077,2336,2105,2024-01-17,2,290.13,Cancelled
50078,1183,2119,2023-06-14,1,328.46,Shipped
50079,2892,2098,2023-11-23,4,1725.97,Pending
50080,1155,2003,2023-10-07,1,,Completed
50081,2340,2172,2024-01-24,4,976.58,Completed
50082,3247,2169,2023-10-03,4,366.49,Completed
50083,1661,2044,2023-06-10,5,363.72,Completed
50084,1509,2137,2023-12-18,2,123.71,Completed
50085,2120,2040,2024-01-12,3,328.56,Shipped
50086,1142,2173,2024-02-28,2,469.96,Completed
50087,3142,2165,2024-05-05,1,210.54,Completed
50088,2819,2014,2024-04-02,1,48.12,Pending
50089,1827,2064,2023-12-09,2,239.99,Completed
50090,2728,2008,2023-06-08,3,1244.25,Shipped
50091,1259,2057,2023-07-20,2,737.81,Completed
50092,2703,2132,2023-07-26,3,534.82,Shipped
50093,1777,2160,2023-09-15,5,1063.28,Pending
50094,1495,2060,2023-09-18,1,194.37,Completed
50095,1062,2103,2024-04-30,3,92.07,Completed
50096,2880,2057,2023-07-04,3,1001.17,Completed
50097,1180,2018,2023-09-20,4,672.92,Cancelled
50098,3047,2027,2024-05-30,5,2004.24,Cancelled
50099,1703,2065,2023-07-19,5,895.34,Shipped
50100,2592,2174,2024-05-21,2,365.44,Shipped
50101,2303,2171,2024-02-02,1,184.17,Cancelled
50102,3397,2115,2023-12-13,5,1646.41,Completed
50103,3063,2151,2024-05-26,1,135.49,Cancelled
50104,1509,2080,2023-09-30,4,1538.77,Cancelled
50105,1326,2016,2023-08-10,3,785.69,Completed
50106,1622,2097,2023-09-13,1,138.08,Shipped
50107,3450,2114,2023-11-16,2,314.22,Shipped
50108,1163,2134,2023-12-30,3,1144.54,Completed
50109,2357,2088,2023-10-03,2,562.35,Shipped
50110,2018,2176,2024-05-22,2,627.66,Pending
50111,3136,2083,2023-09-02,4,1296.59,Completed
50112,3014,2018,2023-09-07,1,326.32,Completed
50113,1837,2033,2023-07-17,2,613.0,Completed
50114,1968,2130,2023-07-11,4,1477.48,Completed
50115,1673,2185,2023-09-10,2,452.82,Cancelled
50116,2020,2078,2023-10-25,5,1189.64,Shipped
50117,1825,2070,2024-02-02,1,476.73,Completed
50118,2632,2097,2023-08-25,4,938.61,Cancelled
50119,3497,2189,2024-01-08,2,828.62,Pending
50120,1082,2196,2023-12-13,4,,Completed
50121,3438,2138,2023-08-18,5,1850.79,Completed
50122,2559,2119,2023-11-04,4,638.13,Cancelled
50123,3483,2124,2023-07-07,3,269.74,Pending
50124,1802,2040,2023-09-06,1,31.1,Cancelled
50125,2533,2126,2023-12-25,4,1886.54,Shipped
50126,2529,2099,2024-02-06,3,988.49,Cancelled
50127,1292,2105,2023-06-20,1,207.79,Cancelled
50128,1666,2050,2024-01-10,3,1174.06,Shipped
50129,2428,2131,2024-05-29,4,1306.46,Completed
50130,1237,2167,2023-12-15,4,1497.76,Completed
50131,2957,2009,2023-12-03,1,356.3,Shipped
50132,1606,2067,2024-04-05,4,1894.1,Completed
50133,2042,2064,2024-04-04,5,2385.47,Completed
50134,1051,2030,2023-07-18,4,855.57,Cancelled
50135,1330,2133,2023-09-05,4,415.06,Pending
50136,2036,2178,2023-11-02,5,2423.25,Shipped
50137,2568,2151,2023-11-05,4,1529.68,Shipped
50138,1365,2028,2024-04-21,5,1969.64,Completed
50139,1585,2069,2023-09-16,4,1428.12,Completed
50140,1690,2126,2023-06-01,1,58.17,Shipped
50141,2712,2135,2023-12-31,3,1119.59,Completed
50142,1723,2096,2023-09-04,2,238.12,Completed
50143,3059,2029,2024-01-17,5,2059.13,Completed
50144,1824,2016,2023-09-02,2,296.38,Pending
50145,2806,2161,2024-04-15,1,437.47,Completed
50146,1327,2076,2023-07-14,4,336.9,Completed
50147,2402,2008,2024-03-26,2,504.0,Shipped
50148,1413,2003,2023-07-02,3,1146.31,Completed
50149,3386,2011,2023-07-20,2,546.22,Completed
50150,2539,2155,2024-02-22,3,1403.28,Pending
50151,2381,2155,2024-01-06,3,603.37,Completed
50152,2292,2062,2023-12-02,4,819.03,Completed
50153,2459,2085,2023-07-22,1,242.04,Shipped
50154,2646,2186,2023-08-11,1,310.91,Cancelled
50155,2145,2180,2023-10-06,3,718.98,Shipped
50156,2947,2132,2023-12-29,2,52.97,Shipped
50157,2320,2005,2024-04-20,3,1319.64,Shipped
50158,2334,2174,2024-01-14,2,626.42,Pending
50159,1334,2090,2024-01-06,4,1975.06,Shipped
50160,1412,2188,2023-12-15,3,,Shipped
50161,1587,2134,2024-03-19,5,200.4,Pending
50162,1357,2078,2024-05-10,5,2469.65,Pending
50163,1689,2115,2023-07-30,4,1359.02,Completed
50164,1997,2055,2023-08-27,1,75.1,Shipped
50165,1120,2042,2023-11-15,4,1555.99,Completed
50166,2056,2171,2024-01-30,1,341.1,Cancelled
50167,3016,2024,2024-05-20,3,1317.52,Cancelled
50168,3461,2017,2024-04-25,3,612.24,Shipped
50169,2564,2168,2024-04-24,5,2419.84,Pending
50170,1956,2058,2023-10-11,1,163.21,Completed
50171,1366,2088,2024-03-30,2,757.39,Completed
50172,3347,2095,2023-08-05,3,1434.55,Cancelled
50173,1007,2080,2023-07-02,5,1397.06,Pending
50174,2736,2082,2023-12-04,2,543.76,Cancelled
50175,3420,2057,2023-07-25,4,117.46,Pending
50176,2295,2038,2023-10-30,2,524.84,Pending
50177,1604,2154,2023-10-24,2,759.71,Shipped
50178,1141,2154,2023-11-11,3,790.89,Shipped
50179,1506,2071,2024-05-27,5,1260.92,Completed
50180,3028,2075,2024-05-26,4,211.74,Completed
50181,1626,2184,2023-09-16,2,715.39,Completed
50182,1734,2125,2023-12-18,3,1477.76,Shipped
50183,1653,2006,2024-03-07,4,741.08,Shipped
50184,2940,2090,2023-12-18,4,236.46,Shipped
50185,2160,2073,2024-05-22,2,716.05,Cancelled
50186,2613,2025,2023-08-07,3,1146.98,Cancelled
50187,1222,2182,2023-11-03,4,1343.8,Cancelled
50188,1564,2114,2024-05-22,4,653.05,Completed
50189,1860,2056,2023-09-09,1,197.06,Cancelled
50190,1418,2174,2023-08-15,4,1905.76,Pending
50191,1690,2015,2023-07-20,3,1463.18,Completed
50192,1215,2031,2024-02-19,3,920.58,Completed
50193,2655,2063,2023-06-18,1,139.41,Pending
50194,2240,2177,2024-04-01,2,670.16,Pending
50195,1368,2200,2024-01-24,4,622.91,Shipped
50196,2824,2095,2023-06-06,1,80.4,Completed
50197,3004,2165,2024-05-08,5,659.22,Cancelled
50198,3347,2147,2024-02-01,3,1063.56,Completed
50199,3429,2047,2023-12-14,4,1999.91,Shipped
50200,2777,2077,2024-03-19,2,,Completed
50201,3202,2048,2023-12-25,1,212.05,Cancelled
50202,3172,2126,2023-07-03,5,2113.22,Cancelled
50203,1509,2193,2023-09-15,1,110.82,Cancelled
50204,1738,2002,2024-03-11,4,1620.97,Completed
50205,1161,2033,2024-03-21,2,670.01,Completed
50206,3304,2066,2023-06-18,1,490.47,Cancelled
50207,2223,2094,2024-03-05,2,451.9,Shipped
50208,1001,2064,2023-11-01,1,474.45,Cancelled
50209,2202,2169,2024-02-29,4,365.72,Pending
50210,2282,2134,2023-11-28,5,1403.25,Completed
50211,1406,2170,2023-06-23,2,84.9,Completed
50212,2228,2056,2023-08-08,5,1436.17,Cancelled
50213,2471,2072,2023-08-05,5,1127.29,Cancelled
50214,2045,2067,2023-12-13,2,430.06,Completed
50215,2042,2174,2024-01-04,2,559.11,Completed
50216,2104,2163,2024-05-22,2,728.72,Cancelled
50217,3095,2155,2023-08-23,4,1660.98,Completed
50218,2777,2098,2023-06-14,5,712.81,Completed
50219,1511,2137,2023-07-27,5,1091.11,Completed
50220,1365,2093,2023-11-18,3,283.52,Completed
50221,2121,2003,2023-07-21,4,1961.02,Completed
50222,2551,2027,2023-08-03,2,550.15,Completed
50223,3412,2126,2023-07-19,5,953.64,Cancelled
50224,2156,2142,2023-10-17,5,360.28,Completed
50225,1700,2082,2023-12-17,2,377.91,Shipped
50226,3178,2142,2024-03-31,4,1006.04,Completed
50227,2062,2003,2024-05-17,5,1818.9,Shipped
50228,1518,2037,2023-12-11,5,1871.63,Completed
50229,2517,2182,2023-10-06,5,1118.33,Pending
50230,1750,2113,2023-11-29,4,1054.24,Completed
50231,2753,2134,2023-09-26,3,980.78,Completed
50232,2252,2105,2023-11-08,1,326.47,Completed
50233,1984,2024,2023-08-24,5,261.35,Shipped
50234,2171,2142,2024-02-08,1,482.03,Pending
50235,3084,2188,2023-08-09,4,1045.83,Shipped
50236,3181,2179,2023-08-03,4,126.41,Completed
50237,1030,2183,2024-01-04,5,1905.46,Completed
50238,3164,2176,2024-04-07,1,313.5,Completed
50239,3145,2058,2023-08-29,1,199.35,Completed
50240,3105,2091,2023-06-27,4,,Completed
50241,2529,2029,2023-11-21,2,840.14,Completed
50242,2189,2077,2024-02-03,3,452.27,Completed
50243,3330,2101,2023-09-20,3,1398.98,Shipped
50244,3112,2010,2024-01-24,5,2139.84,Completed
50245,2458,2002,2024-04-11,4,724.25,Completed
50246,1439,2002,2023-11-27,2,431.96,Completed
50247,1416,2111,2024-02-07,2,130.51,Cancelled
50248,1630,2106,2023-08-03,4,113.13,Shipped
50249,2025,2058,2024-01-27,4,811.19,Completed
50250,2755,2047,2024-03-01,3,229.89,Pending
50251,2800,2042,2023-08-11,3,1139.6,Completed
50252,2472,2182,2023-09-10,1,115.04,Completed
50253,1548,2102,2024-01-02,3,1358.92,Completed
50254,1816,2123,2024-05-06,3,244.28,Pending
50255,3254,2127,2024-05-15,2,358.64,Pending
50256,3056,2186,2023-12-17,2,154.25,Completed
50257,1087,2033,2023-08-19,3,787.5,Shipped
50258,1969,2014,2024-05-13,3,687.27,Cancelled
50259,1033,2112,2024-02-01,3,477.17,Completed
50260,2757,2064,2024-04-12,2,742.79,Completed
50261,2022,2072,2023-07-29,3,1491.82,Completed
50262,2758,2051,2024-01-29,1,358.04,Cancelled
50263,1743,2049,2024-03-29,2,267.91,Completed
50264,2644,2010,2023-10-19,2,932.64,Pending
50265,1073,2158,2023-09-11,1,435.57,Pending
50266,2669,2135,2023-11-04,2,260.69,Pending
50267,2963,2016,2024-02-17,4,1323.36,Completed
50268,1451,2069,2023-12-04,3,1418.77,Shipped
50269,2713,2064,2023-11-11,1,111.33,Completed
50270,1214,2170,2023-11-12,2,321.05,Completed
50271,3485,2026,2024-01-07,2,289.65,Pending
50272,2490,2086,2023-11-03,1,71.02,Completed
50273,3261,2198,2023-08-06,3,588.81,Completed
50274,3413,2136,2024-04-05,3,414.51,Completed
50275,1861,2150,2023-12-14,1,446.42,Completed
50276,3466,2031,2023-06-22,5,2424.78,Shipped
50277,1781,2050,2024-05-26,4,1858.45,Completed
50278,3239,2159,2023-11-23,3,1108.62,Completed
50279,3186,2185,2023-08-18,1,85.72,Pending
50280,3255,2183,2023-10-08,5,,Completed
50281,2837,2162,2023-07-31,4,228.65,Pending
50282,3146,2129,2023-06-12,2,619.2,Shipped
50283,1529,2075,2023-06-24,5,269.38,Shipped
50284,1780,2190,2023-12-21,4,1400.92,Cancelled
50285,1308,2043,2024-01-11,5,1037.36,Pending
50286,2642,2156,2023-10-18,2,224.86,Completed
50287,3343,2056,2024-03-30,1,442.6,Cancelled
50288,2866,2129,2024-05-28,5,739.73,Completed
50289,2214,2182,2023-10-16,5,407.87,Completed
50290,1187,2137,2023-09-30,3,130.7,Completed
50291,2138,2035,2023-10-17,1,330.15,Completed
50292,1861,2137,2023-07-30,1,333.11,Shipped
50293,3479,2095,2023-11-14,1,474.55,Cancelled
50294,2082,2185,2023-08-08,4,1806.84,Completed
50295,2330,2015,2024-04-16,1,416.37,Completed
50296,2146,2046,2023-10-10,1,280.26,Cancelled
50297,1436,2185,2024-05-18,4,1896.75,Completed
50298,3476,2142,2023-09-14,4,519.21,Completed
50299,1836,2149,2024-04-18,4,395.72,Completed
50300,2778,2095,2023-08-15,4,278.01,Completed
50301,2882,2048,2023-08-30,2,591.18,Shipped
50302,1739,2166,2023-10-23,1,172.33,Completed
50303,2615,2176,2024-04-07,2,115.98,Completed
50304,2747,2063,2024-01-19,4,290.44,Cancelled
50305,1563,2187,2023-06-07,5,361.86,Pending
50306,1085,2029,2023-06-07,1,87.79,Completed
50307,2097,2037,2024-04-17,5,157.06,Completed
50308,1436,2139,2023-11-21,1,121.1,Pending
50309,3306,2114,2023-08-23,3,547.75,Completed
50310,1999,2015,2024-03-05,3,969.17,Completed
50311,1087,2012,2023-07-23,5,829.75,Cancelled
50312,2702,2037,2023-06-01,2,72.8,Pending
50313,2579,2038,2023-11-28,3,396.89,Shipped
50314,2576,2176,2023-07-28,4,422.16,Completed
50315,1920,2027,2023-10-23,3,183.71,Completed
50316,1485,2093,2023-07-14,1,312.14,Completed
50317,2756,2136,2023-11-19,5,555.74,Pending
50318,1616,2171,2024-05-17,3,965.28,Completed
50319,2427,2027,2023-10-17,4,1357.29,Completed
50320,1313,2001,2023-08-16,2,,Pending
50321,2830,2185,2024-01-31,1,78.75,Pending
50322,2141,2038,2023-07-17,3,1492.55,Completed
50323,2578,2091,2023-11-11,4,905.28,Shipped
50324,2696,2155,2024-04-21,3,271.97,Shipped
50325,2008,2099,2024-01-01,5,1305.62,Cancelled
50326,3018,2137,2024-03-01,2,415.4,Cancelled
50327,2728,2135,2024-03-22,2,717.94,Completed
50328,2482,2001,2023-09-13,1,197.14,Pending
50329,1548,2029,2023-07-01,3,589.22,Completed
50330,2208,2118,2023-08-13,5,2433.07,Pending
50331,1994,2054,2023-09-23,1,379.82,Completed
50332,1587,2097,2023-06-14,4,806.2,Shipped
50333,1435,2170,2024-03-24,1,251.49,Cancelled
50334,1648,2008,2023-08-15,3,276.32,Completed
50335,1316,2004,2024-03-18,4,384.46,Completed
50336,2925,2191,2023-08-11,5,1784.09,Completed
50337,2926,2106,2023-11-20,4,1584.65,Shipped
50338,1055,2074,2023-07-27,2,107.0,Shipped
50339,1132,2155,2023-08-28,5,505.83,Pending
50340,2736,2175,2024-01-19,5,1814.59,Completed
50341,3344,2129,2023-11-04,2,452.49,Completed
50342,2114,2024,2024-02-23,4,1958.06,Completed
50343,1868,2103,2024-04-12,1,128.98,Completed
50344,3291,2155,2023-07-10,4,1007.09,Shipped
50345,2660,2098,2023-08-24,1,406.59,Shipped
50346,2738,2050,2023-10-17,1,74.59,Completed
50347,3471,2200,2023-11-19,1,138.78,Completed
50348,3219,2028,2023-07-04,2,617.26,Completed
50349,1769,2142,2023-09-12,1,139.16,Completed
50350,3336,2145,2023-06-23,5,2467.92,Pending
50351,1188,2013,2023-11-09,1,473.17,Completed
50352,2461,2193,2023-10-23,4,1050.41,Completed
50353,2601,2186,2023-11-30,2,717.52,Completed
50354,2358,2105,2024-02-13,1,263.53,Completed
50355,1098,2151,2023-12-13,4,1214.08,Completed
50356,2189,2042,2023-08-17,4,249.63,Shipped
50357,1383,2184,2023-09-27,2,817.1,Shipped
50358,1577,2197,2023-08-22,5,1351.21,Shipped
50359,3494,2167,2024-02-23,3,712.66,Completed
50360,2389,2075,2023-12-02,5,,Pending
50361,1164,2183,2024-05-15,4,554.31,Cancelled
50362,3486,2020,2023-08-18,5,1616.0,Pending
50363,1399,2004,2023-08-13,3,854.67,Completed
50364,3044,2025,2024-01-19,3,316.85,Completed
50365,1662,2018,2023-10-22,5,987.9,Completed
50366,1292,2046,2024-05-29,4,590.09,Pending
50367,2049,2196,2024-01-13,2,942.84,Cancelled
50368,3000,2011,2023-12-04,3,646.34,Cancelled
50369,1529,2113,2023-12-05,5,2131.48,Completed
50370,2531,2022,2024-05-15,4,1061.29,Completed
50371,1175,2159,2024-04-25,1,377.0,Completed
50372,3298,2003,2023-08-19,1,163.06,Completed
50373,3336,2103,2023-07-08,2,418.81,Pending
50374,1383,2090,2024-01-25,4,1320.72,Pending
50375,1447,2022,2023-09-01,1,460.79,Pending
50376,2775,2052,2023-12-23,3,166.87,Completed
50377,3476,2125,2023-09-17,4,317.22,Pending
50378,1157,2140,2023-08-19,4,376.48,Completed
50379,2312,2146,2023-06-17,5,1963.74,Completed
50380,2481,2111,2024-01-29,2,101.37,Completed
50381,2733,2070,2023-10-08,2,129.41,Completed
50382,2122,2104,2023-07-12,3,1320.13,Pending
50383,2720,2135,2023-09-18,3,337.31,Completed
50384,1379,2110,2023-11-23,3,309.46,Completed
50385,2717,2124,2024-01-30,5,1760.97,Completed
50386,2790,2091,2024-05-20,5,1049.2,Completed
50387,3298,2153,2023-09-10,1,368.29,Cancelled
50388,1593,2083,2024-05-06,3,95.22,Pending
50389,1605,2128,2023-11-10,1,401.21,Shipped
50390,2665,2068,2024-02-22,1,494.41,Completed
50391,2841,2164,2024-03-23,1,42.33,Shipped
50392,1769,2108,2024-05-22,5,1964.16,Cancelled
50393,2547,2056,2023-11-26,2,954.76,Shipped
50394,3363,2004,2023-12-07,3,98.07,Completed
50395,3057,2032,2024-05-24,4,1332.93,Pending
50396,2696,2106,2023-11-28,3,1255.16,Pending
50397,3143,2196,2023-11-19,1,465.02,Pending
50398,2755,2096,2023-08-30,5,1537.87,Cancelled
50399,2786,2098,2023-10-24,4,1304.8,Shipped
50400,1407,2023,2023-07-24,1,,Cancelled
50401,2685,2027,2024-02-10,5,2327.17,Completed
50402,2820,2129,2024-03-24,1,342.16,Pending
50403,1868,2058,2024-01-19,5,1030.06,Completed
50404,2924,2032,2023-11-27,4,884.58,Shipped
50405,2622,2002,2023-12-09,2,532.18,Completed
50406,2084,2079,2023-12-30,2,53.95,Pending
50407,1134,2004,2023-06-14,2,800.98,Cancelled
50408,3458,2082,2023-11-19,2,961.2,Pending
50409,1991,2143,2023-12-18,2,635.45,Pending
50410,1212,2148,2024-01-06,2,942.42,Pending
50411,1712,2104,2023-11-10,5,501.3,Completed
50412,1408,2182,2023-08-04,5,406.14,Cancelled
50413,2606,2196,2024-04-17,3,1268.21,Completed
50414,2321,2053,2023-07-18,1,37.18,Completed
50415,3431,2040,2023-06-15,5,1805.49,Completed
50416,3343,2098,2023-06-13,2,984.24,Shipped
50417,2467,2048,2023-10-01,2,332.08,Cancelled
50418,2005,2186,2023-12-11,3,1014.44,Completed
50419,1340,2037,2024-04-17,1,328.23,Cancelled
50420,1424,2029,2024-01-22,5,416.38,Completed
50421,2157,2068,2023-09-01,1,61.76,Completed
50422,1852,2101,2023-07-22,4,1611.34,Pending
50423,1302,2125,2024-04-16,1,124.89,Pending
50424,2538,2081,2024-04-20,4,1636.24,Completed
50425,2224,2003,2023-08-31,5,1624.13,Completed
50426,1481,2088,2023-11-25,4,1990.34,Cancelled
50427,3239,2002,2023-08-21,5,1886.53,Completed
50428,1790,2156,2023-06-16,5,179.72,Cancelled
50429,1625,2056,2023-12-04,1,451.82,Completed
50430,2342,2036,2023-09-21,1,370.68,Completed
50431,2097,2071,2024-02-02,2,955.57,Completed
50432,3259,2167,2023-10-29,4,1515.87,Pending
50433,2787,2132,2023-12-22,2,287.59,Completed
50434,2152,2101,2023-07-23,5,2008.74,Cancelled
50435,2277,2043,2023-09-14,4,923.6,Pending
50436,2736,2153,2023-10-18,3,962.65,Cancelled
50437,2569,2110,2023-09-11,5,963.17,Shipped
50438,1264,2116,2023-08-25,1,480.1,Completed
50439,3404,2105,2023-10-29,5,2088.38,Shipped
50440,3173,2091,2023-12-21,1,,Completed
50441,2759,2048,2023-12-01,2,119.01,Shipped
50442,2523,2096,2023-08-14,3,249.28,Completed
50443,1045,2184,2023-11-16,2,492.11,Completed
50444,1953,2144,2023-07-04,4,638.87,Completed
50445,3160,2056,2023-07-23,5,785.37,Cancelled
50446,1307,2147,2024-04-26,4,1396.05,Pending
50447,2302,2082,2023-09-10,2,97.18,Pending
50448,3043,2012,2023-10-19,4,326.59,Pending
50449,1701,2154,2023-11-15,5,1034.29,Cancelled
50450,1088,2073,2023-06-10,5,2471.39,Pending
50451,2165,2034,2023-12-24,1,450.52,Cancelled
50452,1161,2087,2024-04-26,1,57.99,Completed
50453,2701,2186,2023-11-02,3,527.0,Completed
50454,2640,2021,2024-03-11,3,778.69,Completed
50455,2612,2077,2024-05-22,4,1037.34,Shipped
50456,1498,2096,2024-04-12,1,38.91,Completed
50457,1043,2036,2023-07-24,3,1302.48,Shipped
50458,2785,2058,2023-08-27,1,115.8,Completed
50459,3202,2002,2024-05-18,1,148.35,Completed
50460,1454,2013,2023-11-03,1,150.27,Shipped
50461,2555,2070,2024-05-23,2,928.62,Cancelled
50462,2888,2031,2023-08-04,3,1303.2,Cancelled
50463,2693,2164,2024-01-15,1,272.84,Completed
50464,3368,2123,2024-05-04,4,1955.06,Completed
50465,2978,2058,2023-07-18,3,1166.84,Shipped
50466,1340,2091,2024-03-12,2,676.51,Shipped
50467,1844,2178,2023-07-10,1,486.59,Completed
50468,1871,2004,2024-05-09,2,494.74,Pending
50469,1770,2125,2023-07-24,3,372.34,Cancelled
50470,3162,2132,2023-11-08,3,1084.63,Shipped
50471,1631,2130,2023-07-25,2,257.85,Completed
50472,2580,2116,2024-04-13,5,607.17,Pending
50473,1770,2018,2023-10-21,4,411.97,Completed
50474,3365,2166,2023-07-23,2,487.91,Completed
50475,1452,2062,2023-06-09,4,455.36,Completed
50476,2951,2170,2024-02-27,4,768.72,Completed
50477,3255,2022,2023-11-29,4,502.93,Pending
50478,3057,2111,2024-02-16,3,150.75,Completed
50479,2515,2026,2023-06-26,4,1490.8,Pending
50480,1795,2076,2023-09-05,4,,Completed
50481,3170,2156,2024-02-08,5,1154.72,Shipped
50482,1205,2166,2023-10-06,1,129.3,Completed
50483,1147,2148,2023-10-15,2,112.56,Completed
50484,2129,2058,2024-04-13,4,844.63,Completed
50485,1901,2188,2024-05-20,3,780.62,Completed
50486,1834,2089,2024-04-22,3,1080.84,Completed
50487,1013,2025,2023-09-03,5,2280.98,Cancelled
50488,2953,2190,2023-11-04,2,211.72,Shipped
50489,1285,2043,2023-09-04,3,1357.31,Completed
50490,1053,2171,2024-01-29,4,734.7,Completed
50491,2081,2020,2023-08-27,1,307.15,Pending
50492,3389,2001,2024-02-06,2,498.94,Completed
50493,1072,2146,2024-05-14,3,1265.39,Cancelled
50494,3061,2043,2023-08-15,1,72.5,Shipped
50495,2375,2116,2024-02-07,3,1485.46,Completed
50496,2993,2065,2023-12-04,4,125.77,Completed
50497,2234,2182,2023-11-18,5,1964.5,Cancelled
50498,2984,2029,2023-10-17,5,1854.51,Completed
50499,1606,2106,2023-09-21,2,389.33,Completed
50500,2001,2148,2024-05-22,4,782.9,Shipped
50501,1366,2050,2023-12-11,1,483.59,Shipped
50502,3232,2116,2024-02-25,2,302.04,Shipped
50503,2429,2085,2023-12-18,5,1116.07,Completed
50504,2267,2049,2023-06-22,5,1360.18,Completed
50505,1504,2111,2024-01-19,5,2424.36,Completed
50506,2182,2029,2023-06-05,4,1861.74,Completed
50507,2911,2175,2023-08-16,5,2420.84,Cancelled
50508,3287,2171,2023-08-23,3,768.73,Completed
50509,2208,2004,2024-01-19,1,128.23,Cancelled
50510,1506,2014,2024-02-06,3,82.25,Completed
50511,1003,2013,2023-10-07,2,382.71,Completed
50512,3057,2171,2024-03-14,2,956.0,Shipped
50513,2109,2037,2023-09-09,4,1211.93,Completed
50514,2192,2057,2023-06-17,4,1872.58,Completed
50515,2583,2109,2023-12-22,1,449.19,Completed
50516,3446,2080,2023-08-28,5,1160.06,Completed
50517,3369,2036,2024-05-15,2,287.52,Pending
50518,3271,2052,2023-11-02,3,196.98,Cancelled
50519,2889,2140,2023-09-02,4,1586.57,Pending
50520,1394,2036,2024-02-25,4,,Cancelled
50521,2465,2120,2023-11-29,4,986.45,Pending
50522,2890,2008,2024-03-13,1,479.81,Pending
50523,1363,2194,2023-08-11,5,2278.77,Completed
50524,3378,2132,2023-12-09,2,639.85,Cancelled
50525,2202,2014,2023-12-19,2,432.8,Completed
50526,2896,2196,2024-02-21,4,1694.48,Completed
50527,1225,2070,2024-04-28,1,183.4,Completed
50528,2191,2145,2024-02-02,3,1306.65,Completed
50529,3395,2173,2024-02-17,1,358.25,Cancelled
50530,1591,2144,2024-02-09,2,262.37,Shipped
50531,1634,2078,2024-04-17,3,1099.78,Completed
50532,2987,2160,2024-05-18,2,158.97,Completed
50533,1627,2155,2023-08-01,5,355.05,Completed
50534,1425,2122,2023-06-13,5,1179.06,Completed
50535,1499,2077,2023-12-25,4,1967.12,Completed
50536,3240,2067,2024-04-09,4,1732.7,Cancelled
50537,1505,2111,2023-08-14,1,112.78,Shipped
50538,1986,2044,2024-02-17,5,600.83,Pending
50539,2188,2075,2024-05-07,1,480.57,Pending
50540,2505,2171,2023-10-19,4,833.06,Completed
50541,2901,2107,2024-01-04,2,76.57,Pending
50542,1493,2145,2023-12-17,1,300.76,Completed
50543,2821,2011,2023-11-29,2,494.51,Shipped
50544,2878,2071,2023-06-05,2,389.86,Cancelled
50545,1864,2090,2024-05-27,5,1052.73,Completed
50546,1715,2168,2023-08-17,3,1009.71,Cancelled
50547,2390,2118,2023-08-11,3,1193.57,Shipped
50548,2241,2101,2023-07-05,4,815.39,Pending
50549,3482,2169,2023-09-01,5,1807.69,Cancelled
50550,3153,2067,2023-08-06,3,914.11,Cancelled
50551,2426,2150,2024-04-12,4,228.38,Completed
50552,1652,2060,2023-07-20,1,262.23,Shipped
50553,2952,2083,2023-09-27,2,150.16,Completed
50554,2574,2194,2024-01-02,1,54.42,Completed
50555,1469,2010,2023-07-08,4,1550.37,Cancelled
50556,1121,2045,2023-11-12,1,356.89,Pending
50557,1546,2164,2024-03-20,5,599.37,Completed
50558,3012,2113,2024-05-13,3,396.33,Shipped
50559,1664,2112,2024-02-26,2,131.72,Completed
50560,1395,2053,2023-06-18,2,,Completed
50561,2672,2146,2024-03-06,1,186.84,Shipped
50562,3164,2128,2023-09-06,2,591.85,Pending
50563,3052,2091,2023-11-30,5,2261.92,Completed
50564,1276,2113,2024-01-05,4,1760.56,Cancelled
50565,1321,2033,2024-02-20,3,218.8,Pending
50566,1945,2014,2024-04-03,5,910.93,Completed
50567,2188,2065,2023-12-17,3,171.83,Completed
50568,2180,2020,2024-02-29,5,698.32,Cancelled
50569,3049,2080,2023-12-22,5,259.54,Shipped
50570,1455,2150,2024-01-28,3,1005.86,Completed
50571,2385,2108,2023-10-12,2,367.81,Completed
50572,1571,2053,2024-03-07,3,1391.95,Shipped
50573,1256,2061,2024-02-08,1,407.69,Cancelled
50574,3499,2180,2023-06-19,3,1473.0,Pending
50575,3451,2190,2024-04-09,1,446.57,Pending
50576,1531,2070,2023-06-22,1,41.91,Cancelled
50577,1923,2167,2023-11-27,4,1007.43,Completed
50578,1088,2015,2023-06-14,2,557.48,Pending
50579,1075,2142,2024-02-02,1,208.88,Pending
50580,1513,2111,2024-05-25,4,1144.14,Completed
50581,2794,2031,2024-04-11,3,576.3,Completed
50582,2789,2015,2023-09-30,2,137.39,Completed
50583,1931,2106,2024-03-01,5,233.73,Completed
50584,2024,2015,2023-07-10,1,85.19,Completed
50585,2158,2012,2023-11-08,3,933.44,Completed
50586,2198,2034,2024-04-06,4,1009.53,Completed
50587,1315,2020,2023-10-07,5,613.92,Shipped
50588,2463,2057,2024-01-14,3,1416.53,Cancelled
50589,2199,2168,2023-10-04,5,2245.82,Completed
50590,3218,2129,2023-07-24,1,189.65,Pending
50591,2992,2072,2023-07-11,2,916.45,Cancelled
50592,1945,2079,2024-03-10,2,166.61,Shipped
50593,1582,2010,2023-09-29,4,1334.83,Pending
50594,1468,2006,2024-02-11,1,153.39,Cancelled
50595,2574,2077,2023-07-14,1,157.57,Cancelled
50596,2573,2127,2023-06-10,4,830.86,Completed
50597,1920,2053,2023-12-12,2,676.93,Cancelled
50598,1215,2170,2023-11-04,1,282.24,Completed
50599,1107,2156,2023-11-20,3,1229.6,Cancelled
50600,1887,2194,2023-06-15,3,,Cancelled
50601,2778,2110,2023-06-30,1,287.81,Shipped
50602,2178,2137,2024-01-24,4,1187.94,Cancelled
50603,3126,2067,2023-08-23,4,987.93,Completed
50604,1541,2004,2023-10-22,3,196.89,Completed
50605,3224,2076,2023-11-20,5,1062.18,Cancelled
50606,2124,2093,2023-10-16,3,1189.96,Cancelled
50607,1051,2032,2023-11-05,5,1694.34,Completed
50608,1733,2114,2024-01-23,1,233.96,Pending
50609,1152,2092,2024-02-01,5,642.38,Completed
50610,3374,2021,2023-10-20,5,1434.69,Completed
50611,2805,2047,2023-10-11,3,444.85,Pending
50612,1522,2059,2024-04-18,2,189.56,Cancelled
50613,1204,2060,2023-07-29,1,112.52,Cancelled
50614,2804,2149,2023-11-10,1,287.87,Completed
50615,1250,2183,2023-10-11,3,97.97,Completed
50616,3214,2184,2023-06-23,5,682.41,Completed
50617,1318,2130,2024-01-14,1,267.74,Completed
50618,1836,2084,2024-03-19,3,1256.52,Shipped
50619,2704,2019,2024-04-24,4,1764.12,Completed
50620,1102,2084,2024-04-06,3,552.35,Pending
50621,2535,2121,2023-10-29,5,199.0,Completed
50622,1183,2075,2023-08-16,5,185.65,Cancelled
50623,1867,2081,2024-02-17,5,1985.73,Shipped
50624,2410,2056,2023-12-11,5,202.42,Shipped
50625,1615,2098,2024-04-28,1,478.71,Completed
50626,3316,2129,2024-03-21,5,1868.13,Cancelled
50627,1497,2136,2023-06-27,5,1246.78,Cancelled
50628,3132,2113,2023-11-10,3,352.91,Cancelled
50629,2201,2063,2023-11-16,2,809.06,Completed
50630,1946,2117,2023-11-09,1,354.21,Pending
50631,2680,2093,2023-07-11,3,873.65,Completed
50632,2484,2168,2024-02-03,5,672.08,Pending
50633,1942,2146,2023-08-04,5,706.74,Pending
50634,3396,2171,2023-08-10,5,743.16,Completed
50635,2400,2081,2023-07-31,1,219.04,Cancelled
50636,1608,2148,2024-02-09,2,904.88,Pending
50637,1064,2043,2023-08-01,4,600.41,Cancelled
50638,2925,2191,2023-07-22,2,875.99,Pending
50639,1099,2177,2023-08-25,1,87.88,Cancelled
50640,2590,2109,2023-11-29,2,,Cancelled
50641,1989,2183,2023-10-29,1,184.98,Completed
50642,3423,2156,2024-04-11,1,497.21,Completed
50643,1303,2190,2023-11-29,4,1830.28,Shipped
50644,2843,2190,2024-01-10,3,1154.67,Shipped
50645,1552,2188,2023-09-02,5,2301.31,Cancelled
50646,1344,2039,2023-06-04,5,1533.49,Shipped
50647,2858,2098,2023-11-12,4,435.77,Shipped
50648,3409,2072,2023-07-20,2,332.48,Completed
50649,1198,2145,2024-02-21,5,1502.09,Pending
50650,2169,2083,2023-12-14,3,1154.15,Completed
50651,1172,2189,2023-09-16,4,1086.36,Cancelled
50652,2288,2026,2023-11-25,3,310.97,Completed
50653,2122,2125,2024-01-11,2,891.08,Completed
50654,2063,2156,2023-07-25,2,683.11,Completed
50655,1394,2053,2024-03-09,5,1917.8,Completed
50656,3452,2011,2024-03-03,5,2022.61,Completed
50657,3001,2007,2023-12-07,2,317.75,Cancelled
50658,2747,2188,2024-01-14,5,424.67,Pending
50659,2209,2029,2024-05-27,1,236.09,Pending
50660,3021,2068,2023-07-15,2,993.42,Shipped
50661,1478,2091,2023-07-11,2,740.99,Completed
50662,1642,2130,2023-11-19,3,721.19,Shipped
50663,3101,2173,2023-07-08,3,1346.49,Completed
50664,2776,2026,2024-05-27,5,879.13,Cancelled
50665,1146,2163,2024-04-17,1,141.81,Cancelled
50666,2541,2057,2024-05-10,2,302.02,Completed
50667,2985,2048,2024-02-10,3,262.8,Shipped
50668,1364,2133,2023-09-18,1,231.3,Pending
50669,3285,2157,2023-09-15,2,86.87,Shipped
50670,2078,2158,2023-12-12,5,682.45,Completed
50671,2984,2136,2024-05-02,2,884.0,Completed
50672,2197,2172,2024-02-04,4,1613.82,Pending
50673,3449,2092,2024-03-05,4,661.29,Completed
50674,1461,2194,2023-10-26,4,1941.79,Completed
50675,2014,2170,2024-01-04,1,108.69,Completed
50676,1466,2089,2024-05-22,4,1439.16,Pending
50677,3004,2154,2023-12-28,2,77.51,Completed
50678,3079,2056,2023-12-27,1,292.07,Completed
50679,2072,2173,2023-11-10,4,843.62,Pending
50680,2742,2103,2023-10-12,1,,Shipped
50681,1897,2087,2024-04-21,1,171.54,Pending
50682,1907,2147,2023-08-25,5,614.73,Shipped
50683,1452,2158,2024-04-08,3,259.13,Cancelled
50684,1082,2185,2023-06-11,4,271.48,Shipped
50685,2366,2091,2024-03-10,1,336.09,Cancelled
50686,1863,2093,2024-03-01,2,985.96,Cancelled
50687,2621,2184,2023-09-26,3,1216.83,Completed
50688,2358,2106,2023-09-19,5,1866.67,Completed
50689,1148,2006,2024-02-25,1,263.21,Pending
50690,1174,2041,2023-10-23,3,109.55,Shipped
50691,2013,2009,2023-10-18,1,411.17,Pending
50692,2642,2034,2023-10-17,1,61.35,Cancelled
50693,2702,2006,2023-06-08,5,1561.57,Completed
50694,1392,2189,2024-03-28,4,469.14,Cancelled
50695,2279,2083,2024-01-04,5,1890.77,Completed
50696,2123,2118,2023-09-12,1,150.53,Shipped
50697,3361,2121,2023-12-10,3,687.09,Completed
50698,2665,2144,2023-10-21,4,640.4,Shipped
50699,3185,2130,2023-10-04,4,132.7,Pending
50700,2613,2096,2024-03-06,1,239.83,Cancelled
50701,1102,2102,2023-09-27,4,802.66,Cancelled
50702,1447,2165,2023-11-07,3,279.87,Shipped
50703,1343,2025,2024-03-14,2,247.3,Pending
50704,3431,2064,2023-07-13,2,433.04,Pending
50705,3144,2186,2024-03-17,2,105.99,Pending
50706,2033,2106,2023-11-07,3,1263.91,Completed
50707,2317,2177,2024-03-16,5,1090.52,Completed
50708,2099,2177,2023-09-16,5,2012.4,Cancelled
50709,3048,2081,2024-04-29,2,355.75,Shipped
50710,2979,2132,2024-03-11,1,462.58,Pending
50711,1318,2097,2023-08-05,1,101.99,Shipped
50712,1498,2043,2023-09-10,4,1752.52,Completed
50713,1160,2109,2024-02-09,2,644.86,Cancelled
50714,2996,2036,2024-03-07,4,858.87,Completed
50715,1482,2112,2023-10-29,3,819.53,Cancelled
50716,2523,2145,2024-04-28,2,184.44,Cancelled
50717,1838,2158,2024-05-31,3,815.12,Completed
50718,2934,2119,2023-09-16,3,1396.09,Shipped
50719,1555,2043,2024-02-24,4,118.66,Pending
50720,1735,2039,2024-01-27,1,,Completed
50721,2278,2180,2023-09-05,2,709.34,Cancelled
50722,2879,2085,2023-07-19,1,321.86,Cancelled
50723,1641,2018,2023-11-27,5,2222.94,Completed
50724,1058,2050,2023-10-19,3,1244.58,Pending
50725,3394,2187,2023-11-04,3,964.91,Pending
50726,2044,2144,2024-03-04,2,123.6,Completed
50727,1422,2188,2023-09-19,3,329.11,Cancelled
50728,1420,2033,2024-02-23,5,1656.47,Pending
50729,2353,2148,2024-03-30,5,783.44,Shipped
50730,2940,2054,2023-08-26,1,397.1,Completed
50731,1375,2158,2023-08-15,2,206.58,Completed
50732,2325,2020,2023-06-27,2,536.12,Pending
50733,2743,2171,2024-01-28,3,506.15,Completed
50734,1987,2144,2023-12-19,4,1570.45,Shipped
50735,2944,2091,2023-11-07,5,877.81,Completed
50736,3480,2055,2023-08-25,3,1088.67,Pending
50737,3296,2114,2024-02-06,3,1051.65,Cancelled
50738,2784,2167,2023-11-26,2,74.03,Completed
50739,2910,2198,2024-05-09,3,1113.1,Completed
50740,3293,2049,2023-12-13,3,330.08,Shipped
50741,1044,2051,2024-01-13,3,824.55,Completed
50742,3402,2080,2023-11-16,1,457.74,Completed
50743,3060,2004,2024-04-06,3,122.78,Completed
50744,2961,2102,2023-06-23,3,465.7,Completed
50745,3344,2008,2024-01-28,5,1626.57,Pending
50746,1712,2122,2024-04-27,5,2042.65,Completed
50747,2514,2008,2024-04-09,2,720.36,Completed
50748,1540,2022,2024-01-01,1,51.62,Shipped
50749,1256,2081,2023-07-20,5,784.01,Completed
50750,1069,2086,2024-05-10,3,1354.27,Completed
50751,3404,2185,2023-12-05,5,158.66,Shipped
50752,2652,2107,2024-05-07,1,55.85,Cancelled
50753,1605,2187,2023-10-15,1,106.98,Completed
50754,2129,2156,2023-09-10,5,1096.97,Shipped
50755,1014,2080,2023-10-19,5,957.88,Completed
50756,2910,2146,2024-05-22,1,293.94,Pending
50757,1362,2030,2023-07-17,2,743.07,Completed
50758,2301,2152,2024-04-16,1,389.19,Completed
50759,1891,2164,2023-12-09,4,254.42,Shipped
50760,2011,2079,2024-05-14,2,,Shipped
50761,1544,2080,2023-06-28,4,1441.24,Completed
50762,2143,2036,2024-03-16,3,664.93,Completed
50763,2118,2052,2023-08-30,3,444.58,Pending
50764,2084,2024,2024-02-06,3,899.64,Completed
50765,3143,2116,2024-04-19,2,84.89,Cancelled
50766,2580,2040,2024-03-02,5,625.32,Shipped
50767,2778,2089,2024-04-26,3,370.61,Shipped
50768,3064,2142,2023-10-16,1,268.8,Completed
50769,2058,2056,2024-01-26,3,119.81,Completed
50770,3118,2169,2024-04-19,2,501.45,Pending
50771,3404,2083,2023-12-08,5,1022.54,Cancelled
50772,1139,2083,2024-05-25,1,324.0,Completed
50773,1651,2108,2024-01-30,3,554.76,Completed
50774,1767,2092,2023-11-04,2,493.5,Completed
50775,1090,2113,2024-04-11,4,1227.79,Shipped
50776,2782,2188,2023-12-22,4,1684.78,Completed
50777,2529,2154,2023-11-20,4,1389.26,Completed
50778,1165,2060,2024-02-15,1,224.97,Completed
50779,3366,2103,2024-03-30,1,102.91,Completed
50780,2232,2153,2024-05-23,5,596.35,Cancelled
50781,1572,2034,2024-05-05,3,1198.71,Completed
50782,1371,2080,2023-08-12,3,728.67,Completed
50783,2887,2001,2024-05-03,2,240.39,Completed
50784,2235,2079,2023-07-12,2,274.37,Completed
50785,2789,2024,2023-10-04,2,700.48,Completed
50786,1021,2123,2023-08-21,3,217.38,Cancelled
50787,2615,2179,2023-09-17,4,1370.03,Pending
50788,1995,2196,2023-07-20,4,344.15,Completed
50789,2638,2198,2023-11-15,3,1243.2,Shipped
50790,2740,2153,2023-12-19,5,295.18,Pending
50791,3403,2007,2023-09-22,5,548.13,Completed
50792,2512,2093,2023-11-22,5,2080.19,Cancelled
50793,3455,2193,2023-12-21,1,331.65,Completed
50794,3048,2049,2023-06-23,2,336.84,Completed
50795,2391,2099,2024-04-30,2,454.43,Completed
50796,2275,2100,2024-05-11,4,166.17,Pending
50797,1736,2042,2023-12-21,5,2106.3,Pending
50798,1339,2089,2024-05-17,1,336.54,Pending
50799,1051,2042,2023-11-11,2,595.95,Pending
50800,2863,2003,2024-02-04,4,,Completed
50801,2241,2109,2023-10-11,1,311.73,Pending
50802,3057,2096,2024-01-29,3,1277.94,Completed
50803,1458,2046,2024-01-04,5,1929.08,Shipped
50804,1328,2039,2023-06-04,3,1426.19,Shipped
50805,3418,2067,2023-09-10,5,2055.48,Shipped
50806,2864,2112,2023-06-25,4,635.26,Completed
50807,3006,2118,2023-12-05,1,447.35,Shipped
50808,2513,2065,2024-01-04,3,1036.87,Completed
50809,3224,2069,2023-08-31,3,583.56,Completed
50810,2830,2084,2023-10-31,1,307.99,Completed
50811,1150,2137,2023-12-20,2,216.47,Cancelled
50812,1388,2033,2023-08-14,4,919.09,Completed
50813,2415,2118,2024-05-18,5,704.74,Shipped
50814,3145,2146,2024-01-21,1,61.35,Completed
50815,1157,2038,2024-04-07,1,206.41,Shipped
50816,1323,2087,2024-04-22,3,677.11,Completed
50817,1754,2192,2023-10-10,1,422.51,Pending
50818,1477,2050,2024-03-19,3,1492.76,Cancelled
50819,3106,2139,2023-10-03,1,202.76,Pending
50820,1882,2195,2024-01-10,3,1139.29,Completed
50821,2134,2129,2024-05-09,1,312.2,Completed
50822,2168,2070,2023-06-03,4,493.56,Pending
50823,1532,2071,2023-10-15,4,1238.25,Shipped
50824,2304,2025,2023-09-22,2,67.17,Completed
50825,1906,2017,2024-04-09,3,1112.63,Cancelled
50826,2887,2151,2024-01-02,5,905.79,Pending
50827,2949,2143,2023-06-07,3,560.35,Completed
50828,2821,2039,2024-01-23,4,500.21,Shipped
50829,1697,2173,2023-12-17,3,649.19,Shipped
50830,3341,2021,2024-04-19,4,1166.52,Completed
50831,1341,2054,2024-02-27,3,508.25,Completed
50832,2850,2173,2024-01-26,1,99.05,Cancelled
50833,1683,2160,2023-11-28,5,1149.89,Completed
50834,2163,2143,2024-02-07,2,406.52,Cancelled
50835,1540,2097,2024-04-06,1,71.07,Completed
50836,1866,2029,2024-03-19,3,329.54,Completed
50837,2643,2141,2023-12-27,3,1145.58,Pending
50838,3455,2072,2023-11-11,3,973.14,Shipped
50839,2302,2129,2024-03-01,5,1056.41,Pending
50840,3027,2194,2024-01-24,3,,Pending
50841,1643,2046,2023-12-22,3,79.76,Completed
50842,2901,2168,2023-08-28,1,207.09,Shipped
50843,2713,2108,2023-12-28,2,654.6,Cancelled
50844,1919,2036,2024-04-08,5,1320.48,Completed
50845,3456,2147,2023-12-27,1,179.38,Completed
50846,1682,2146,2024-04-16,4,1400.29,Completed
50847,1094,2191,2024-04-03,4,1148.91,Completed
50848,1662,2118,2023-12-06,2,216.45,Shipped
50849,1819,2083,2023-08-07,3,167.36,Completed
50850,1848,2148,2024-01-23,4,565.59,Cancelled
50851,2818,2062,2023-08-30,4,1050.41,Completed
50852,3475,2085,2023-08-21,2,489.1,Completed
50853,1029,2192,2023-06-17,4,1747.42,Pending
50854,2579,2019,2023-12-31,3,1333.78,Cancelled
50855,1496,2184,2024-04-06,5,1822.57,Pending
50856,2970,2186,2023-07-01,3,1231.62,Shipped
50857,1164,2094,2023-12-22,5,1619.51,Pending
50858,2756,2032,2023-07-24,2,854.72,Cancelled
50859,1458,2185,2023-08-26,3,663.37,Completed
50860,1582,2063,2024-02-03,2,301.28,Completed
50861,1304,2118,2024-05-29,4,1529.75,Completed
50862,2403,2076,2024-05-18,4,728.26,Pending
50863,2057,2146,2023-10-19,5,209.89,Completed
50864,1607,2134,2023-10-26,1,129.99,Completed
50865,3309,2093,2024-05-31,3,511.99,Shipped
50866,1649,2146,2024-04-20,3,752.28,Pending
50867,2208,2040,2024-05-21,2,189.2,Completed
50868,2574,2066,2024-04-22,2,76.6,Completed
50869,3389,2078,2023-08-15,5,153.66,Completed
50870,3084,2191,2024-02-20,4,1006.25,Completed
50871,2410,2165,2023-08-19,5,2149.95,Completed
50872,3144,2096,2023-12-11,4,1331.92,Cancelled
50873,2975,2045,2024-02-03,4,127.04,Completed
50874,2403,2058,2023-11-06,2,263.09,Completed
50875,3493,2200,2023-08-01,2,388.68,Pending
50876,3333,2164,2023-06-07,5,2258.07,Shipped
50877,1830,2094,2024-05-06,1,214.28,Completed
50878,2350,2130,2023-07-05,3,863.43,Cancelled
50879,3203,2021,2023-06-29,4,1176.73,Completed
50880,2003,2066,2023-09-02,2,,Shipped
50881,2869,2046,2023-06-21,5,756.19,Completed
50882,1375,2191,2023-09-06,1,455.42,Completed
50883,3141,2078,2023-07-02,2,266.21,Cancelled
50884,3381,2123,2024-01-24,1,280.04,Completed
50885,2307,2163,2023-07-08,2,504.38,Pending
50886,1342,2122,2023-09-10,1,282.63,Completed
50887,3451,2125,2023-11-01,5,147.81,Pending
50888,1457,2185,2024-01-13,2,609.49,Shipped
50889,2869,2001,2023-10-07,4,1242.57,Pending
50890,1724,2085,2024-02-15,4,1076.98,Shipped
50891,2228,2068,2024-02-28,2,374.09,Shipped
50892,3299,2129,2023-11-06,4,311.79,Completed
50893,2998,2002,2023-11-11,5,1242.45,Completed
50894,1733,2017,2024-01-08,3,209.76,Pending
50895,2403,2164,2024-05-17,5,2078.57,Completed
50896,1446,2196,2023-09-27,2,341.84,Completed
50897,2311,2197,2024-02-27,4,295.54,Completed
50898,3497,2054,2024-03-19,2,357.58,Completed
50899,2623,2044,2023-08-20,5,1698.65,Completed
50900,3116,2122,2024-04-30,5,1998.28,Shipped
50901,2104,2059,2023-10-13,4,1875.23,Completed
50902,2519,2038,2023-11-04,3,1110.56,Shipped
50903,2292,2116,2023-11-05,4,1170.24,Pending
50904,1024,2196,2023-12-24,1,485.12,Completed
50905,1574,2117,2023-10-19,1,413.8,Completed
50906,1855,2170,2023-10-10,3,1261.39,Completed
50907,2319,2110,2023-12-13,3,870.25,Shipped
50908,1817,2056,2024-04-12,5,1170.24,Completed
50909,1438,2020,2023-10-03,2,359.21,Pending
50910,3429,2121,2023-06-24,4,1406.82,Shipped
50911,2995,2064,2023-10-22,5,1517.02,Completed
50912,1416,2015,2024-04-23,3,468.37,Completed
50913,2795,2073,2023-07-27,4,355.14,Shipped
50914,1304,2084,2023-12-29,2,880.25,Cancelled
50915,2225,2147,2023-09-11,5,334.01,Completed
50916,2343,2147,2024-03-06,3,868.26,Completed
50917,1090,2036,2023-07-05,3,1439.01,Completed
50918,2827,2192,2023-09-18,2,355.2,Completed
50919,2888,2093,2023-11-18,2,693.79,Shipped
50920,2061,2066,2024-04-05,1,,Shipped
50921,2683,2110,2023-12-20,4,1616.38,Cancelled
50922,1247,2132,2023-12-09,1,293.71,Completed
50923,3066,2084,2024-03-02,4,637.03,Completed
50924,1275,2189,2023-07-09,5,343.84,Cancelled
50925,1461,2137,2023-08-21,5,2134.96,Completed
50926,3351,2120,2024-04-08,2,764.31,Shipped
50927,2766,2071,2024-01-25,4,1789.78,Shipped
50928,1624,2167,2023-11-17,1,111.3,Cancelled
50929,2392,2117,2024-02-26,4,1789.85,Pending
50930,3355,2076,2023-06-04,5,2092.03,Completed
50931,1035,2058,2023-11-13,4,385.94,Completed
50932,3394,2173,2023-11-15,5,1212.16,Shipped
50933,1821,2198,2024-03-21,3,1347.87,Shipped
50934,3363,2040,2023-09-05,2,245.84,Completed
50935,1414,2007,2024-02-29,5,2368.17,Completed
50936,1522,2139,2023-11-26,1,180.54,Completed
50937,1943,2169,2023-09-15,2,337.78,Pending
50938,2111,2060,2023-09-20,3,113.9,Pending
50939,1505,2097,2023-06-14,4,1748.31,Shipped
50940,1855,2098,2023-06-26,4,933.24,Completed
50941,1843,2198,2023-12-12,5,2059.44,Completed
50942,1718,2130,2024-03-23,5,414.05,Completed
50943,1493,2126,2024-04-05,3,1143.3,Completed
50944,2701,2049,2023-09-16,1,404.9,Completed
50945,2958,2066,2024-02-16,1,473.83,Completed
50946,1030,2098,2024-01-02,4,1926.98,Completed
50947,2453,2093,2023-11-06,1,231.22,Shipped
50948,2232,2059,2024-05-25,1,333.96,Pending
50949,2931,2005,2023-10-19,3,139.65,Completed
50950,1727,2145,2023-06-05,2,542.69,Completed
50951,2925,2196,2023-06-20,1,308.2,Completed
50952,2201,2096,2024-04-12,4,1664.18,Pending
50953,1707,2045,2024-02-21,2,754.87,Shipped
50954,1744,2094,2023-07-27,2,78.48,Completed
50955,2254,2104,2024-04-16,3,1370.3,Completed
50956,2316,2008,2023-06-14,3,115.61,Pending
50957,1141,2189,2023-08-13,4,188.35,Pending
50958,3452,2185,2024-02-24,2,200.26,Completed
50959,2429,2058,2023-07-18,4,1977.56,Completed
50960,2949,2119,2023-12-30,5,,Cancelled
50961,1003,2080,2024-01-30,4,1809.14,Completed
50962,1526,2083,2024-05-02,5,993.26,Cancelled
50963,1395,2123,2024-02-08,5,591.18,Completed
50964,3109,2034,2023-08-13,2,676.25,Shipped
50965,1389,2184,2023-12-24,3,1338.86,Completed
50966,2024,2058,2023-10-07,2,743.53,Completed
50967,2347,2182,2024-01-23,5,1359.8,Cancelled
50968,2093,2195,2023-08-07,3,676.38,Shipped
50969,1595,2149,2023-06-18,4,1300.57,Completed
50970,1747,2004,2023-08-13,1,421.81,Completed
50971,1664,2102,2023-11-13,1,296.74,Pending
50972,2409,2049,2024-04-17,5,1088.44,Completed
50973,2857,2160,2023-10-13,5,1169.67,Shipped
50974,2145,2168,2024-02-19,3,555.59,Completed
50975,2046,2088,2024-02-05,5,1208.75,Completed
50976,2403,2196,2024-02-21,3,164.94,Completed
50977,2748,2165,2023-06-14,5,424.79,Completed
50978,2874,2029,2023-08-01,5,1817.65,Completed
50979,2424,2079,2024-01-18,4,1151.27,Completed
50980,3068,2047,2023-12-21,5,587.84,Shipped
50981,1909,2199,2023-06-09,2,746.74,Completed
50982,3153,2154,2023-08-17,5,2167.32,Cancelled
50983,1193,2137,2023-12-03,5,672.26,Cancelled
50984,1684,2096,2023-08-21,1,348.19,Shipped
50985,1927,2193,2023-08-17,5,2362.71,Cancelled
50986,2737,2052,2023-10-21,1,480.55,Pending
50987,2215,2100,2024-02-23,4,1798.11,Pending
50988,2319,2035,2023-11-01,1,60.56,Shipped
50989,3277,2172,2023-11-07,2,926.9,Cancelled
50990,3433,2018,2023-07-01,4,366.58,Pending
50991,1657,2196,2023-10-03,4,1593.99,Shipped
50992,2717,2101,2024-03-29,2,286.14,Completed
50993,1289,2058,2023-10-20,2,898.01,Completed
50994,3400,2173,2023-08-17,2,471.21,Shipped
50995,2129,2195,2023-11-15,1,327.46,Cancelled
50996,2275,2135,2023-07-23,5,1243.88,Shipped
50997,2796,2077,2023-08-03,5,1889.42,Pending
50998,1630,2019,2023-11-22,3,1428.02,Completed
50999,2563,2066,2023-07-28,4,909.23,Completed
51000,2996,2195,2023-10-28,2,,Completed
51001,3472,2154,2023-12-03,2,875.89,Shipped
51002,3026,2180,2024-01-08,4,207.64,Completed
51003,2148,2186,2023-10-20,3,987.38,Completed
51004,2719,2171,2023-10-07,3,193.41,Completed
51005,2989,2063,2024-03-26,4,520.64,Pending
51006,2089,2027,2024-05-28,4,1165.27,Cancelled
51007,2540,2156,2024-02-21,4,179.99,Completed
51008,3419,2165,2023-07-21,5,350.42,Completed
51009,2478,2149,2024-05-10,5,1126.84,Pending
51010,1164,2089,2024-04-27,4,1719.24,Cancelled
51011,3142,2010,2023-12-22,4,1371.23,Completed
51012,1885,2146,2023-09-01,1,324.5,Completed
51013,1405,2075,2023-12-29,1,371.3,Completed
51014,2469,2175,2023-11-24,3,1462.35,Completed
51015,2134,2115,2023-06-25,3,727.94,Shipped
51016,2078,2197,2023-08-22,2,580.55,Cancelled
51017,2319,2190,2023-12-23,3,1187.88,Completed
51018,3048,2023,2023-11-18,3,953.37,Shipped
51019,1933,2082,2023-11-04,1,459.23,Completed
51020,2664,2081,2024-04-14,4,1315.0,Pending
51021,1829,2068,2024-05-28,4,766.13,Pending
51022,2481,2194,2023-08-21,2,356.62,Completed
51023,1778,2149,2023-11-06,5,1788.04,Cancelled
51024,2214,2194,2024-03-13,5,547.53,Cancelled
51025,1312,2051,2023-07-18,1,363.04,Shipped
51026,2658,2068,2023-08-14,3,834.28,Pending
51027,1545,2099,2023-07-24,3,949.12,Completed
51028,2327,2058,2024-01-13,1,141.8,Completed
51029,2122,2007,2024-02-09,2,841.59,Completed
51030,2005,2058,2024-01-12,2,188.11,Completed
51031,1999,2006,2024-04-09,4,1692.07,Pending
51032,3279,2142,2024-03-17,2,441.71,Cancelled
51033,3380,2103,2024-04-17,5,2235.43,Pending
51034,2072,2181,2023-12-04,3,689.62,Completed
51035,1962,2082,2024-03-03,3,184.78,Shipped
51036,1551,2083,2024-05-25,2,805.78,Cancelled
51037,1528,2025,2024-02-15,4,1117.18,Completed
51038,3475,2059,2023-11-26,5,2075.06,Completed
51039,2906,2069,2024-03-21,1,243.61,Pending
51040,3037,2152,2024-01-10,1,,Completed
51041,1091,2144,2024-01-16,5,1669.41,Completed
51042,2953,2181,2023-08-15,1,348.95,Completed
51043,2131,2146,2023-10-08,1,363.97,Pending
51044,2765,2181,2023-08-08,4,508.89,Pending
51045,2270,2138,2024-05-22,3,546.01,Cancelled
51046,3081,2105,2023-08-13,5,2452.92,Cancelled
51047,2289,2002,2024-04-08,1,363.25,Completed
51048,3407,2031,2023-07-07,5,276.12,Pending
51049,1661,2188,2023-09-08,2,980.79,Completed
51050,1743,2008,2024-04-28,4,1484.47,Completed
51051,1365,2025,2023-12-24,5,1789.71,Shipped
51052,2587,2105,2023-12-13,4,363.17,Completed
51053,1750,2025,2023-11-07,3,327.81,Pending
51054,2033,2128,2023-07-17,2,297.48,Completed
51055,1929,2090,2024-04-27,1,186.37,Completed
51056,3146,2066,2023-06-11,5,269.64,Cancelled
51057,1243,2175,2023-12-09,1,105.04,Cancelled
51058,1052,2002,2023-11-15,4,681.9,Cancelled
51059,3308,2096,2023-07-06,2,229.06,Cancelled
51060,3041,2047,2024-03-01,2,976.99,Completed
51061,1634,2154,2023-12-09,5,545.2,Pending
51062,1728,2130,2023-08-16,4,157.65,Completed
51063,3202,2031,2023-11-07,3,228.58,Shipped
51064,1739,2152,2024-02-21,2,905.22,Pending
51065,1792,2155,2023-08-19,5,2310.0,Pending
51066,3245,2100,2024-01-16,1,342.63,Completed
51067,2386,2064,2023-12-05,2,277.48,Pending
51068,1772,2104,2023-06-22,3,158.54,Pending
51069,3422,2026,2024-02-22,1,340.17,Completed
51070,3160,2145,2024-03-21,5,1363.97,Cancelled
51071,1824,2073,2023-11-12,2,475.51,Completed
51072,2200,2161,2024-01-05,4,926.76,Completed
51073,3009,2007,2024-02-07,1,177.72,Pending
51074,3498,2100,2023-11-04,4,1985.35,Completed
51075,1226,2136,2023-06-22,2,949.44,Completed
51076,3407,2192,2024-03-19,5,536.73,Completed
51077,1197,2137,2023-06-15,1,484.21,Pending
51078,1772,2091,2024-03-02,1,416.28,Shipped
51079,2777,2190,2024-02-16,5,2141.9,Cancelled
51080,2519,2175,2024-05-23,1,,Completed
51081,2873,2048,2023-09-22,3,178.97,Completed
51082,3029,2053,2024-03-19,5,162.03,Pending
51083,1844,2177,2023-07-30,3,81.75,Completed
51084,2355,2046,2023-12-17,2,403.19,Pending
51085,1184,2040,2023-08-12,5,709.66,Shipped
51086,2058,2109,2024-05-14,5,1811.66,Shipped
51087,2269,2053,2024-04-30,3,658.11,Completed
51088,2704,2106,2023-12-11,3,1275.75,Completed
51089,3000,2065,2024-04-03,1,322.61,Pending
51090,1172,2179,2024-01-16,2,679.81,Completed
51091,1289,2164,2023-07-29,1,100.49,Pending
51092,1273,2047,2024-03-01,3,313.5,Shipped
51093,2051,2175,2024-05-21,4,641.13,Completed
51094,2167,2146,2023-10-12,1,386.47,Pending
51095,1828,2023,2024-03-11,4,481.5,Cancelled
51096,1147,2121,2024-02-01,1,77.92,Completed
51097,2590,2048,2023-07-13,1,139.83,Cancelled
51098,2520,2113,2023-08-13,4,1234.3,Completed
51099,3063,2197,2023-09-05,2,738.66,Completed
51100,3330,2004,2023-08-18,3,1299.77,Completed
51101,1719,2090,2024-01-23,2,906.48,Completed
51102,2603,2098,2023-08-18,3,795.47,Completed
51103,1754,2161,2023-09-08,3,1012.67,Pending
51104,1104,2113,2023-07-06,2,621.58,Completed
51105,3281,2042,2023-08-13,5,2414.92,Completed
51106,1457,2176,2023-07-04,4,1084.29,Completed
51107,1696,2186,2023-11-12,3,129.76,Completed
51108,1958,2002,2023-12-13,1,292.29,Pending
51109,3323,2031,2023-09-23,1,292.73,Completed
51110,1082,2167,2024-01-30,5,1656.38,Completed
51111,2585,2116,2023-09-30,4,1263.96,Completed
51112,2864,2123,2023-08-18,4,1119.26,Completed
51113,1917,2037,2023-10-25,2,964.89,Pending
51114,2054,2042,2023-12-06,1,230.07,Completed
51115,1590,2011,2024-01-22,4,1450.3,Cancelled
51116,1930,2103,2023-08-04,3,371.54,Pending
51117,2725,2107,2024-01-22,4,943.4,Pending
51118,2899,2094,2023-11-20,3,1023.16,Completed
51119,3171,2053,2023-10-04,2,726.96,Cancelled
51120,1798,2187,2024-05-03,5,,Pending
51121,3246,2196,2023-12-27,3,992.7,Completed
51122,2610,2037,2024-01-27,1,282.84,Pending
51123,2231,2199,2024-04-15,4,196.68,Completed
51124,2384,2142,2023-08-20,4,1880.53,Pending
51125,1739,2114,2023-06-13,2,416.67,Shipped
51126,1706,2070,2024-05-14,5,1951.95,Shipped
51127,2647,2148,2023-09-10,2,440.73,Pending
51128,2007,2190,2023-08-06,4,700.81,Cancelled
51129,3174,2189,2024-04-17,1,346.19,Completed
51130,1352,2006,2023-06-05,1,182.47,Completed
51131,2284,2092,2023-09-12,2,960.06,Completed
51132,1271,2093,2024-04-15,3,906.41,Pending
51133,2946,2087,2024-05-26,2,325.25,Completed
51134,3302,2041,2023-08-17,2,444.43,Cancelled
51135,2679,2041,2024-03-14,5,1618.12,Shipped
51136,2152,2177,2023-10-06,1,340.34,Completed
51137,2823,2025,2023-06-21,2,886.22,Pending
51138,2554,2123,2023-08-27,1,303.43,Completed
51139,2807,2150,2024-03-19,2,474.97,Completed
51140,3015,2172,2024-03-17,3,1336.99,Completed
51141,2516,2018,2023-08-30,2,642.83,Shipped
51142,2613,2039,2023-07-27,2,963.5,Completed
51143,2198,2183,2023-07-13,3,934.01,Pending
51144,1066,2160,2024-03-29,4,1984.23,Completed
51145,2036,2050,2024-02-18,3,1474.4,Completed
51146,3006,2082,2023-08-25,1,333.47,Shipped
51147,2256,2068,2024-01-16,4,741.28,Completed
51148,2877,2169,2023-07-12,3,860.57,Completed
51149,1044,2189,2024-03-20,1,168.79,Completed
51150,2926,2098,2023-12-16,1,355.26,Completed
51151,2537,2086,2023-12-05,5,2152.36,Pending
51152,2668,2182,2023-11-23,2,945.76,Shipped
51153,2072,2142,2023-09-07,4,635.12,Completed
51154,2843,2172,2023-07-14,3,1302.61,Completed
51155,1095,2033,2023-07-25,2,120.69,Completed
51156,1267,2040,2024-03-19,2,789.93,Completed
51157,1040,2186,2023-06-07,3,1314.98,Cancelled
51158,1289,2040,2024-03-25,4,1298.91,Completed
51159,1434,2157,2023-08-02,1,359.47,Completed
51160,1333,2048,2023-07-17,1,,Shipped
51161,1955,2054,2023-06-26,1,208.78,Shipped
51162,3169,2050,2024-01-30,2,722.83,Pending
51163,3480,2181,2023-09-04,4,647.32,Shipped
51164,3425,2016,2024-01-13,2,532.21,Completed
51165,1721,2051,2023-10-13,2,884.27,Cancelled
51166,1776,2180,2023-08-03,1,114.39,Completed
51167,1933,2042,2023-12-20,5,829.71,Pending
51168,3076,2164,2023-10-25,2,455.2,Completed
51169,1987,2136,2023-06-04,3,476.07,Completed
51170,1265,2016,2023-07-03,4,754.02,Shipped
51171,1248,2159,2024-01-07,1,345.17,Shipped
51172,2827,2004,2024-05-11,1,176.24,Completed
51173,3481,2174,2023-07-04,5,748.29,Completed
51174,2847,2092,2024-02-01,3,787.07,Pending
51175,2284,2140,2023-09-06,2,607.87,Completed
51176,2446,2105,2024-01-25,4,716.3,Pending
51177,2900,2119,2024-01-18,2,184.98,Pending
51178,2719,2007,2023-08-11,3,618.58,Shipped
51179,1612,2103,2023-12-05,1,231.33,Shipped
51180,1708,2039,2024-03-30,2,256.14,Completed
51181,2603,2121,2023-08-16,3,555.67,Completed
51182,3038,2101,2023-08-21,3,1257.43,Cancelled
51183,2138,2059,2023-09-06,4,1252.97,Pending
51184,2773,2112,2023-08-21,4,1941.29,Completed
51185,2448,2028,2023-07-05,3,1081.08,Cancelled
51186,2186,2037,2023-09-29,5,2365.43,Completed
51187,2706,2126,2023-06-07,3,974.9,Completed
51188,2273,2176,2024-04-12,4,1262.09,Cancelled
51189,1531,2136,2023-10-23,3,1107.78,Shipped
51190,1525,2095,2024-03-16,4,219.94,Pending
51191,2516,2107,2023-10-05,2,947.35,Shipped
51192,1957,2081,2024-04-20,4,1594.93,Cancelled
51193,2396,2148,2023-11-17,2,906.76,Completed
51194,3345,2059,2024-05-28,5,1572.29,Completed
51195,3002,2145,2024-01-27,1,173.89,Completed
51196,2574,2193,2023-08-15,5,888.93,Cancelled
51197,3011,2119,2024-04-04,3,170.37,Pending
51198,1792,2198,2023-10-20,2,395.59,Completed
51199,2941,2064,2023-09-23,1,180.43,Cancelled
51200,2977,2144,2023-08-14,3,,Pending
51201,2287,2155,2024-03-01,2,832.93,Shipped
51202,1771,2153,2024-04-05,1,165.42,Completed
51203,1799,2135,2024-02-14,3,428.72,Pending
51204,2733,2180,2023-06-06,3,446.91,Completed
51205,2213,2007,2023-06-15,4,249.55,Pending
51206,1605,2115,2024-04-16,4,1155.0,Cancelled
51207,2820,2195,2023-11-08,1,470.03,Pending
51208,2131,2051,2024-05-27,5,1201.67,Completed
51209,3403,2033,2023-11-13,1,83.86,Completed
51210,3264,2123,2023-12-06,2,349.51,Shipped
51211,2537,2141,2023-06-14,4,1328.02,Pending
51212,1730,2084,2024-04-09,1,330.72,Completed
51213,3317,2194,2024-03-18,1,444.55,Completed
51214,1541,2128,2023-07-03,1,91.46,Completed
51215,3142,2042,2024-05-31,2,137.27,Completed
51216,2463,2087,2023-07-12,4,752.79,Completed
51217,3018,2103,2024-03-06,1,274.22,Shipped
51218,2622,2178,2023-08-19,5,2079.26,Completed
51219,2838,2041,2023-07-30,3,399.04,Completed
51220,3285,2007,2023-06-27,2,504.76,Completed
51221,1898,2195,2023-09-28,2,956.7,Completed
51222,3051,2082,2023-11-13,4,1536.33,Shipped
51223,2622,2005,2024-02-17,3,776.42,Shipped
51224,2700,2141,2023-07-05,1,120.06,Completed
51225,1856,2059,2024-03-25,4,113.59,Shipped
51226,1331,2149,2023-12-06,5,2259.13,Completed
51227,2627,2055,2023-08-17,5,142.46,Shipped
51228,2153,2069,2024-03-11,3,803.0,Completed
51229,1826,2194,2024-04-07,3,551.64,Completed
51230,2067,2101,2023-08-01,3,718.6,Pending
51231,3472,2167,2024-05-09,5,1953.79,Completed
51232,1758,2029,2023-06-22,4,1628.81,Shipped
51233,1843,2052,2024-03-18,3,1261.92,Shipped
51234,1878,2152,2023-11-03,3,735.89,Shipped
51235,1942,2146,2023-10-08,2,535.54,Completed
51236,1051,2056,2023-09-01,3,369.05,Shipped
51237,2592,2185,2023-11-15,4,1970.04,Cancelled
51238,1677,2126,2024-02-01,5,1542.26,Shipped
51239,2018,2020,2024-04-11,1,445.1,Completed
51240,1205,2003,2023-10-19,1,,Pending
51241,3327,2041,2023-07-20,1,199.82,Shipped
51242,1782,2109,2023-12-08,1,157.99,Shipped
51243,1092,2077,2023-06-18,1,168.47,Completed
51244,2872,2053,2023-08-01,1,443.14,Pending
51245,1716,2004,2023-07-28,1,369.28,Pending
51246,3375,2178,2024-03-12,3,459.85,Shipped
51247,3307,2123,2023-07-03,2,254.7,Pending
51248,2546,2008,2023-06-20,4,921.73,Pending
51249,2690,2045,2023-06-07,5,2256.34,Shipped
51250,1259,2198,2023-10-22,3,1099.39,Completed
51251,2095,2007,2024-05-09,3,1447.55,Completed
51252,1962,2177,2024-01-16,1,498.02,Completed
51253,3307,2112,2024-03-13,4,1604.73,Shipped
51254,1194,2074,2023-12-04,1,309.07,Pending
51255,2936,2140,2023-08-23,3,1013.51,Completed
51256,3257,2139,2023-08-14,3,1122.65,Completed
51257,2668,2045,2024-03-24,4,807.01,Completed
51258,2198,2038,2024-05-10,4,1383.85,Pending
51259,2476,2111,2023-07-15,5,726.35,Completed
51260,2364,2092,2024-04-26,4,956.46,Cancelled
51261,1673,2011,2023-11-23,5,2305.96,Shipped
51262,1595,2154,2023-11-22,5,1627.66,Shipped
51263,1654,2147,2023-08-11,2,833.45,Pending
51264,1335,2108,2023-07-28,5,1416.99,Cancelled
51265,1426,2148,2023-06-03,3,1406.67,Shipped
51266,1675,2190,2023-09-25,3,772.08,Completed
51267,2530,2141,2023-12-20,5,1685.12,Pending
51268,1898,2148,2023-11-27,4,1406.82,Completed
51269,1925,2164,2024-04-25,4,395.83,Shipped
51270,1772,2184,2023-06-01,5,2024.85,Pending
51271,1592,2019,2024-05-21,3,419.61,Pending
51272,2241,2054,2024-03-04,1,476.99,Completed
51273,1097,2005,2023-06-16,3,247.53,Completed
51274,1293,2018,2023-10-08,4,1906.92,Pending
51275,2465,2170,2023-12-24,1,356.46,Completed
51276,2406,2100,2023-12-09,2,338.6,Cancelled
51277,3416,2123,2024-04-21,5,1534.17,Shipped
51278,3013,2009,2024-02-11,3,575.88,Completed
51279,2940,2099,2024-03-02,1,225.78,Cancelled
51280,2438,2176,2024-02-07,1,,Pending
51281,1356,2122,2023-10-08,5,343.62,Completed
51282,1386,2117,2023-12-12,3,418.96,Pending
51283,1141,2083,2023-11-06,5,1970.76,Pending
51284,1888,2158,2023-12-28,1,29.89,Completed
51285,3431,2173,2023-06-15,5,1180.52,Cancelled
51286,1743,2119,2023-10-19,5,1046.92,Cancelled
51287,1200,2065,2024-03-26,1,356.65,Pending
51288,1713,2116,2023-10-29,2,87.83,Cancelled
51289,2358,2110,2023-07-27,2,970.14,Completed
51290,1816,2124,2024-02-04,2,55.41,Shipped
51291,1724,2198,2023-12-10,1,168.58,Completed
51292,2393,2175,2024-03-25,4,534.59,Pending
51293,1476,2026,2023-08-24,2,175.4,Cancelled
51294,3306,2007,2024-01-11,4,796.68,Shipped
51295,2762,2006,2024-05-28,5,2257.01,Completed
51296,3227,2028,2024-01-01,4,163.72,Pending
51297,3283,2180,2024-01-03,1,55.96,Completed
51298,2465,2122,2023-12-23,5,2308.28,Completed
51299,1496,2007,2023-08-22,1,295.95,Shipped
51300,1805,2115,2024-05-03,5,1011.63,Completed
51301,2958,2018,2024-05-02,2,603.01,Completed
51302,3293,2011,2023-09-27,2,190.02,Completed
51303,2601,2003,2023-12-08,1,267.34,Completed
51304,1462,2135,2024-05-06,3,909.44,Completed
51305,2243,2036,2023-11-11,2,867.56,Completed
51306,1773,2170,2024-01-30,4,1009.6,Completed
51307,1707,2100,2024-03-10,5,2164.4,Completed
51308,1599,2171,2023-08-05,5,470.33,Completed
51309,2957,2132,2023-07-08,5,516.24,Shipped
51310,2694,2161,2023-12-03,2,836.58,Pending
51311,1245,2193,2024-01-08,1,438.57,Pending
51312,1114,2050,2024-05-09,3,631.86,Cancelled
51313,1921,2192,2023-08-05,4,1268.3,Cancelled
51314,2666,2166,2024-04-21,2,279.27,Cancelled
51315,2179,2128,2023-07-09,4,1239.66,Pending
51316,1272,2144,2023-07-14,2,784.27,Completed
51317,2514,2072,2023-12-19,3,736.92,Completed
51318,2244,2138,2024-04-05,3,1385.04,Pending
51319,3095,2125,2023-12-15,5,1776.22,Shipped
51320,3479,2154,2024-05-04,5,,Completed
51321,1373,2178,2024-02-06,3,834.15,Cancelled
51322,1258,2065,2024-04-18,3,1406.18,Completed
51323,3435,2132,2023-09-25,3,1395.72,Completed
51324,1981,2145,2023-09-06,3,1460.59,Completed
51325,2373,2133,2024-05-12,4,629.19,Cancelled
51326,2737,2172,2024-05-03,2,779.9,Completed
51327,2209,2049,2024-05-17,3,1090.48,Cancelled
51328,2316,2053,2024-01-23,5,1360.27,Completed
51329,2194,2164,2023-10-05,2,618.22,Shipped
51330,2382,2047,2024-04-27,4,812.5,Pending
51331,2984,2184,2023-10-17,5,1215.31,Completed
51332,1600,2066,2024-04-06,1,144.95,Pending
51333,3256,2101,2023-06-02,1,114.74,Completed
51334,3028,2117,2024-03-08,5,2075.25,Cancelled
51335,3325,2108,2023-09-10,3,147.67,Pending
51336,3006,2153,2023-07-26,4,930.63,Completed
51337,1490,2036,2023-09-01,1,196.63,Completed
51338,1169,2018,2023-10-21,1,285.53,Completed
51339,1522,2025,2024-05-17,4,489.3,Shipped
51340,3321,2016,2023-06-06,1,185.36,Cancelled
51341,2136,2073,2024-01-07,2,268.96,Cancelled
51342,3473,2147,2023-10-15,5,964.68,Completed
51343,1622,2006,2024-03-10,5,877.2,Completed
51344,1704,2099,2023-09-13,5,1588.7,Completed
51345,1374,2147,2024-04-10,3,1228.61,Completed
51346,1392,2064,2023-12-26,2,279.92,Cancelled
51347,1679,2045,2023-09-21,3,228.03,Completed
51348,2264,2112,2024-03-23,5,2142.78,Pending
51349,1875,2060,2023-07-22,1,219.05,Pending
51350,2813,2039,2023-12-14,5,1907.9,Completed
51351,3218,2196,2023-10-18,2,887.72,Pending
51352,2789,2135,2023-11-23,3,104.52,Cancelled
51353,2589,2114,2024-04-06,2,404.31,Shipped
51354,1317,2154,2024-05-23,4,419.93,Pending
51355,1849,2056,2023-11-08,3,652.27,Completed
51356,2191,2060,2023-12-12,5,2209.61,Completed
51357,3308,2063,2024-04-26,1,239.82,Completed
51358,2593,2147,2023-11-24,3,617.88,Pending
51359,2788,2186,2024-01-15,4,269.98,Completed
51360,2427,2059,2023-10-16,3,,Completed
51361,2961,2041,2023-08-26,2,860.96,Shipped
51362,3119,2154,2024-02-27,2,853.61,Pending
51363,2494,2013,2023-09-26,1,360.87,Completed
51364,1379,2158,2024-05-22,5,243.9,Completed
51365,3152,2066,2024-01-18,2,328.5,Pending
51366,2141,2048,2023-09-26,4,692.04,Cancelled
51367,1274,2060,2023-07-18,5,248.85,Shipped
51368,1721,2074,2024-03-07,4,1889.83,Completed
51369,1968,2005,2023-09-09,5,1817.26,Completed
51370,1416,2069,2023-08-31,5,419.83,Pending
51371,3267,2195,2023-12-06,2,195.08,Completed
51372,2007,2003,2023-11-14,2,778.03,Cancelled
51373,1085,2129,2024-02-14,1,212.06,Completed
51374,1199,2121,2023-08-19,2,279.83,Cancelled
51375,2505,2147,2023-10-21,4,567.0,Completed
51376,1451,2183,2023-10-06,2,658.13,Completed
51377,1275,2097,2023-08-09,1,161.42,Cancelled
51378,3007,2174,2023-12-20,5,1410.99,Pending
51379,3151,2120,2024-04-27,5,965.6,Cancelled
51380,3366,2184,2023-12-25,3,820.95,Pending
51381,1684,2129,2024-02-11,2,814.6,Completed
51382,1301,2154,2023-12-06,3,239.64,Pending
51383,2568,2097,2023-11-01,3,109.02,Pending
51384,1814,2193,2023-06-09,2,463.76,Shipped
51385,1603,2116,2024-03-29,2,666.62,Completed
51386,2624,2063,2023-08-12,1,452.74,Pending
51387,2036,2125,2023-12-22,4,1454.49,Completed
51388,1839,2119,2023-08-06,4,1923.27,Completed
51389,1597,2164,2023-07-22,3,608.0,Completed
51390,2906,2099,2024-04-30,4,248.43,Completed
51391,2454,2132,2024-03-09,4,177.0,Pending
51392,1278,2091,2023-11-17,2,344.82,Cancelled
51393,1680,2003,2023-07-22,2,757.12,Cancelled
51394,2105,2016,2023-06-13,5,644.4,Cancelled
51395,2521,2007,2024-01-16,4,734.68,Cancelled
51396,2886,2089,2024-04-14,3,481.02,Completed
51397,3118,2150,2023-08-03,4,1541.14,Pending
51398,3106,2010,2024-05-07,5,1855.58,Cancelled
51399,3073,2018,2023-08-18,4,727.29,Shipped
51400,2802,2188,2024-04-21,3,,Completed
51401,1382,2158,2023-12-14,3,637.02,Completed
51402,1181,2078,2023-06-07,2,234.77,Cancelled
51403,1794,2107,2023-08-17,4,1139.41,Completed
51404,1863,2001,2023-07-04,2,865.9,Completed
51405,2977,2017,2023-09-21,4,1838.75,Completed
51406,3022,2030,2023-07-11,4,1642.21,Completed
51407,2525,2121,2023-10-11,5,1451.6,Shipped
51408,2355,2162,2024-05-06,3,825.56,Shipped
51409,3416,2134,2024-05-15,3,1223.82,Completed
51410,1927,2006,2024-01-09,4,617.16,Cancelled
51411,2232,2128,2023-12-25,1,477.25,Completed
51412,2056,2028,2023-08-15,5,656.11,Completed
51413,2019,2119,2023-08-18,1,356.26,Cancelled
51414,2487,2106,2023-12-22,4,1176.49,Completed
51415,1333,2063,2023-08-23,5,1267.79,Shipped
51416,1272,2199,2023-11-08,1,231.92,Pending
51417,1631,2107,2024-01-29,1,183.55,Completed
51418,1485,2079,2023-09-29,4,1770.3,Pending
51419,2624,2151,2023-09-18,4,917.2,Completed
51420,2174,2063,2024-04-08,2,369.31,Cancelled
51421,2340,2152,2023-12-10,1,72.81,Completed
51422,1035,2039,2024-03-03,4,1036.03,Completed
51423,1623,2014,2023-06-02,4,437.39,Completed
51424,2194,2094,2024-05-13,3,1024.13,Completed
51425,1166,2043,2023-11-06,3,217.46,Cancelled
51426,1338,2011,2024-04-10,1,415.18,Completed
51427,1697,2101,2024-02-07,1,151.98,Completed
51428,3155,2019,2024-04-09,3,272.53,Pending
51429,3483,2067,2023-08-20,5,353.29,Cancelled
51430,1917,2177,2023-10-24,1,211.86,Completed
51431,1667,2178,2024-01-29,4,781.63,Cancelled
51432,2256,2076,2024-04-30,4,894.14,Completed
51433,2267,2171,2023-11-15,2,278.65,Completed
51434,1636,2010,2023-07-11,1,304.15,Completed
51435,1605,2028,2024-01-16,2,191.86,Completed
51436,2158,2198,2023-11-18,3,900.46,Shipped
51437,2973,2112,2023-12-27,1,466.69,Shipped
51438,3262,2187,2024-03-27,3,1410.85,Completed
51439,2939,2168,2023-06-18,3,298.06,Completed
51440,2414,2017,2023-06-26,1,,Completed
51441,2596,2048,2024-02-10,4,1350.83,Pending
51442,2326,2116,2023-08-08,3,1137.03,Shipped
51443,2730,2169,2023-11-09,5,2186.82,Completed
51444,1031,2043,2023-10-07,4,277.11,Completed
51445,1607,2011,2023-08-11,2,537.15,Pending
51446,2139,2052,2023-09-01,4,173.05,Completed
51447,2478,2183,2023-11-23,5,1010.93,Completed
51448,1429,2124,2024-02-12,2,250.51,Completed
51449,3069,2071,2024-02-27,4,1790.21,Cancelled
51450,1806,2112,2023-06-21,4,1931.87,Cancelled
51451,3242,2075,2024-03-02,4,184.58,Completed
51452,1074,2105,2024-03-28,1,250.4,Pending
51453,2899,2156,2024-03-19,2,926.94,Cancelled
51454,1913,2116,2023-10-14,3,1345.41,Completed
51455,1940,2172,2024-03-23,3,637.61,Completed
51456,3174,2059,2023-06-21,2,954.41,Pending
51457,1979,2102,2023-06-02,4,190.75,Completed
51458,2121,2138,2024-03-06,4,131.05,Shipped
51459,2255,2197,2024-04-03,1,260.9,Cancelled
51460,1875,2137,2024-05-04,5,807.95,Completed
51461,1962,2100,2024-03-14,3,327.56,Shipped
51462,1821,2004,2024-05-16,4,251.39,Shipped
51463,2006,2123,2023-06-11,1,86.69,Shipped
51464,2058,2044,2024-05-02,3,1032.33,Pending
51465,1663,2110,2023-09-13,2,393.36,Completed
51466,2268,2139,2024-05-20,5,1642.68,Completed
51467,1638,2032,2023-06-02,2,112.68,Completed
51468,1734,2030,2024-01-18,3,248.05,Cancelled
51469,2906,2131,2023-08-02,4,1369.2,Completed
51470,1342,2092,2023-07-18,3,326.37,Completed
51471,3234,2065,2023-06-10,5,2035.39,Completed
51472,1260,2042,2023-08-14,3,303.48,Shipped
51473,3191,2050,2024-02-01,3,117.45,Pending
51474,2772,2027,2024-02-18,4,503.48,Completed
51475,2981,2199,2024-03-27,1,488.67,Shipped
51476,1929,2169,2024-02-09,5,1955.74,Pending
51477,2320,2165,2023-12-06,2,904.97,Completed
51478,2856,2049,2023-06-02,5,969.13,Shipped
51479,2526,2167,2023-11-21,4,1524.49,Completed
51480,2291,2119,2023-07-14,2,,Cancelled
51481,3133,2144,2023-07-30,5,447.45,Pending
51482,3268,2142,2023-11-22,1,321.85,Completed
51483,2299,2063,2023-11-07,5,2077.64,Completed
51484,1160,2028,2023-06-29,3,1022.37,Completed
51485,2058,2098,2023-08-18,3,559.42,Pending
51486,1305,2136,2023-12-04,1,261.69,Shipped
51487,2229,2105,2023-06-12,1,491.1,Completed
51488,1757,2183,2023-07-18,2,934.84,Cancelled
51489,3456,2026,2023-12-03,1,70.2,Completed
51490,2368,2082,2023-08-03,2,597.59,Cancelled
51491,1323,2060,2023-06-26,3,518.87,Cancelled
51492,3218,2021,2024-05-30,5,2346.12,Shipped
51493,3237,2077,2024-03-09,3,218.12,Pending
51494,1167,2080,2024-01-02,1,337.5,Completed
51495,1214,2036,2023-07-06,1,475.77,Cancelled
51496,1017,2028,2024-01-31,1,247.88,Completed
51497,2663,2139,2023-07-25,3,301.3,Cancelled
51498,2015,2021,2023-11-19,2,225.87,Cancelled
51499,1426,2162,2023-06-09,4,514.99,Shipped
51500,1519,2044,2024-05-15,5,691.64,Pending
51501,1022,2175,2024-02-23,3,896.78,Shipped
51502,1769,2127,2024-03-07,2,106.4,Completed
51503,2592,2050,2024-02-26,3,565.58,Pending
51504,3420,2106,2024-03-23,3,458.84,Cancelled
51505,1511,2181,2024-01-02,3,998.88,Pending
51506,1006,2030,2023-12-25,5,579.02,Completed
51507,1526,2148,2023-09-03,5,409.95,Shipped
51508,2020,2034,2024-05-30,1,134.66,Completed
51509,1191,2188,2023-07-07,4,352.63,Completed
51510,2133,2029,2024-03-21,1,334.63,Shipped
51511,1454,2179,2023-06-08,4,303.21,Completed
51512,2832,2037,2023-08-15,1,437.68,Completed
51513,2684,2097,2024-05-03,5,1740.75,Pending
51514,1826,2163,2023-08-14,2,419.75,Completed
51515,1995,2126,2024-02-06,3,698.37,Completed
51516,1013,2111,2024-01-24,2,108.33,Completed
51517,2880,2135,2023-10-27,2,442.73,Completed
51518,1577,2073,2023-10-22,2,454.84,Completed
51519,2939,2196,2024-02-27,1,303.58,Completed
51520,2242,2165,2023-09-23,4,,Completed
51521,2954,2100,2023-10-17,2,506.33,Pending
51522,1547,2005,2023-09-29,4,830.71,Cancelled
51523,3088,2165,2023-08-14,1,152.15,Completed
51524,3139,2066,2024-05-19,1,154.11,Shipped
51525,3116,2080,2023-12-24,1,54.91,Completed
51526,1989,2073,2023-10-08,2,769.85,Shipped
51527,3278,2158,2024-03-21,5,2314.34,Shipped
51528,3036,2136,2023-06-02,2,960.69,Completed
51529,3269,2108,2024-03-17,3,77.08,Completed
51530,1768,2028,2023-11-04,4,577.22,Completed
51531,3402,2052,2024-04-17,4,1372.69,Cancelled
51532,3316,2145,2023-11-30,1,205.46,Cancelled
51533,1804,2063,2023-11-14,1,432.45,Completed
51534,2931,2195,2023-10-02,5,916.89,Completed
51535,2765,2144,2023-06-09,1,74.02,Completed
51536,1948,2106,2023-06-23,2,493.73,Cancelled
51537,1298,2027,2024-05-14,5,1173.04,Completed
51538,1905,2189,2023-09-18,2,402.33,Completed
51539,2051,2003,2024-03-27,4,328.53,Completed
51540,3412,2116,2023-09-16,1,186.89,Completed
51541,1487,2024,2023-10-07,5,1400.12,Shipped
51542,1988,2012,2024-01-30,3,846.03,Shipped
51543,1027,2126,2023-09-19,4,1786.19,Completed
51544,1364,2129,2024-03-25,2,928.57,Completed
51545,1001,2110,2024-05-22,3,1406.88,Pending
51546,3279,2179,2023-08-24,1,375.98,Shipped
51547,3342,2006,2024-05-07,3,349.38,Completed
51548,1960,2189,2023-06-24,2,236.06,Completed
51549,1810,2034,2023-10-30,4,216.42,Pending
51550,1925,2159,2023-08-08,1,80.99,Shipped
51551,1837,2094,2024-04-17,3,1264.51,Pending
51552,1631,2177,2023-07-03,2,500.04,Completed
51553,1702,2096,2023-06-18,5,540.85,Pending
51554,1445,2022,2023-08-20,2,119.55,Pending
51555,1445,2112,2023-09-26,2,302.83,Cancelled
51556,3274,2174,2024-02-27,5,2260.07,Cancelled
51557,2352,2116,2023-08-20,5,1390.51,Cancelled
51558,1884,2115,2024-01-04,2,630.4,Pending
51559,2144,2081,2023-10-12,5,633.6,Shipped
51560,1083,2051,2023-12-25,3,,Cancelled
51561,2905,2024,2024-03-24,1,403.39,Completed
51562,1221,2059,2024-05-24,5,2380.21,Completed
51563,3295,2123,2023-12-20,5,1817.07,Completed
51564,1217,2133,2023-09-01,5,2205.02,Completed
51565,1986,2013,2024-02-16,5,1416.22,Completed
51566,1990,2138,2024-03-09,1,186.08,Cancelled
51567,1384,2067,2023-10-12,3,857.19,Completed
51568,1181,2110,2024-02-07,2,182.73,Completed
51569,1367,2133,2023-08-15,5,1175.58,Pending
51570,3240,2021,2023-11-12,4,412.81,Completed
51571,2384,2008,2023-06-17,1,395.52,Shipped
51572,1100,2186,2023-06-16,1,178.19,Shipped
51573,3400,2021,2023-07-13,2,506.74,Completed
51574,2799,2138,2024-04-27,3,156.58,Shipped
51575,3478,2007,2023-08-16,3,520.8,Shipped
51576,1472,2130,2024-04-26,3,1147.35,Completed
51577,1653,2022,2024-03-06,2,620.33,Cancelled
51578,3212,2123,2023-10-26,4,1092.22,Completed
51579,1617,2045,2023-10-26,5,1601.43,Completed
51580,2287,2098,2024-01-27,1,265.89,Pending
51581,1108,2012,2024-04-02,1,26.33,Completed
51582,2007,2097,2023-11-24,3,201.38,Shipped
51583,3114,2071,2024-02-27,2,434.92,Cancelled
51584,1504,2061,2023-12-29,2,807.82,Cancelled
51585,1934,2083,2023-12-07,1,198.95,Completed
51586,3363,2097,2023-06-22,5,1821.43,Shipped
51587,2925,2014,2023-12-26,2,278.37,Cancelled
51588,3287,2118,2024-04-12,3,1195.8,Completed
51589,3154,2048,2023-08-04,1,53.84,Completed
51590,1502,2101,2023-10-08,5,420.13,Cancelled
51591,3168,2190,2023-06-03,3,966.45,Completed
51592,1727,2141,2024-01-29,4,1772.86,Completed
51593,3113,2050,2023-12-11,2,551.91,Completed
51594,2638,2069,2023-10-03,2,689.35,Completed
51595,2639,2159,2024-05-13,3,1109.54,Cancelled
51596,3341,2166,2024-05-08,3,655.89,Completed
51597,1085,2063,2024-01-01,2,399.84,Shipped
51598,3165,2111,2023-09-18,1,172.05,Completed
51599,1337,2119,2023-06-21,4,654.09,Shipped
51600,2597,2041,2023-11-29,3,,Completed
51601,1765,2104,2023-09-26,3,559.4,Shipped
51602,1766,2076,2023-09-07,1,342.62,Pending
51603,2546,2079,2023-12-28,3,1304.89,Cancelled
51604,3359,2136,2024-02-14,1,391.72,Shipped
51605,1447,2095,2023-10-02,5,1781.34,Cancelled
51606,1731,2071,2023-11-17,2,492.4,Shipped
51607,1253,2173,2024-05-18,3,128.5,Shipped
51608,1236,2075,2023-10-01,2,920.66,Completed
51609,2455,2050,2024-02-25,3,911.65,Shipped
51610,1501,2102,2023-09-22,2,815.65,Completed
51611,1388,2183,2024-04-03,4,1099.8,Shipped
51612,1507,2140,2023-06-25,5,2442.03,Completed
51613,3431,2024,2024-04-19,2,517.95,Completed
51614,2659,2165,2023-11-13,2,87.25,Pending
51615,1143,2186,2023-07-10,1,461.11,Cancelled
51616,3069,2128,2023-11-15,4,281.08,Cancelled
51617,2668,2200,2024-03-09,5,2243.08,Completed
51618,1758,2054,2023-06-14,1,303.39,Completed
51619,2700,2029,2024-03-08,2,845.72,Cancelled
51620,1054,2063,2024-05-18,4,734.32,Shipped
51621,3038,2068,2023-10-24,5,409.29,Shipped
51622,2702,2001,2024-04-13,2,422.17,Cancelled
51623,2417,2035,2023-06-30,1,172.83,Completed
51624,1505,2135,2024-04-23,5,806.24,Cancelled
51625,2198,2058,2023-09-27,4,1106.79,Completed
51626,1109,2151,2023-08-11,4,469.94,Shipped
51627,1646,2056,2024-04-06,5,1326.4,Completed
51628,1984,2116,2023-10-19,3,556.21,Completed
51629,1378,2066,2023-06-19,3,260.32,Cancelled
51630,2669,2192,2023-06-22,3,973.43,Completed
51631,1974,2127,2023-12-20,4,927.21,Shipped
51632,1190,2133,2024-05-21,1,80.34,Completed
51633,2748,2200,2023-06-10,1,473.33,Completed
51634,3131,2053,2023-12-02,4,855.88,Cancelled
51635,1363,2196,2023-06-14,4,392.58,Pending
51636,1298,2083,2023-09-17,1,477.57,Completed
51637,2041,2088,2023-11-30,1,413.26,Cancelled
51638,3254,2047,2024-01-10,5,383.34,Shipped
51639,2988,2109,2024-03-14,2,640.12,Cancelled
51640,2081,2075,2023-06-21,1,,Cancelled
51641,1021,2136,2024-01-16,2,375.48,Completed
51642,2954,2171,2024-03-08,5,449.18,Completed
51643,1869,2060,2024-04-26,3,950.67,Completed
51644,1219,2027,2024-05-07,3,718.44,Shipped
51645,1074,2156,2023-06-25,5,999.58,Cancelled
51646,3380,2182,2023-07-04,3,482.21,Completed
51647,1065,2183,2024-01-18,3,905.63,Completed
51648,2651,2194,2024-04-02,5,1606.47,Shipped
51649,2724,2197,2024-04-15,5,2044.17,Shipped
51650,2215,2142,2024-04-24,5,1928.8,Shipped
51651,2869,2023,2024-02-23,3,281.88,Completed
51652,3373,2099,2024-04-22,5,714.48,Completed
51653,3316,2027,2023-10-29,1,391.84,Completed
51654,3333,2159,2023-09-08,2,896.01,Completed
51655,1758,2200,2023-09-23,3,1187.25,Pending
51656,2656,2145,2024-03-13,1,218.71,Shipped
51657,1095,2143,2024-01-29,2,428.09,Completed
51658,2873,2196,2023-12-31,1,329.92,Completed
51659,1885,2080,2024-03-14,2,543.99,Completed
51660,2335,2172,2024-05-05,5,2281.17,Shipped
51661,2000,2134,2023-08-10,5,1922.9,Completed
51662,1013,2089,2023-12-26,1,491.26,Shipped
51663,3320,2157,2024-01-09,3,117.66,Completed
51664,2664,2152,2023-12-01,5,1731.82,Pending
51665,2090,2024,2024-03-08,4,1188.54,Completed
51666,2667,2162,2023-07-08,2,64.19,Pending
51667,2745,2026,2024-05-10,2,778.17,Cancelled
51668,2285,2147,2023-11-20,1,144.67,Completed
51669,2094,2103,2024-03-04,2,278.57,Completed
51670,3085,2070,2024-04-16,1,430.95,Completed
51671,2960,2193,2023-09-23,1,28.09,Cancelled
51672,2779,2154,2023-12-18,4,218.95,Completed
51673,1479,2196,2023-12-16,5,604.89,Completed
51674,1792,2157,2023-11-19,1,47.76,Completed
51675,2537,2136,2023-06-29,5,1664.68,Completed
51676,2201,2162,2024-04-06,1,432.47,Completed
51677,1223,2117,2023-12-26,2,869.75,Cancelled
51678,1803,2150,2024-01-13,4,1291.26,Completed
51679,2509,2057,2024-04-22,3,459.92,Pending
51680,2805,2114,2024-04-02,3,,Completed
51681,2840,2036,2023-12-24,4,1375.65,Cancelled
51682,1562,2089,2023-06-10,5,2021.83,Shipped
51683,3016,2186,2024-04-16,4,1853.37,Completed
51684,1660,2145,2024-05-24,5,283.64,Completed
51685,1094,2102,2024-02-24,5,749.15,Completed
51686,1813,2052,2024-01-19,2,134.73,Completed
51687,2287,2092,2023-08-27,2,377.5,Pending
51688,1446,2120,2024-03-05,1,245.52,Completed
51689,1673,2174,2023-07-23,1,311.39,Completed
51690,2556,2029,2023-09-21,4,552.15,Cancelled
51691,2302,2034,2024-01-26,4,1137.61,Completed
51692,2541,2032,2023-09-06,2,475.11,Shipped
51693,3234,2076,2023-11-05,3,919.39,Shipped
51694,1691,2149,2023-11-13,1,91.9,Pending
51695,2205,2131,2023-06-23,1,229.8,Completed
51696,1217,2061,2024-01-18,2,697.95,Completed
51697,2632,2121,2024-02-29,1,465.65,Pending
51698,3047,2171,2024-02-18,2,919.41,Completed
51699,1058,2042,2024-04-23,1,442.14,Cancelled
51700,3197,2047,2023-07-23,2,298.04,Pending
51701,1703,2147,2024-03-06,3,1121.73,Pending
51702,3485,2113,2023-09-28,4,1746.51,Completed
51703,3210,2063,2023-07-29,5,545.89,Shipped
51704,2305,2105,2023-06-15,3,401.19,Pending
51705,1094,2127,2024-05-25,5,1418.42,Shipped
51706,2756,2104,2024-05-14,1,240.45,Shipped
51707,1251,2104,2024-02-10,2,905.3,Cancelled
51708,1601,2004,2023-12-04,1,203.66,Completed
51709,1346,2169,2023-08-27,2,262.71,Completed
51710,2344,2173,2023-08-21,1,496.27,Shipped
51711,2500,2004,2023-11-19,5,2473.57,Completed
51712,2086,2104,2024-03-18,2,745.87,Cancelled
51713,1714,2019,2024-03-19,2,361.02,Pending
51714,2871,2194,2024-03-31,1,289.83,Cancelled
51715,2100,2061,2024-01-07,5,1571.28,Completed
51716,3240,2005,2023-08-21,2,897.57,Completed
51717,2356,2009,2024-04-05,2,679.2,Cancelled
51718,2775,2185,2024-04-02,3,797.99,Completed
51719,1533,2077,2024-04-06,3,1280.74,Cancelled
51720,3098,2142,2024-04-18,1,,Completed
51721,2421,2116,2024-04-16,5,1330.4,Completed
51722,2808,2024,2023-11-30,2,273.52,Cancelled
51723,2646,2115,2023-12-17,4,472.38,Shipped
51724,1765,2007,2024-04-11,4,622.31,Completed
51725,1261,2185,2024-04-17,4,1040.31,Cancelled
51726,3018,2099,2024-03-04,2,864.17,Cancelled
51727,2788,2130,2024-02-10,2,845.19,Completed
51728,2312,2133,2024-03-22,2,519.21,Shipped
51729,1157,2165,2024-02-28,3,1046.23,Completed
51730,2633,2165,2023-09-04,2,400.25,Shipped
51731,2104,2008,2024-05-05,3,1151.68,Pending
51732,2561,2187,2024-04-13,3,1052.0,Cancelled
51733,1157,2008,2024-05-10,1,104.76,Cancelled
51734,1721,2200,2023-11-23,3,457.36,Completed
51735,3145,2101,2024-01-22,5,1060.91,Completed
51736,2446,2157,2023-10-29,2,656.39,Shipped
51737,1546,2175,2024-02-28,5,2136.01,Pending
51738,1911,2050,2024-03-06,5,2344.52,Completed
51739,2659,2043,2023-10-12,1,350.12,Completed
51740,1765,2137,2023-11-20,4,438.01,Completed
51741,2594,2043,2024-03-21,2,433.47,Cancelled
51742,1908,2178,2023-09-22,3,829.88,Shipped
51743,2516,2027,2023-09-23,5,377.25,Shipped
51744,2603,2095,2023-12-05,1,477.02,Pending
51745,3126,2068,2023-12-15,5,895.39,Cancelled
51746,2313,2194,2024-02-05,3,1250.43,Completed
51747,1032,2050,2023-11-04,5,409.95,Shipped
51748,3099,2148,2023-07-09,1,459.09,Cancelled
51749,2984,2043,2023-06-25,2,545.47,Shipped
51750,2367,2149,2023-09-29,3,1205.67,Completed
51751,2492,2054,2023-12-19,3,200.7,Completed
51752,2859,2028,2023-11-15,3,363.27,Completed
51753,1711,2094,2024-04-13,2,826.66,Pending
51754,3149,2025,2023-09-30,4,949.92,Completed
51755,1188,2005,2024-04-13,3,1432.64,Completed
51756,1447,2073,2023-07-15,1,393.76,Completed
51757,2871,2099,2024-04-11,5,2376.44,Completed
51758,3424,2135,2024-01-29,5,267.84,Shipped
51759,1540,2194,2024-01-31,1,154.05,Completed
51760,1963,2132,2024-02-25,5,,Completed
51761,2648,2042,2023-08-10,3,869.3,Pending
51762,2705,2015,2023-11-14,5,1327.79,Pending
51763,3208,2114,2023-10-22,3,1304.19,Completed
51764,3019,2181,2023-11-20,5,926.05,Shipped
51765,2146,2139,2024-04-19,3,1119.37,Pending
51766,2490,2082,2024-05-30,5,809.08,Cancelled
51767,1528,2078,2024-04-10,1,484.63,Shipped
51768,2754,2086,2023-06-14,2,935.95,Completed
51769,1162,2011,2023-08-19,3,605.82,Completed
51770,3402,2166,2023-09-27,1,480.27,Completed
51771,1475,2084,2023-11-10,1,123.96,Completed
51772,2393,2124,2023-06-18,5,609.72,Shipped
51773,2744,2143,2023-09-02,1,159.86,Completed
51774,3130,2135,2024-04-11,4,833.07,Cancelled
51775,3010,2037,2024-02-11,2,451.92,Shipped
51776,2807,2185,2023-10-28,4,384.44,Completed
51777,1532,2094,2024-02-19,2,923.28,Completed
51778,1857,2018,2024-02-25,2,815.12,Completed
51779,3226,2028,2023-08-08,2,844.52,Completed
51780,1820,2156,2023-08-13,1,322.78,Cancelled
51781,1380,2016,2023-12-11,1,445.6,Cancelled
51782,2003,2107,2023-10-13,4,404.29,Shipped
51783,3265,2119,2023-11-24,1,277.94,Pending
51784,2655,2133,2024-05-27,1,340.95,Completed
51785,1741,2090,2024-02-01,4,709.61,Shipped
51786,2488,2144,2024-04-17,3,764.46,Pending
51787,1634,2147,2023-06-17,3,277.99,Completed
51788,3093,2199,2024-05-08,4,826.58,Shipped
51789,3269,2062,2023-07-23,4,200.88,Completed
51790,2801,2031,2024-04-26,4,433.54,Pending
51791,1881,2051,2024-01-13,2,929.51,Shipped
51792,3387,2048,2023-06-15,3,334.05,Completed
51793,3362,2146,2024-04-10,2,753.94,Completed
51794,1413,2188,2024-01-05,3,1011.58,Cancelled
51795,1309,2164,2023-11-03,2,575.48,Completed
51796,1969,2043,2023-11-14,3,1076.02,Completed
51797,3366,2139,2023-09-13,3,867.22,Completed
51798,2093,2107,2023-08-02,4,1477.09,Pending
51799,3020,2057,2023-08-22,4,650.7,Completed
51800,3339,2086,2023-10-12,3,,Pending
51801,1478,2047,2024-01-15,5,2084.06,Cancelled
51802,2798,2001,2023-09-04,5,539.04,Completed
51803,1664,2015,2023-11-17,2,683.38,Cancelled
51804,2920,2195,2024-02-25,4,1465.65,Completed
51805,3009,2182,2023-11-15,2,600.6,Cancelled
51806,3126,2063,2023-08-06,2,76.67,Shipped
51807,1404,2035,2023-12-04,4,1485.49,Shipped
51808,1223,2141,2023-09-05,2,85.77,Completed
51809,2087,2195,2024-03-10,4,1252.5,Shipped
51810,2908,2133,2024-02-13,5,2176.1,Pending
51811,2431,2176,2023-09-16,3,1025.97,Completed
51812,1757,2061,2024-04-22,5,1061.57,Completed
51813,1166,2052,2023-06-09,3,1468.64,Completed
51814,2589,2166,2023-07-12,5,2156.07,Cancelled
51815,2314,2029,2024-01-22,1,189.77,Completed
51816,1861,2187,2024-03-19,1,35.85,Completed
51817,3365,2043,2024-03-27,3,1021.21,Completed
51818,2241,2051,2024-01-31,3,1006.6,Shipped
51819,3095,2050,2023-06-30,5,2080.22,Completed
51820,3362,2107,2024-01-27,1,124.95,Cancelled
51821,3048,2024,2024-04-07,1,93.96,Completed
51822,1619,2188,2023-08-17,1,123.44,Completed
51823,2886,2105,2024-01-25,2,100.83,Cancelled
51824,1366,2030,2023-07-28,4,865.12,Completed
51825,1741,2011,2023-08-01,5,1838.97,Pending
51826,1558,2186,2023-11-23,5,1929.89,Completed
51827,1811,2160,2023-09-18,1,164.47,Completed
51828,2768,2098,2023-11-20,2,559.34,Shipped
51829,1733,2117,2024-04-29,3,1181.72,Completed
51830,1613,2196,2023-10-23,2,145.44,Completed
51831,1094,2143,2024-05-15,4,1288.16,Completed
51832,2381,2003,2024-03-22,3,1474.33,Completed
51833,3443,2074,2023-12-10,2,66.26,Cancelled
51834,1794,2180,2023-12-05,3,1103.24,Completed
51835,1006,2055,2024-05-07,5,1540.98,Completed
51836,3390,2128,2023-06-09,1,133.71,Pending
51837,1486,2037,2023-10-20,2,452.67,Completed
51838,3252,2084,2024-03-03,3,627.0,Completed
51839,1869,2007,2023-10-11,1,446.85,Completed
51840,1106,2037,2024-02-02,1,,Completed
51841,1664,2123,2023-09-27,5,1300.29,Completed
51842,1682,2154,2024-04-13,1,235.48,Shipped
51843,1350,2111,2024-01-05,5,178.15,Completed
51844,1533,2033,2023-10-23,5,1668.97,Completed
51845,2403,2082,2023-10-12,2,836.38,Shipped
51846,1032,2057,2024-05-25,3,121.15,Completed
51847,1511,2005,2024-04-11,3,1368.87,Pending
51848,3034,2145,2024-04-23,4,800.28,Completed
51849,1266,2095,2024-01-13,5,1733.04,Completed
51850,2524,2073,2024-01-04,2,948.48,Completed
51851,2965,2028,2023-08-10,3,732.99,Completed
51852,1453,2012,2024-03-11,1,390.35,Cancelled
51853,1503,2010,2023-09-15,1,407.9,Shipped
51854,2690,2142,2023-09-26,1,238.43,Completed
51855,1369,2126,2023-08-22,4,1080.93,Cancelled
51856,1054,2133,2023-07-20,3,713.06,Completed
51857,3428,2008,2023-07-26,3,1078.63,Pending
51858,1346,2051,2024-02-16,1,219.08,Completed
51859,2010,2014,2024-01-23,2,365.53,Completed
51860,2179,2093,2024-02-27,3,776.15,Completed
51861,2641,2045,2023-07-29,2,73.55,Cancelled
51862,2783,2047,2023-11-26,5,2166.09,Shipped
51863,2456,2115,2024-01-05,4,1232.7,Pending
51864,1122,2053,2023-08-01,5,137.98,Completed
51865,1821,2156,2023-12-24,2,831.46,Pending
51866,2042,2112,2023-12-19,4,1664.07,Completed
51867,2447,2150,2023-07-03,5,696.3,Completed
51868,2946,2005,2023-06-17,1,490.42,Pending
51869,2700,2109,2023-07-22,3,1450.24,Shipped
51870,3414,2007,2023-07-05,1,49.02,Cancelled
51871,2990,2171,2024-01-26,1,459.12,Completed
51872,1081,2192,2024-05-01,3,909.43,Cancelled
51873,3262,2018,2024-03-15,3,893.19,Completed
51874,2022,2171,2024-05-28,1,175.42,Completed
51875,1174,2066,2024-04-08,5,1316.86,Cancelled
51876,2220,2166,2024-04-02,4,1865.6,Pending
51877,3483,2136,2024-02-08,2,665.63,Completed
51878,2898,2152,2024-01-11,1,411.49,Pending
51879,3470,2143,2023-10-28,1,220.17,Pending
51880,1408,2039,2023-09-19,4,,Completed
51881,2987,2123,2024-03-19,3,428.74,Completed
51882,2321,2112,2023-09-02,2,750.12,Cancelled
51883,3421,2153,2023-10-27,5,1475.1,Completed
51884,2828,2004,2023-07-05,3,310.33,Pending
51885,1572,2007,2023-09-18,4,196.86,Pending
51886,3215,2044,2023-07-25,1,220.1,Completed
51887,1113,2162,2024-05-04,3,210.49,Cancelled
51888,1343,2061,2023-12-07,5,1482.46,Cancelled
51889,3067,2200,2024-03-26,4,1811.58,Completed
51890,1343,2114,2023-06-12,5,1321.17,Cancelled
51891,2187,2170,2024-02-16,1,412.28,Completed
51892,3239,2103,2023-10-12,3,837.52,Completed
51893,1493,2116,2023-11-30,5,1343.72,Completed
51894,3340,2113,2024-02-15,3,698.68,Completed
51895,3209,2045,2023-07-02,1,148.26,Completed
51896,2716,2122,2023-11-11,4,1366.51,Completed
51897,1774,2098,2024-03-15,1,167.29,Pending
51898,1375,2196,2024-04-27,1,468.72,Cancelled
51899,3047,2173,2024-03-29,3,1202.84,Cancelled
51900,2735,2144,2024-02-14,2,490.19,Pending
51901,3370,2172,2024-01-31,1,151.89,Cancelled
51902,2453,2059,2024-05-31,1,147.86,Completed
51903,3380,2109,2023-07-28,3,683.69,Pending
51904,3261,2165,2023-10-06,2,513.13,Shipped
51905,3266,2143,2023-09-23,3,1105.08,Completed
51906,1439,2200,2024-01-22,5,2019.93,Shipped
51907,2631,2047,2023-10-28,1,445.26,Pending
51908,2160,2157,2023-12-10,4,1138.92,Shipped
51909,2085,2157,2024-01-06,1,151.18,Cancelled
51910,2280,2039,2023-07-04,4,122.07,Cancelled
51911,2385,2027,2023-12-15,2,201.82,Completed
51912,3376,2195,2023-10-03,4,622.91,Cancelled
51913,1513,2001,2024-02-13,5,2405.37,Completed
51914,2090,2137,2023-12-22,5,1779.63,Completed
51915,1169,2112,2023-08-10,3,638.14,Completed
51916,3160,2114,2024-04-04,5,286.86,Completed
51917,1260,2023,2023-11-01,1,126.86,Completed
51918,3403,2194,2023-10-06,3,1017.18,Cancelled
51919,1669,2053,2024-05-31,4,305.12,Completed
51920,2947,2185,2023-12-26,1,,Completed
51921,1180,2066,2023-11-12,5,1338.73,Pending
51922,2362,2200,2024-05-24,1,457.25,Completed
51923,2141,2193,2023-11-02,4,374.82,Completed
51924,1399,2110,2023-11-10,1,439.69,Shipped
51925,2185,2071,2023-06-15,5,1113.93,Completed
51926,2926,2194,2024-02-03,1,391.89,Completed
51927,2060,2153,2024-03-02,5,1913.39,Shipped
51928,1172,2140,2024-03-04,1,436.49,Pending
51929,3258,2038,2023-07-20,3,188.46,Completed
51930,2695,2133,2023-07-24,2,847.75,Cancelled
51931,1757,2101,2024-04-16,4,1899.65,Cancelled
51932,2730,2158,2024-05-05,5,1591.34,Completed
51933,3383,2102,2024-05-22,5,1430.19,Completed
51934,3076,2098,2024-03-17,3,1056.38,Completed
51935,2341,2088,2024-03-28,3,1469.93,Shipped
51936,1202,2029,2023-08-03,5,445.07,Cancelled
51937,1740,2015,2024-05-17,4,1989.9,Completed
51938,2563,2178,2023-06-23,3,236.58,Pending
51939,1322,2109,2024-05-15,1,132.86,Cancelled
51940,3203,2193,2024-03-11,4,493.57,Completed
51941,2019,2106,2024-05-29,2,145.01,Cancelled
51942,2065,2084,2023-12-08,5,257.55,Pending
51943,1032,2013,2023-06-13,5,1683.15,Cancelled
51944,2234,2035,2023-10-31,5,2431.78,Completed
51945,1733,2013,2023-10-29,4,1997.42,Shipped
51946,2123,2190,2024-03-12,5,1157.91,Pending
51947,2682,2013,2023-11-15,4,598.05,Completed
51948,2273,2081,2024-01-03,3,773.29,Pending
51949,2393,2138,2023-06-15,5,1195.23,Completed
51950,2307,2057,2023-09-07,5,2037.5,Completed
51951,2742,2034,2023-10-03,3,442.78,Pending
51952,2562,2034,2024-04-20,2,781.9,Completed
51953,2185,2014,2023-07-26,4,1301.99,Cancelled
51954,3492,2089,2023-09-26,1,29.35,Shipped
51955,2743,2042,2023-09-04,1,108.08,Completed
51956,1742,2196,2024-01-18,4,1932.23,Pending
51957,2942,2080,2023-12-23,2,775.62,Cancelled
51958,1276,2100,2023-06-15,1,62.56,Completed
51959,1410,2024,2023-12-08,5,2061.3,Completed
51960,3185,2133,2024-04-23,4,,Completed
51961,3199,2004,2023-07-26,4,1218.74,Pending
51962,2971,2183,2024-02-09,5,428.65,Completed
51963,1709,2148,2024-03-31,3,707.83,Completed
51964,2120,2115,2023-08-09,4,1605.8,Completed
51965,2741,2020,2023-08-15,1,461.77,Completed
51966,1836,2136,2023-10-07,2,748.64,Pending
51967,2402,2059,2024-01-07,3,1067.42,Shipped
51968,2581,2193,2024-02-28,1,244.07,Completed
51969,1692,2095,2023-10-14,5,540.22,Completed
51970,1506,2172,2024-03-12,2,528.29,Completed
51971,2483,2193,2023-10-16,1,39.93,Pending
51972,2043,2079,2024-04-30,3,481.42,Pending
51973,2387,2190,2023-08-14,2,853.23,Completed
51974,1457,2036,2023-09-08,2,937.92,Pending
51975,2170,2198,2024-03-02,5,1942.71,Shipped
51976,3013,2175,2024-04-13,1,239.11,Pending
51977,1845,2063,2024-05-06,3,994.22,Shipped
51978,1682,2126,2023-08-26,1,116.02,Cancelled
51979,3208,2098,2024-05-16,2,828.67,Pending
51980,2449,2183,2023-06-07,5,269.35,Completed
51981,3486,2100,2023-10-05,1,146.09,Shipped
51982,1797,2009,2023-12-15,5,2486.53,Completed
51983,2332,2185,2024-03-06,5,2095.64,Completed
51984,1940,2085,2023-09-26,3,91.84,Shipped
51985,1426,2132,2023-07-06,4,937.03,Cancelled
51986,2174,2132,2023-07-05,4,756.15,Completed
51987,2143,2066,2023-10-09,3,447.86,Pending
51988,1220,2137,2023-09-16,5,2212.64,Shipped
51989,1271,2122,2024-04-04,5,641.43,Shipped
51990,3263,2028,2023-06-08,3,418.32,Cancelled
51991,1506,2038,2024-03-01,4,1924.66,Cancelled
51992,2047,2138,2023-12-15,5,1473.76,Pending
51993,3402,2136,2024-02-19,2,890.56,Shipped
51994,3453,2016,2023-11-04,3,760.77,Shipped
51995,1545,2123,2023-07-24,3,1271.64,Shipped
51996,1564,2065,2023-12-10,2,84.61,Completed
51997,3451,2139,2023-12-13,3,324.42,Completed
51998,1835,2143,2024-04-28,2,612.77,Completed
51999,3136,2061,2023-09-30,5,2006.83,Completed
52000,1462,2166,2024-05-03,5,,Pending
52001,1644,2146,2023-09-16,2,541.23,Cancelled
52002,1203,2183,2024-03-22,5,2319.79,Completed
52003,1597,2032,2023-06-23,1,32.08,Completed
52004,1720,2001,2023-06-09,1,353.54,Pending
52005,2890,2112,2023-12-12,1,46.52,Completed
52006,3081,2162,2024-04-01,5,2308.93,Shipped
52007,2970,2184,2023-12-15,1,30.32,Completed
52008,2211,2049,2023-12-08,4,1614.03,Completed
52009,1253,2186,2023-09-29,5,812.24,Completed
52010,2000,2165,2023-07-14,5,1337.05,Completed
52011,2977,2071,2024-01-02,5,1648.6,Completed
52012,2290,2080,2023-12-27,5,876.43,Shipped
52013,1401,2009,2023-06-02,2,746.67,Completed
52014,2873,2193,2023-12-24,2,53.33,Completed
52015,2350,2191,2024-03-28,4,931.32,Completed
52016,2358,2006,2024-05-18,1,232.06,Shipped
52017,2598,2109,2023-10-16,1,60.07,Shipped
52018,2610,2095,2023-11-01,1,361.76,Shipped
52019,1921,2073,2023-06-01,4,1129.14,Completed
52020,2634,2158,2024-03-29,3,1175.71,Pending
52021,1172,2134,2024-04-10,1,199.46,Cancelled
52022,1798,2111,2024-01-01,5,605.47,Cancelled
52023,1577,2097,2024-02-29,5,1465.93,Pending
52024,1653,2100,2024-04-06,4,1591.33,Cancelled
52025,1959,2139,2024-01-08,5,1444.12,Shipped
52026,3318,2031,2024-01-28,5,2488.14,Shipped
52027,2988,2158,2023-07-08,3,118.65,Cancelled
52028,2757,2047,2023-12-03,4,1703.4,Cancelled
52029,2862,2097,2023-06-12,5,687.28,Completed
52030,1357,2034,2024-01-07,3,722.74,Shipped
52031,3139,2148,2024-03-13,2,411.13,Completed
52032,1323,2142,2023-06-03,5,1000.29,Completed
52033,1299,2119,2023-12-02,3,802.46,Completed
52034,2887,2125,2024-01-20,3,1081.14,Shipped
52035,1566,2125,2023-10-30,4,1244.03,Completed
52036,1396,2139,2024-05-10,5,468.55,Completed
52037,3493,2183,2024-03-30,4,1885.93,Pending
52038,2091,2046,2023-08-23,2,623.0,Pending
52039,2370,2132,2024-03-27,1,238.41,Shipped
52040,2083,2185,2023-12-05,3,,Completed
52041,3268,2089,2024-05-14,3,606.31,Completed
52042,2307,2112,2024-02-14,2,52.74,Cancelled
52043,1580,2033,2023-12-05,4,1677.96,Shipped
52044,3354,2005,2023-06-26,1,325.26,Completed
52045,2402,2105,2023-10-19,1,243.2,Completed
52046,1558,2072,2024-01-27,2,527.94,Cancelled
52047,2344,2185,2023-10-22,1,52.75,Pending
52048,3131,2167,2024-02-20,2,202.87,Completed
52049,2854,2062,2023-07-17,2,994.0,Completed
52050,2596,2139,2023-12-09,1,253.7,Completed
52051,2440,2144,2024-04-24,1,68.45,Cancelled
52052,2523,2001,2024-04-08,2,851.65,Completed
52053,1353,2081,2023-09-04,4,253.65,Completed
52054,2486,2059,2024-01-12,1,414.89,Completed
52055,1818,2012,2023-06-17,4,234.67,Pending
52056,3432,2081,2024-05-14,1,27.19,Pending
52057,2051,2180,2024-04-30,1,441.7,Cancelled
52058,2280,2144,2024-05-30,3,1071.26,Completed
52059,1577,2146,2024-02-23,4,885.09,Cancelled
52060,3348,2055,2023-12-29,3,262.39,Completed
52061,2143,2121,2023-07-30,4,1689.03,Completed
52062,3109,2037,2024-01-29,2,814.53,Cancelled
52063,1339,2055,2023-07-07,1,147.46,Completed
52064,1630,2091,2024-03-14,5,1082.79,Shipped
52065,1751,2018,2024-01-26,3,379.0,Shipped
52066,2475,2113,2023-10-10,5,1939.36,Completed
52067,2382,2039,2024-01-02,5,268.63,Completed
52068,3236,2112,2023-06-20,4,950.83,Cancelled
52069,3245,2057,2023-10-07,3,1401.6,Cancelled
52070,1800,2141,2023-11-03,2,352.02,Completed
52071,2568,2162,2023-10-31,4,1838.51,Cancelled
52072,1195,2085,2023-11-19,1,236.62,Pending
52073,2134,2181,2023-06-26,4,784.2,Cancelled
52074,2375,2091,2023-07-11,3,1444.31,Completed
52075,1844,2145,2023-09-02,1,307.18,Cancelled
52076,2366,2197,2023-11-14,1,45.19,Shipped
52077,2268,2188,2023-06-15,5,366.58,Completed
52078,1409,2022,2023-07-22,4,1579.93,Pending
52079,1389,2154,2024-05-17,1,92.6,Completed
52080,2824,2175,2023-12-17,1,,Completed
52081,1689,2163,2023-06-13,4,1462.46,Completed
52082,1958,2081,2023-10-16,1,349.23,Completed
52083,1339,2171,2023-08-09,2,465.85,Completed
52084,3318,2092,2023-07-01,1,100.01,Pending
52085,1208,2021,2023-11-11,1,185.2,Shipped
52086,1750,2089,2024-05-01,5,741.62,Shipped
52087,2392,2009,2024-01-11,3,137.45,Pending
52088,1410,2196,2024-01-13,2,852.3,Pending
52089,3437,2141,2023-06-26,3,1084.32,Cancelled
52090,2500,2165,2023-06-15,2,683.11,Completed
52091,1198,2003,2023-12-19,3,1439.28,Cancelled
52092,1886,2078,2023-06-07,2,705.53,Cancelled
52093,1486,2001,2023-10-21,3,254.63,Completed
52094,1879,2110,2023-06-24,5,1577.49,Completed
52095,1264,2019,2024-03-04,3,968.28,Completed
52096,1907,2168,2023-11-20,5,1589.42,Completed
52097,3235,2092,2023-11-25,2,913.84,Shipped
52098,3323,2088,2023-08-15,1,196.64,Completed
52099,1137,2016,2023-12-26,4,1181.85,Cancelled
52100,1054,2165,2023-06-10,4,1185.27,Cancelled
52101,1241,2019,2024-03-06,4,1462.54,Pending
52102,2077,2012,2024-05-22,2,996.31,Cancelled
52103,2094,2178,2024-05-14,2,730.82,Completed
52104,1794,2146,2023-10-26,3,903.0,Completed
52105,1922,2006,2023-06-02,4,1032.48,Pending
52106,1644,2086,2023-11-15,1,128.53,Shipped
52107,2426,2003,2023-07-08,4,503.78,Pending
52108,2283,2066,2023-08-06,4,448.93,Completed
52109,2882,2138,2023-10-09,2,603.01,Shipped
52110,1766,2170,2024-03-20,2,257.89,Completed
52111,2261,2085,2023-07-19,1,32.24,Completed
52112,3341,2011,2024-04-25,4,1693.97,Completed
52113,2459,2063,2023-06-03,5,1444.99,Pending
52114,3091,2065,2023-10-03,1,96.95,Completed
52115,1363,2099,2023-12-19,4,517.89,Completed
52116,1027,2073,2024-05-13,3,1439.71,Pending
52117,2369,2194,2024-03-15,5,2001.14,Cancelled
52118,2848,2083,2024-03-16,2,133.34,Cancelled
52119,3432,2198,2024-01-03,3,313.67,Completed
52120,1946,2062,2024-01-01,2,,Shipped
52121,1580,2118,2023-12-07,3,816.94,Completed
52122,2048,2119,2024-01-24,1,355.08,Completed
52123,1005,2114,2023-07-29,1,405.55,Completed
52124,1925,2183,2024-03-08,1,110.94,Pending
52125,1690,2026,2024-04-27,5,1848.2,Completed
52126,1277,2091,2024-02-24,1,273.07,Pending
52127,1018,2176,2023-12-05,5,349.35,Completed
52128,1460,2129,2024-01-10,2,558.75,Completed
52129,3254,2141,2023-07-12,5,2216.72,Cancelled
52130,2900,2177,2024-01-27,2,718.78,Completed
52131,2564,2143,2024-02-20,1,361.69,Completed
52132,1969,2123,2024-02-29,5,2162.94,Completed
52133,3243,2097,2024-04-07,2,533.09,Cancelled
52134,2965,2045,2024-02-16,3,547.67,Completed
52135,1219,2169,2023-07-20,5,452.99,Shipped
52136,2953,2042,2023-06-01,1,109.38,Completed
52137,2207,2138,2023-08-05,2,178.51,Completed
52138,1243,2065,2023-07-16,3,472.21,Completed
52139,1866,2188,2023-08-07,5,1900.96,Completed
52140,2727,2093,2024-03-22,5,1812.53,Shipped
52141,1042,2173,2023-08-04,1,85.6,Shipped
52142,1852,2013,2023-10-20,2,258.07,Completed
52143,1535,2184,2024-01-11,4,782.43,Completed
52144,1423,2063,2023-12-08,2,89.36,Completed
52145,3062,2024,2023-12-31,3,1338.03,Pending
52146,2039,2102,2023-09-09,1,349.04,Completed
52147,2411,2184,2024-03-31,2,938.16,Pending
52148,2872,2118,2023-11-30,4,1815.88,Completed
52149,3201,2058,2023-08-07,1,349.8,Shipped
52150,1664,2154,2023-07-16,4,1397.01,Shipped
52151,1304,2121,2023-10-31,4,1743.86,Completed
52152,1652,2150,2024-02-27,2,163.37,Completed
52153,2080,2064,2024-03-04,3,170.31,Pending
52154,2606,2042,2023-08-17,5,317.75,Completed
52155,1486,2108,2024-02-05,1,263.02,Completed
52156,2663,2143,2023-12-06,4,1698.73,Pending
52157,2887,2193,2023-06-21,4,544.35,Pending
52158,1627,2022,2024-03-19,5,2034.93,Completed
52159,2482,2016,2023-11-03,5,806.48,Completed
52160,2231,2168,2023-06-19,4,,Pending
52161,1805,2176,2023-11-04,5,1954.25,Shipped
52162,1921,2146,2023-12-31,3,87.16,Shipped
52163,3477,2097,2023-08-25,4,460.57,Completed
52164,2579,2035,2024-01-09,1,67.02,Completed
52165,2048,2056,2023-12-28,2,923.65,Shipped
52166,2408,2168,2024-03-11,3,454.84,Completed
52167,1416,2174,2024-02-19,5,1636.05,Completed
52168,3187,2189,2024-02-08,5,2382.13,Cancelled
52169,1402,2190,2024-04-14,4,380.29,Completed
52170,2275,2183,2023-07-14,5,1480.87,Pending
52171,2080,2057,2023-09-11,5,929.73,Completed
52172,1549,2185,2023-10-23,4,1950.81,Completed
52173,2498,2171,2023-06-30,3,832.57,Completed
52174,2006,2067,2023-09-12,1,409.24,Completed
52175,1318,2021,2024-05-27,3,1283.88,Cancelled
52176,3046,2104,2023-06-15,3,1471.7,Completed
52177,2515,2120,2023-12-17,5,1728.46,Pending
52178,2356,2117,2023-12-23,5,1816.25,Shipped
52179,2099,2185,2024-04-21,3,1424.46,Completed
52180,1983,2112,2023-12-07,5,1246.45,Completed
52181,2610,2099,2024-03-31,5,1032.98,Completed
52182,2765,2054,2023-10-22,2,125.12,Completed
52183,2170,2095,2023-06-12,5,1782.14,Completed
52184,3346,2086,2024-04-12,3,798.96,Completed
52185,1760,2195,2023-12-22,5,463.66,Completed
52186,3359,2098,2023-12-21,3,1278.04,Completed
52187,1463,2062,2023-06-07,4,1753.22,Completed
52188,1560,2062,2023-12-06,5,2469.84,Completed
52189,1744,2099,2023-08-02,3,150.01,Shipped
52190,2085,2167,2024-03-05,5,589.11,Completed
52191,2702,2030,2023-11-02,3,1337.74,Completed
52192,1229,2116,2024-03-17,4,518.02,Pending
52193,1926,2027,2024-05-14,1,39.24,Shipped
52194,1500,2127,2024-02-27,3,1385.65,Completed
52195,1493,2021,2023-12-06,5,1185.76,Cancelled
52196,2151,2082,2023-08-20,2,394.61,Shipped
52197,2145,2190,2023-08-30,4,1789.44,Cancelled
52198,2887,2067,2023-10-15,4,192.36,Pending
52199,1795,2165,2023-08-23,1,353.46,Pending
52200,2399,2190,2023-08-15,2,,Pending
52201,2856,2034,2024-03-22,4,860.58,Completed
52202,2666,2049,2023-09-08,4,106.47,Completed
52203,1254,2166,2023-06-24,3,1236.79,Pending
52204,3200,2017,2023-06-13,3,538.81,Cancelled
52205,1187,2010,2023-06-13,2,509.65,Shipped
52206,1730,2187,2023-08-05,1,171.86,Completed
52207,2897,2170,2023-09-08,1,227.08,Cancelled
52208,2234,2059,2024-03-20,1,390.39,Completed
52209,2631,2136,2024-04-17,1,259.83,Completed
52210,1144,2051,2023-08-02,2,409.18,Completed
52211,2438,2182,2023-08-18,5,1966.97,Completed
52212,1110,2154,2024-04-26,2,596.83,Shipped
52213,2986,2064,2023-11-24,2,733.18,Cancelled
52214,2443,2169,2024-05-15,2,914.07,Completed
52215,1693,2039,2024-04-23,4,530.99,Cancelled
52216,1779,2134,2024-04-04,5,538.98,Completed
52217,2490,2122,2024-05-19,2,792.77,Completed
52218,1530,2059,2024-01-03,4,265.5,Completed
52219,1143,2121,2023-12-21,1,456.01,Cancelled
52220,2881,2012,2024-02-17,2,419.64,Pending
52221,1495,2196,2024-02-14,2,838.28,Completed
52222,2562,2010,2023-07-21,1,258.41,Completed
52223,2624,2026,2023-11-29,5,652.87,Cancelled
52224,3295,2162,2023-09-02,1,482.74,Pending
52225,2781,2182,2023-10-13,5,2166.38,Pending
52226,2960,2052,2023-11-14,4,1532.13,Completed
52227,1595,2054,2023-09-19,2,184.55,Completed
52228,3083,2005,2024-04-20,1,383.33,Completed
52229,2040,2040,2023-11-25,5,2477.18,Shipped
52230,3319,2040,2024-05-06,2,219.71,Completed
52231,2659,2015,2023-12-11,2,830.0,Cancelled
52232,2383,2055,2023-12-08,1,452.6,Completed
52233,2962,2063,2023-07-05,1,277.5,Completed
52234,2626,2176,2024-02-07,3,223.97,Completed
52235,1026,2125,2024-05-08,3,401.49,Cancelled
52236,2249,2198,2023-08-02,5,894.4,Completed
52237,1294,2057,2023-12-15,2,431.23,Completed
52238,3084,2074,2024-05-05,4,535.55,Shipped
52239,2940,2169,2023-12-05,4,220.19,Shipped
52240,2134,2122,2023-06-24,3,,Cancelled
52241,1298,2045,2024-04-16,1,199.94,Pending
52242,2097,2019,2023-07-10,5,1945.26,Shipped
52243,2402,2085,2024-01-06,3,99.09,Shipped
52244,1375,2148,2023-12-10,5,2463.82,Cancelled
52245,2315,2116,2024-03-07,4,779.73,Completed
52246,1247,2123,2023-06-01,2,67.25,Completed
52247,2781,2041,2024-05-07,1,58.78,Shipped
52248,3033,2025,2023-08-09,1,96.09,Completed
52249,1827,2147,2023-10-03,4,1821.28,Cancelled
52250,2653,2119,2024-02-28,5,1662.26,Pending
52251,1149,2145,2024-02-23,4,509.68,Completed
52252,2747,2126,2024-02-03,2,125.91,Cancelled
52253,1760,2034,2024-01-11,4,1382.41,Completed
52254,2886,2087,2024-05-22,5,2414.11,Cancelled
52255,2947,2167,2024-03-05,4,769.59,Shipped
52256,1852,2162,2024-05-16,5,2262.76,Shipped
52257,2265,2052,2023-07-30,5,342.78,Pending
52258,2347,2080,2023-09-05,1,478.06,Shipped
52259,3369,2164,2023-11-19,2,271.52,Completed
52260,1188,2041,2023-08-01,5,289.48,Completed
52261,2430,2125,2023-12-11,3,1490.29,Cancelled
52262,2869,2073,2024-02-01,1,362.71,Completed
52263,1575,2108,2024-03-14,4,851.72,Completed
52264,3232,2171,2024-01-09,4,861.74,Cancelled
52265,2835,2152,2024-01-17,3,1335.86,Completed
52266,2720,2052,2023-12-15,3,682.95,Completed
52267,2053,2085,2023-06-17,1,218.19,Completed
52268,2290,2179,2023-09-21,4,478.44,Cancelled
52269,2582,2070,2024-03-16,4,1271.27,Pending
52270,2808,2021,2023-07-27,5,1668.93,Completed
52271,3332,2179,2023-12-12,2,355.04,Completed
52272,2520,2152,2024-01-25,1,110.14,Completed
52273,1452,2042,2024-02-26,2,489.54,Shipped
52274,1846,2110,2023-11-01,2,988.08,Completed
52275,2188,2135,2024-04-13,5,2121.18,Completed
52276,2612,2090,2023-10-23,4,1349.17,Completed
52277,2223,2085,2023-10-13,3,1137.09,Completed
52278,2055,2019,2023-11-04,5,413.12,Cancelled
52279,3472,2151,2023-10-04,5,700.84,Shipped
52280,2059,2071,2024-03-23,4,,Cancelled
52281,2105,2105,2023-10-14,1,274.77,Shipped
52282,3300,2044,2023-08-14,2,95.36,Completed
52283,3051,2108,2023-08-05,5,1842.01,Shipped
52284,1896,2148,2024-05-08,5,1651.04,Cancelled
52285,3387,2070,2023-07-22,2,199.81,Completed
52286,3339,2115,2023-08-06,1,353.35,Completed
52287,2961,2195,2023-06-23,4,720.96,Cancelled
52288,2425,2050,2023-10-25,4,804.03,Pending
52289,3399,2034,2023-08-04,1,141.11,Completed
52290,2237,2072,2024-03-17,4,1711.69,Pending
52291,1263,2038,2024-04-08,2,588.24,Completed
52292,1580,2189,2023-11-30,1,89.77,Completed
52293,1836,2188,2024-01-23,3,1298.32,Completed
52294,3166,2181,2024-03-31,4,461.6,Cancelled
52295,2382,2161,2024-05-12,4,1931.3,Cancelled
52296,2763,2021,2024-03-20,5,643.7,Completed
52297,2070,2181,2023-12-02,5,833.57,Completed
52298,2341,2102,2023-12-16,2,130.41,Completed
52299,3221,2141,2023-12-07,1,445.38,Completed
52300,1752,2049,2023-12-26,2,936.15,Shipped
52301,1556,2009,2023-10-06,2,344.53,Completed
52302,1751,2068,2023-12-26,2,673.22,Completed
52303,2234,2060,2024-05-05,4,1456.99,Pending
52304,3067,2190,2024-05-20,4,1584.72,Cancelled
52305,1115,2009,2024-03-09,3,1087.83,Completed
52306,3331,2072,2023-12-13,5,2403.25,Completed
52307,1368,2166,2024-05-05,4,932.49,Completed
52308,1264,2120,2023-10-13,2,993.87,Completed
52309,1852,2082,2023-06-30,2,266.96,Completed
52310,1193,2042,2023-08-22,5,1572.57,Completed
52311,2730,2101,2023-11-21,2,476.03,Completed
52312,1654,2051,2023-09-11,2,544.3,Completed
52313,1958,2003,2023-08-09,1,88.86,Pending
52314,3350,2028,2023-09-19,2,883.92,Completed
52315,1090,2057,2023-09-10,3,656.82,Pending
52316,1278,2188,2024-05-20,1,343.41,Pending
52317,2869,2094,2023-06-06,4,1726.22,Completed
52318,2960,2157,2024-04-08,3,1145.04,Completed
52319,2021,2192,2023-06-30,2,314.09,Completed
52320,1863,2015,2023-07-11,2,,Shipped
52321,3383,2143,2023-10-11,4,424.19,Completed
52322,1888,2070,2023-08-07,1,85.35,Completed
52323,2878,2018,2024-03-24,1,68.16,Shipped
52324,1668,2042,2024-05-04,2,328.04,Completed
52325,1240,2113,2023-12-29,3,1016.29,Cancelled
52326,2895,2187,2023-07-23,4,1320.17,Shipped
52327,3029,2083,2023-10-12,4,301.15,Cancelled
52328,1750,2068,2023-06-26,4,783.55,Cancelled
52329,1932,2138,2024-01-12,2,799.19,Pending
52330,1608,2087,2024-02-14,1,110.44,Completed
52331,3453,2011,2024-03-26,3,624.02,Cancelled
52332,2155,2183,2023-10-09,5,1846.18,Completed
52333,2014,2125,2023-10-06,2,478.8,Completed
52334,1764,2026,2023-08-06,1,65.83,Completed
52335,1489,2136,2024-01-21,5,224.66,Shipped
52336,2420,2177,2024-03-10,4,1633.95,Shipped
52337,1205,2172,2023-07-08,4,1724.61,Pending
52338,2194,2178,2023-06-19,2,618.35,Completed
52339,1425,2151,2024-04-13,5,723.07,Completed
52340,1730,2154,2023-11-10,1,259.65,Completed
52341,1719,2037,2024-02-08,4,1522.03,Completed
52342,1903,2143,2024-01-19,2,205.37,Completed
52343,2185,2039,2023-08-13,1,203.45,Pending
52344,2313,2176,2023-10-12,5,2212.79,Pending
52345,1788,2050,2023-06-01,5,2064.08,Completed
52346,2188,2076,2023-11-02,4,1766.7,Completed
52347,2249,2129,2024-02-21,4,1066.29,Cancelled
52348,2355,2004,2023-10-17,4,139.54,Completed
52349,1043,2096,2024-04-10,4,1555.31,Shipped
52350,2431,2019,2024-04-09,3,344.99,Shipped
52351,2836,2128,2023-10-10,5,1792.23,Completed
52352,2628,2110,2024-04-20,2,201.96,Cancelled
52353,2297,2107,2023-09-28,3,338.61,Pending
52354,2943,2082,2023-08-27,2,916.45,Cancelled
52355,1630,2005,2024-01-01,1,445.77,Completed
52356,3224,2022,2023-08-12,5,442.83,Shipped
52357,2511,2147,2023-08-20,2,612.9,Completed
52358,1293,2083,2023-12-28,2,89.94,Cancelled
52359,2302,2081,2024-05-06,5,1080.28,Pending
52360,2001,2119,2024-05-08,2,,Completed
52361,2216,2171,2023-09-01,1,229.95,Completed
52362,2374,2170,2023-10-11,5,1346.63,Shipped
52363,3258,2087,2023-07-20,2,244.52,Completed
52364,1914,2168,2024-03-02,1,45.71,Cancelled
52365,3190,2058,2024-05-26,2,111.02,Shipped
52366,1343,2046,2023-08-17,1,476.13,Completed
52367,1313,2096,2023-10-30,5,1699.02,Completed
52368,2526,2138,2023-08-18,4,1132.54,Cancelled
52369,3046,2103,2023-10-31,1,74.39,Cancelled
52370,1450,2136,2023-11-15,3,867.69,Completed
52371,2596,2080,2023-11-04,2,845.31,Shipped
52372,1004,2011,2023-12-16,2,591.52,Cancelled
52373,3040,2114,2024-04-22,5,1266.05,Completed
52374,3134,2084,2023-12-16,4,635.36,Pending
52375,2274,2199,2023-07-31,5,1158.94,Completed
52376,1892,2076,2024-05-03,2,156.2,Completed
52377,2787,2038,2023-08-31,1,116.82,Completed
52378,2252,2177,2023-07-03,1,160.05,Cancelled
52379,2037,2137,2023-09-20,1,158.67,Pending
52380,3094,2146,2024-05-24,1,67.77,Cancelled
52381,2829,2040,2023-12-26,5,1572.35,Cancelled
52382,2138,2148,2024-05-19,5,354.27,Completed
52383,3105,2179,2023-09-10,1,374.29,Completed
52384,1234,2057,2024-01-08,4,878.66,Shipped
52385,1689,2181,2023-06-02,1,27.56,Completed
52386,1661,2139,2023-11-20,2,566.77,Completed
52387,1395,2001,2023-11-12,1,180.15,Completed
52388,2107,2063,2024-02-27,2,572.34,Completed
52389,2456,2142,2024-05-18,2,928.66,Cancelled
52390,1701,2169,2024-03-16,5,273.31,Pending
52391,2631,2137,2024-05-23,4,411.63,Pending
52392,2787,2063,2023-09-25,2,851.64,Completed
52393,3055,2157,2023-12-15,2,253.77,Pending
52394,2670,2192,2023-07-13,5,923.53,Completed
52395,3222,2193,2023-12-24,2,427.77,Completed
52396,2016,2112,2024-03-09,3,1450.31,Completed
52397,1004,2020,2023-09-06,2,680.63,Completed
52398,1824,2058,2024-04-07,2,144.19,Cancelled
52399,3082,2188,2023-09-23,3,1354.24,Pending
52400,3458,2187,2023-07-03,5,,Shipped
52401,1082,2104,2024-02-02,4,832.72,Shipped
52402,1178,2109,2024-04-18,3,1251.37,Completed
52403,1026,2163,2024-03-02,5,363.57,Shipped
52404,2092,2064,2023-07-09,5,427.66,Cancelled
52405,2822,2105,2023-07-30,4,1844.62,Shipped
52406,1454,2091,2024-03-30,4,1201.16,Cancelled
52407,2012,2139,2024-05-20,3,573.67,Pending
52408,1730,2189,2024-05-11,1,495.57,Shipped
52409,1618,2180,2023-12-18,4,800.41,Pending
52410,3187,2099,2023-08-27,5,2190.96,Cancelled
52411,1386,2036,2023-11-13,4,487.87,Cancelled
52412,3078,2152,2024-03-16,2,376.26,Completed
52413,3468,2070,2024-05-09,4,1293.72,Completed
52414,2821,2189,2023-10-31,2,600.36,Cancelled
52415,1093,2114,2023-10-16,4,371.17,Cancelled
52416,2688,2109,2024-03-29,3,164.67,Pending
52417,3352,2159,2023-12-20,4,141.03,Completed
52418,3267,2153,2024-01-21,3,1052.55,Pending
52419,2045,2144,2023-11-28,5,2145.19,Completed
52420,2662,2071,2023-07-09,5,584.66,Cancelled
52421,3065,2078,2023-07-28,4,977.88,Completed
52422,2878,2133,2024-04-18,3,368.92,Shipped
52423,3382,2138,2024-02-29,1,498.69,Completed
52424,3394,2137,2023-06-15,3,488.27,Completed
52425,3478,2043,2024-05-05,5,2039.73,Completed
52426,2339,2044,2023-07-31,1,102.91,Completed
52427,2879,2011,2023-12-21,4,650.77,Cancelled
52428,1251,2005,2024-03-05,2,307.03,Completed
52429,2469,2134,2023-07-24,2,50.52,Cancelled
52430,3348,2143,2023-09-06,1,181.69,Completed
52431,3216,2142,2023-09-30,5,1538.14,Pending
52432,2073,2191,2023-07-25,5,950.63,Completed
52433,1060,2039,2024-01-15,3,1379.16,Completed
52434,1003,2055,2023-06-24,3,1101.29,Shipped
52435,2652,2027,2024-03-30,5,970.24,Completed
52436,1071,2092,2023-12-16,3,213.36,Completed
52437,3316,2050,2024-01-11,5,1704.3,Completed
52438,2770,2115,2024-03-18,1,263.76,Pending
52439,1080,2168,2023-07-31,5,1246.25,Pending
52440,1144,2008,2023-07-28,2,,Shipped
52441,1504,2013,2023-09-27,3,1384.48,Completed
52442,2033,2034,2024-04-03,5,2353.09,Pending
52443,2983,2071,2024-05-06,3,1435.44,Cancelled
52444,2642,2096,2023-08-24,3,1414.5,Pending
52445,1581,2200,2023-08-04,1,178.71,Completed
52446,3447,2112,2024-01-31,2,349.66,Pending
52447,1731,2048,2023-09-01,1,314.27,Completed
52448,1967,2056,2024-04-21,3,701.4,Completed
52449,2060,2128,2023-11-05,4,1811.46,Completed
52450,3217,2074,2024-05-16,3,605.62,Completed
52451,3461,2112,2023-11-15,2,141.57,Completed
52452,3189,2058,2023-11-08,1,257.32,Completed
52453,1562,2074,2023-11-18,3,385.88,Completed
52454,3441,2015,2023-06-02,2,424.67,Shipped
52455,1758,2024,2023-07-05,4,549.97,Shipped
52456,1587,2163,2024-01-24,4,398.4,Completed
52457,3196,2165,2024-03-06,2,636.61,Cancelled
52458,2315,2183,2024-05-11,3,864.65,Completed
52459,1742,2150,2024-05-08,3,317.69,Completed
52460,1574,2183,2023-11-08,1,217.89,Cancelled
52461,2343,2126,2023-12-06,5,324.58,Completed
52462,1225,2087,2023-06-27,5,2147.74,Completed
52463,2488,2079,2024-04-02,1,147.71,Pending
52464,2259,2069,2024-01-28,2,776.45,Shipped
52465,1880,2092,2023-08-12,3,699.66,Cancelled
52466,2212,2029,2024-01-23,1,194.29,Completed
52467,3340,2118,2023-09-11,3,487.37,Cancelled
52468,1833,2010,2023-11-18,2,513.91,Cancelled
52469,1125,2057,2023-09-08,1,276.68,Pending
52470,1341,2018,2024-05-18,2,277.66,Shipped
52471,3135,2154,2023-09-02,4,1879.04,Cancelled
52472,2944,2130,2024-02-29,2,821.48,Cancelled
52473,1280,2091,2023-08-29,4,1132.28,Completed
52474,1040,2074,2024-03-11,4,449.51,Shipped
52475,1257,2081,2023-09-01,1,236.46,Completed
52476,2674,2084,2024-05-04,2,930.25,Shipped
52477,1928,2124,2024-02-18,1,73.23,Cancelled
52478,1440,2092,2024-01-04,4,457.18,Completed
52479,2563,2128,2023-07-15,4,941.12,Pending
52480,1666,2152,2023-12-21,5,,Completed
52481,1920,2054,2023-12-20,2,608.28,Cancelled
52482,2053,2097,2024-04-18,4,597.79,Completed
52483,1216,2157,2024-03-27,5,1516.36,Completed
52484,1152,2029,2023-06-25,5,1539.5,Completed
52485,2965,2059,2024-03-22,1,277.36,Completed
52486,2395,2042,2023-07-19,1,281.64,Pending
52487,3139,2075,2023-10-26,2,668.02,Pending
52488,2135,2189,2024-02-19,5,831.66,Shipped
52489,2876,2150,2023-12-07,4,424.32,Completed
52490,3009,2085,2024-04-21,5,952.76,Cancelled
52491,1518,2133,2023-07-27,5,246.94,Completed
52492,1293,2113,2024-03-25,4,1489.14,Cancelled
52493,1304,2036,2023-11-01,5,1408.56,Shipped
52494,3493,2116,2023-07-12,4,127.34,Completed
52495,3379,2136,2023-11-01,3,1393.75,Completed
52496,2090,2053,2024-01-04,4,1545.04,Completed
52497,3143,2101,2024-02-23,1,64.43,Shipped
52498,1892,2164,2023-06-16,2,551.75,Completed
52499,2780,2138,2023-07-29,1,299.61,Cancelled
52500,3014,2138,2023-07-11,3,1422.0,Completed
52501,3362,2003,2023-06-12,5,1684.64,Shipped
52502,3347,2162,2023-08-25,1,236.52,Cancelled
52503,1193,2095,2023-11-09,2,582.26,Pending
52504,2733,2150,2023-09-15,2,831.96,Completed
52505,1367,2161,2024-05-02,3,1135.93,Cancelled
52506,1085,2194,2024-01-24,1,390.18,Shipped
52507,2305,2050,2023-08-04,4,137.95,Shipped
52508,1498,2032,2024-03-21,2,797.9,Completed
52509,1043,2064,2024-02-28,2,860.19,Pending
52510,2260,2035,2024-04-26,3,573.13,Completed
52511,2748,2011,2024-03-20,1,352.79,Completed
52512,3192,2026,2024-02-13,1,45.29,Completed
52513,1250,2035,2023-11-01,2,728.9,Completed
52514,2641,2018,2023-11-23,5,1303.45,Pending
52515,2647,2036,2024-01-12,1,128.09,Completed
52516,3088,2185,2024-04-02,4,1179.86,Completed
52517,2447,2062,2024-04-12,1,359.55,Shipped
52518,2368,2140,2023-11-12,4,271.66,Shipped
52519,2196,2116,2024-05-06,2,131.65,Completed
52520,2581,2097,2023-10-01,5,,Completed
52521,2463,2089,2023-07-30,1,205.42,Completed
52522,2610,2174,2024-04-10,1,338.51,Cancelled
52523,1983,2121,2024-02-04,2,484.09,Completed
52524,3232,2153,2024-01-02,4,878.73,Completed
52525,2022,2076,2023-08-30,5,320.24,Completed
52526,2051,2018,2024-05-26,4,245.43,Completed
52527,2892,2083,2024-04-20,2,368.02,Shipped
52528,2228,2105,2023-10-14,1,488.27,Completed
52529,1154,2049,2024-05-08,5,1423.8,Completed
52530,3009,2055,2023-06-05,3,278.36,Pending
52531,1855,2109,2023-08-08,5,2196.86,Completed
52532,2062,2174,2023-10-17,4,320.51,Cancelled
52533,1942,2152,2023-11-10,2,930.24,Cancelled
52534,2687,2148,2023-06-23,4,1041.06,Completed
52535,3486,2161,2024-05-20,1,295.59,Completed
52536,3072,2138,2023-10-21,5,1334.23,Completed
52537,2311,2194,2023-11-27,1,431.45,Completed
52538,2347,2138,2024-01-19,2,853.57,Completed
52539,2858,2069,2023-09-09,1,329.86,Pending
52540,3265,2144,2023-08-01,1,384.84,Completed
52541,1144,2052,2023-11-04,2,611.12,Cancelled
52542,1267,2130,2024-02-08,2,570.96,Pending
52543,2472,2132,2023-09-22,2,253.73,Completed
52544,2946,2116,2023-06-08,3,209.37,Shipped
52545,1035,2155,2023-06-07,5,2293.72,Completed
52546,1791,2132,2024-04-22,4,1941.72,Completed
52547,3233,2033,2023-12-20,2,381.25,Completed
52548,1162,2068,2023-07-05,2,869.24,Completed
52549,1349,2157,2023-06-18,3,716.55,Completed
52550,1030,2069,2023-10-22,1,34.35,Shipped
52551,3027,2177,2024-03-29,3,217.08,Completed
52552,1654,2070,2023-12-08,2,848.18,Shipped
52553,1309,2016,2024-04-14,4,1457.72,Completed
52554,1405,2163,2023-08-13,2,763.12,Cancelled
52555,2908,2008,2024-03-27,5,1252.34,Shipped
52556,2597,2066,2024-03-21,4,488.9,Completed
52557,2529,2021,2024-02-09,3,1205.67,Completed
52558,2187,2004,2023-10-14,2,213.77,Completed
52559,1442,2137,2024-04-14,1,41.84,Completed
52560,2568,2135,2024-01-07,1,,Completed
52561,1206,2122,2023-06-07,2,568.85,Pending
52562,1696,2015,2023-08-17,1,40.1,Completed
52563,1969,2101,2023-12-30,2,116.57,Completed
52564,1806,2105,2024-03-05,5,199.05,Completed
52565,2905,2122,2024-04-05,3,117.79,Completed
52566,3028,2063,2023-08-09,3,1436.32,Cancelled
52567,1051,2007,2024-01-23,2,634.57,Completed
52568,1777,2193,2023-06-18,4,426.16,Completed
52569,1448,2053,2024-03-03,4,1176.11,Shipped
52570,3087,2121,2023-07-09,4,1041.67,Completed
52571,1492,2007,2023-10-08,3,1314.95,Shipped
52572,2145,2191,2023-12-26,1,499.43,Completed
52573,3333,2043,2024-03-07,1,250.13,Completed
52574,2863,2066,2023-11-04,2,436.71,Completed
52575,1924,2195,2023-11-02,3,1295.98,Completed
52576,1753,2093,2023-08-13,1,332.77,Completed
52577,1591,2088,2023-09-01,2,915.8,Completed
52578,1338,2037,2024-05-06,1,302.09,Completed
52579,2828,2122,2023-09-01,4,1272.35,Completed
52580,1749,2108,2024-04-24,3,525.02,Completed
52581,1535,2121,2023-12-27,1,334.48,Cancelled
52582,2230,2185,2024-03-12,1,485.99,Shipped
52583,1549,2070,2023-11-24,3,907.69,Completed
52584,1459,2098,2023-06-19,2,150.48,Cancelled
52585,1453,2082,2024-03-01,5,2315.19,Completed
52586,1700,2111,2024-03-03,4,1987.4,Shipped
52587,2170,2188,2024-04-06,5,2226.63,Completed
52588,2962,2143,2024-01-06,5,1726.85,Completed
52589,1877,2119,2023-12-12,1,456.23,Cancelled
52590,3153,2069,2023-11-07,4,591.75,Cancelled
52591,1946,2113,2024-05-02,5,2444.0,Cancelled
52592,1449,2147,2023-06-17,4,653.99,Cancelled
52593,1536,2022,2024-01-10,3,137.15,Pending
52594,3340,2189,2024-02-26,2,423.39,Shipped
52595,1524,2051,2023-11-14,2,314.67,Completed
52596,3089,2112,2023-10-17,4,1894.64,Completed
52597,3066,2041,2023-07-31,2,595.38,Cancelled
52598,2681,2082,2023-10-19,4,456.23,Shipped
52599,1040,2044,2023-07-04,2,239.34,Shipped
52600,3014,2176,2023-08-15,1,,Completed
52601,1007,2054,2023-09-20,1,53.96,Completed
52602,3247,2133,2023-12-10,2,803.62,Shipped
52603,2652,2117,2023-10-01,5,389.17,Completed
52604,1014,2133,2024-02-22,5,1949.28,Cancelled
52605,1369,2032,2023-10-08,1,217.94,Completed
52606,1095,2149,2023-07-18,4,1178.66,Shipped
52607,1624,2061,2023-08-11,4,482.93,Pending
52608,3384,2173,2024-02-28,5,1851.04,Shipped
52609,1184,2100,2023-06-05,5,2013.5,Completed
52610,2230,2140,2023-07-13,5,1134.99,Completed
52611,2592,2063,2023-06-21,1,35.95,Cancelled
52612,3415,2132,2023-10-20,2,286.59,Completed
52613,1397,2186,2023-10-04,4,256.72,Completed
52614,3144,2022,2023-11-10,1,339.52,Cancelled
52615,2513,2178,2023-10-11,3,789.28,Cancelled
52616,2266,2039,2023-06-10,2,654.13,Shipped
52617,1050,2018,2023-12-03,2,357.74,Completed
52618,2138,2106,2023-12-28,1,237.08,Pending
52619,3355,2156,2024-04-01,3,478.82,Shipped
52620,2120,2104,2024-01-08,4,381.71,Completed
52621,1392,2015,2024-03-08,2,303.65,Shipped
52622,1066,2036,2024-05-27,5,2286.84,Shipped
52623,3077,2039,2023-08-10,2,537.67,Cancelled
52624,2184,2001,2023-08-16,4,367.4,Cancelled
52625,2420,2129,2023-07-06,4,597.95,Completed
52626,1557,2120,2023-09-25,3,982.97,Completed
52627,2686,2080,2023-08-21,2,377.22,Pending
52628,1072,2003,2023-10-29,1,100.75,Completed
52629,3294,2036,2024-03-09,3,227.74,Completed
52630,2715,2018,2024-04-17,2,796.99,Completed
52631,2418,2145,2023-06-10,3,1023.42,Pending
52632,1469,2009,2023-07-02,4,1243.07,Completed
52633,1227,2068,2024-01-05,4,144.71,Completed
52634,1524,2144,2023-10-03,5,465.4,Completed
52635,1122,2023,2023-08-29,2,984.43,Completed
52636,3326,2189,2024-04-17,4,230.42,Completed
52637,1513,2008,2024-05-01,3,1423.77,Shipped
52638,2533,2003,2024-02-10,4,926.93,Completed
52639,1920,2198,2023-10-11,3,619.12,Completed
52640,2252,2168,2023-08-30,2,,Pending
52641,1897,2163,2023-11-01,4,1667.91,Completed
52642,1439,2160,2023-07-16,3,412.15,Completed
52643,3045,2185,2024-04-16,2,965.84,Completed
52644,3015,2039,2023-10-11,2,382.24,Pending
52645,1341,2126,2023-12-27,5,526.56,Completed
52646,1416,2192,2024-05-13,2,834.75,Shipped
52647,1751,2101,2024-01-18,1,266.96,Pending
52648,2587,2090,2024-05-23,4,1910.14,Completed
52649,2131,2020,2024-04-14,4,1779.36,Pending
52650,3236,2114,2024-02-17,3,1200.9,Completed
52651,2939,2120,2023-07-12,2,599.27,Shipped
52652,1851,2093,2023-06-08,1,221.07,Completed
52653,3091,2078,2024-02-12,5,1273.01,Completed
52654,1597,2033,2023-09-29,3,1306.33,Completed
52655,2260,2014,2023-11-05,4,1769.54,Pending
52656,3244,2040,2023-07-27,2,132.54,Shipped
52657,2773,2065,2024-04-05,3,308.17,Completed
52658,3355,2045,2023-06-09,4,1353.86,Completed
52659,2160,2165,2023-07-16,1,73.01,Shipped
52660,3020,2199,2023-09-09,5,1432.27,Cancelled
52661,1602,2119,2023-10-06,1,432.16,Pending
52662,1957,2079,2023-09-24,3,1039.96,Completed
52663,3050,2129,2023-08-31,1,275.91,Completed
52664,3404,2108,2024-03-01,1,496.71,Pending
52665,2064,2199,2023-06-10,3,1281.61,Completed
52666,1180,2047,2023-07-17,2,824.42,Completed
52667,2274,2051,2024-05-02,3,192.22,Shipped
52668,1764,2064,2023-06-16,1,361.41,Completed
52669,2274,2157,2024-02-26,4,107.96,Completed
52670,3035,2037,2023-07-22,5,1039.5,Completed
52671,1830,2042,2023-07-02,2,149.78,Pending
52672,3256,2152,2024-04-14,5,2292.0,Completed
52673,1329,2023,2023-10-20,1,470.72,Completed
52674,2220,2122,2023-07-30,2,151.59,Shipped
52675,3034,2192,2023-07-21,5,2078.76,Shipped
52676,3273,2107,2023-06-24,1,445.2,Pending
52677,1638,2195,2023-11-29,5,2447.2,Completed
52678,3079,2067,2023-07-21,5,1664.03,Shipped
52679,2912,2135,2023-11-16,3,1387.8,Shipped
52680,1494,2020,2023-09-14,4,,Completed
52681,3172,2043,2024-05-27,1,35.75,Completed
52682,3287,2136,2024-05-12,4,1092.91,Completed
52683,2932,2036,2024-01-26,5,1931.08,Shipped
52684,1929,2120,2023-07-28,4,300.99,Completed
52685,3264,2177,2024-02-18,1,395.12,Pending
52686,1634,2034,2023-09-12,5,2212.9,Cancelled
52687,2574,2065,2024-02-02,4,1572.3,Cancelled
52688,1811,2125,2023-11-21,2,88.3,Pending
52689,3293,2028,2023-06-04,2,808.36,Cancelled
52690,1062,2173,2024-03-08,3,1192.74,Pending
52691,3051,2009,2023-06-08,2,668.77,Shipped
52692,2201,2050,2023-08-09,2,882.52,Completed
52693,1665,2032,2023-12-18,5,215.37,Pending
52694,3468,2172,2023-12-13,5,961.98,Pending
52695,2064,2102,2024-05-07,4,137.85,Pending
52696,2461,2017,2024-01-10,5,1763.97,Completed
52697,3368,2094,2024-05-22,2,134.97,Completed
52698,1473,2105,2023-10-31,2,418.98,Completed
52699,2968,2003,2023-09-20,2,395.78,Shipped
52700,3141,2197,2023-10-11,2,317.97,Completed
52701,1461,2159,2024-03-02,2,598.99,Completed
52702,3220,2075,2024-02-13,1,129.69,Completed
52703,2235,2028,2024-01-04,5,2047.25,Completed
52704,1064,2081,2023-09-26,1,95.0,Completed
52705,1292,2097,2024-01-30,3,1163.2,Shipped
52706,3254,2100,2024-05-23,3,651.1,Completed
52707,1947,2171,2024-04-10,3,406.56,Cancelled
52708,1372,2024,2023-06-02,3,99.33,Completed
52709,2132,2128,2024-01-02,3,1170.41,Completed
52710,3010,2130,2024-03-26,4,1725.49,Completed
52711,2311,2121,2023-10-05,5,925.28,Shipped
52712,1456,2036,2024-03-06,1,455.27,Pending
52713,2350,2026,2023-08-08,2,612.66,Cancelled
52714,3039,2130,2023-07-21,3,591.25,Completed
52715,2542,2164,2023-06-24,5,1221.92,Completed
52716,2571,2005,2023-08-18,3,1196.14,Pending
52717,2515,2198,2023-10-22,4,1569.01,Pending
52718,1579,2010,2023-12-01,1,234.73,Completed
52719,2887,2053,2023-07-02,5,1226.63,Completed
52720,2574,2068,2024-04-29,4,,Shipped
52721,1942,2124,2024-05-06,1,127.84,Pending
52722,2303,2079,2023-09-25,5,162.87,Completed
52723,2812,2076,2023-07-08,3,792.14,Completed
52724,2881,2172,2023-09-01,4,194.64,Cancelled
52725,1708,2086,2023-10-11,4,1401.98,Pending
52726,1605,2116,2023-09-04,5,1350.96,Completed
52727,1188,2115,2023-12-31,4,576.28,Completed
52728,2825,2168,2023-12-11,2,186.63,Completed
52729,1846,2087,2023-09-15,5,2421.38,Pending
52730,2950,2107,2024-05-20,2,390.23,Completed
52731,1893,2136,2024-01-07,5,2110.25,Cancelled
52732,1214,2105,2024-05-09,1,403.73,Cancelled
52733,3144,2101,2024-03-29,2,217.55,Shipped
52734,2371,2200,2023-12-07,2,296.72,Completed
52735,1105,2176,2024-02-24,5,1958.51,Pending
52736,1820,2148,2024-01-01,1,479.57,Completed
52737,3442,2116,2024-01-06,3,1181.53,Completed
52738,1786,2175,2024-05-01,3,661.38,Completed
52739,2941,2129,2024-03-31,4,1049.64,Completed
52740,2411,2066,2023-08-21,4,1716.02,Cancelled
52741,1114,2062,2024-02-25,3,284.71,Completed
52742,2954,2054,2023-12-24,2,482.67,Completed
52743,1739,2016,2024-05-27,2,216.67,Shipped
52744,1604,2124,2023-07-23,1,386.75,Pending
52745,2520,2167,2024-02-06,4,1252.82,Pending
52746,1437,2109,2023-08-24,1,395.23,Completed
52747,3225,2096,2023-07-29,3,457.19,Cancelled
52748,2656,2148,2024-03-10,2,80.76,Completed
52749,1425,2109,2024-03-23,1,123.48,Completed
52750,1767,2008,2023-09-01,4,1990.31,Cancelled
52751,3252,2004,2023-07-19,3,337.75,Pending
52752,2101,2127,2023-07-10,1,225.59,Completed
52753,1293,2116,2024-01-24,1,462.76,Completed
52754,2639,2050,2024-01-15,1,446.88,Shipped
52755,1045,2009,2023-10-28,5,595.93,Completed
52756,2693,2118,2023-09-02,3,1381.47,Pending
52757,3366,2058,2023-07-28,4,403.83,Completed
52758,2817,2111,2023-10-02,5,137.66,Completed
52759,3306,2009,2023-12-21,3,445.66,Completed
52760,2433,2158,2024-04-09,5,,Shipped
52761,3473,2057,2024-04-05,2,170.86,Shipped
52762,1648,2195,2024-02-08,2,563.87,Completed
52763,1656,2147,2023-07-31,4,522.2,Shipped
52764,1196,2077,2024-03-15,4,213.05,Pending
52765,2720,2116,2023-12-20,3,1249.29,Pending
52766,1681,2142,2024-04-25,3,582.15,Completed
52767,3409,2126,2023-10-14,5,1903.68,Cancelled
52768,2531,2006,2024-01-18,1,265.19,Cancelled
52769,2782,2078,2023-06-02,4,1521.55,Completed
52770,2691,2006,2023-08-26,1,284.18,Shipped
52771,1424,2145,2023-08-27,5,235.34,Completed
52772,1319,2096,2023-11-01,2,638.71,Completed
52773,2062,2139,2024-03-20,1,302.77,Completed
52774,1643,2090,2023-09-07,2,245.98,Completed
52775,1688,2063,2023-12-01,1,44.35,Completed
52776,2358,2089,2023-07-01,1,318.64,Shipped
52777,1927,2087,2023-10-24,3,1209.61,Shipped
52778,1137,2058,2023-12-25,5,1322.7,Cancelled
52779,3295,2073,2024-05-21,2,642.59,Completed
52780,1790,2042,2023-10-29,2,424.41,Completed
52781,3426,2110,2023-08-07,1,410.63,Completed
52782,2421,2145,2024-03-02,2,166.33,Completed
52783,2107,2024,2023-08-22,5,261.64,Completed
52784,3452,2101,2023-11-08,5,1552.72,Completed
52785,1232,2031,2023-08-13,2,968.63,Pending
52786,1812,2020,2024-02-02,4,687.08,Completed
52787,2139,2041,2023-07-04,1,207.37,Cancelled
52788,2099,2165,2023-07-18,5,607.48,Pending
52789,2401,2160,2023-07-21,5,439.54,Pending
52790,2829,2020,2024-05-25,2,144.88,Completed
52791,1951,2185,2023-12-23,2,946.95,Completed
52792,2940,2082,2023-08-17,5,1620.19,Pending
52793,2032,2099,2023-07-23,2,716.16,Cancelled
52794,2744,2031,2024-01-16,2,75.13,Cancelled
52795,3430,2041,2024-05-03,5,2268.17,Completed
52796,1563,2070,2023-07-02,2,207.9,Completed
52797,1258,2091,2024-05-19,2,867.06,Completed
52798,1041,2082,2023-07-19,3,374.08,Completed
52799,1412,2149,2024-04-23,1,167.27,Shipped
52800,1203,2133,2024-01-13,4,,Pending
52801,1573,2067,2024-01-25,5,2437.83,Completed
52802,2030,2034,2023-08-18,1,263.32,Completed
52803,2042,2161,2024-05-11,3,1073.09,Cancelled
52804,1449,2152,2023-09-01,1,168.69,Cancelled
52805,2979,2127,2023-06-22,4,1036.15,Pending
52806,3354,2051,2023-09-15,2,769.68,Cancelled
52807,3415,2143,2024-01-07,3,210.77,Cancelled
52808,1235,2043,2023-11-22,4,1461.18,Shipped
52809,2188,2111,2023-10-19,1,444.62,Completed
52810,3063,2092,2024-02-25,5,581.25,Shipped
52811,3218,2044,2023-11-12,4,1450.14,Pending
52812,1553,2104,2023-08-28,1,376.34,Completed
52813,2630,2124,2023-08-04,5,1974.93,Completed
52814,2250,2056,2024-04-22,3,1125.39,Completed
52815,3399,2101,2023-08-26,5,502.68,Completed
52816,2436,2003,2023-07-25,5,560.46,Shipped
52817,2662,2044,2023-11-01,4,427.0,Pending
52818,1773,2151,2023-10-07,2,663.81,Completed
52819,1695,2042,2023-10-04,3,199.25,Cancelled
52820,3349,2045,2024-03-31,1,399.33,Cancelled
52821,2711,2101,2023-08-27,4,175.54,Pending
52822,2633,2001,2023-10-13,3,1254.94,Completed
52823,3379,2093,2024-01-07,2,225.86,Pending
52824,2168,2166,2023-06-21,1,365.66,Cancelled
52825,1307,2013,2023-07-14,5,646.56,Completed
52826,1823,2138,2024-04-13,2,177.75,Completed
52827,2900,2024,2023-07-15,5,652.71,Completed
52828,1192,2108,2023-06-11,5,465.97,Pending
52829,1153,2083,2023-12-22,3,645.33,Shipped
52830,2713,2015,2024-01-29,4,1753.59,Pending
52831,2153,2056,2024-05-28,5,1818.92,Completed
52832,1043,2004,2024-03-20,3,400.28,Completed
52833,1819,2070,2024-01-03,1,236.23,Pending
52834,1601,2058,2024-05-10,1,122.65,Completed
52835,2681,2030,2023-06-07,5,740.07,Shipped
52836,1382,2112,2023-11-01,2,941.76,Shipped
52837,1407,2100,2023-11-26,3,1357.4,Completed
52838,1477,2192,2023-09-09,4,439.49,Pending
52839,2591,2134,2023-12-03,4,1906.94,Completed
52840,2729,2178,2023-09-15,3,,Completed
52841,1185,2072,2024-01-06,1,249.86,Completed
52842,1410,2131,2024-03-08,4,137.57,Completed
52843,3026,2159,2024-04-11,5,573.37,Completed
52844,1749,2011,2023-08-26,3,873.52,Pending
52845,2261,2069,2023-10-15,1,390.08,Completed
52846,1898,2069,2023-11-24,4,1583.72,Completed
52847,3053,2100,2024-03-20,3,714.31,Completed
52848,1678,2092,2023-10-29,5,1003.09,Completed
52849,2551,2195,2023-08-10,4,1162.88,Completed
52850,2151,2177,2024-01-26,2,237.97,Pending
52851,2091,2017,2024-04-30,1,490.15,Completed
52852,3440,2087,2023-09-25,5,2201.69,Shipped
52853,2282,2124,2023-10-16,2,136.8,Shipped
52854,2141,2061,2023-11-12,5,1558.09,Completed
52855,3383,2200,2023-09-21,4,1113.9,Completed
52856,2751,2013,2023-11-04,4,1708.22,Shipped
52857,2682,2189,2023-07-19,3,391.53,Cancelled
52858,3141,2068,2023-10-20,2,484.18,Pending
52859,2537,2022,2024-03-04,4,1702.16,Completed
52860,2703,2066,2023-12-30,4,349.61,Pending
52861,1958,2104,2024-03-10,1,199.68,Completed
52862,1357,2133,2023-12-08,5,1898.04,Cancelled
52863,1138,2016,2023-08-16,4,1003.22,Shipped
52864,1684,2148,2023-07-27,1,394.11,Completed
52865,2371,2011,2024-05-23,4,1334.64,Cancelled
52866,2578,2006,2023-10-27,2,395.17,Pending
52867,1137,2087,2023-06-19,2,720.59,Pending
52868,2094,2109,2024-03-30,5,708.41,Completed
52869,2624,2124,2024-04-26,4,1365.16,Completed
52870,2658,2121,2024-05-24,1,285.3,Completed
52871,1750,2189,2023-09-02,4,879.59,Pending
52872,3354,2165,2023-10-22,1,316.8,Cancelled
52873,2852,2131,2024-04-27,5,1148.41,Completed
52874,3058,2195,2023-11-16,5,2044.8,Completed
52875,2587,2121,2023-09-14,5,1109.94,Completed
52876,1693,2179,2024-02-19,5,2187.59,Cancelled
52877,2973,2103,2023-06-13,3,1213.32,Shipped
52878,2322,2006,2024-05-09,3,888.68,Completed
52879,1484,2178,2024-01-20,1,149.62,Cancelled
52880,2731,2196,2024-05-24,1,,Pending
52881,2814,2008,2023-12-26,4,491.27,Completed
52882,1286,2103,2023-08-23,5,2335.96,Shipped
52883,1061,2122,2023-09-07,5,1505.72,Cancelled
52884,1329,2173,2024-03-17,5,2334.91,Pending
52885,1492,2144,2023-08-18,4,1434.61,Completed
52886,1956,2119,2023-07-17,4,1501.32,Completed
52887,3187,2109,2023-11-05,5,748.23,Pending
52888,3406,2075,2023-08-20,1,122.97,Shipped
52889,3423,2138,2024-05-17,2,973.85,Completed
52890,1973,2084,2023-11-02,5,1769.28,Completed
52891,2157,2092,2024-03-16,5,2448.69,Pending
52892,1110,2098,2024-04-02,2,110.33,Completed
52893,3207,2113,2023-09-06,1,199.74,Cancelled
52894,3173,2042,2023-10-18,2,583.34,Cancelled
52895,2139,2169,2023-10-04,1,356.25,Shipped
52896,1309,2120,2024-03-02,1,221.79,Cancelled
52897,1023,2099,2024-04-20,4,1912.31,Completed
52898,1909,2174,2023-07-29,3,1333.32,Cancelled
52899,3376,2194,2023-06-27,1,205.32,Completed
52900,3380,2186,2024-05-02,2,906.19,Shipped
52901,3094,2024,2023-11-16,1,119.86,Pending
52902,1190,2030,2024-01-30,1,470.03,Completed
52903,2689,2162,2023-10-31,1,236.98,Completed
52904,1834,2008,2024-02-18,5,199.68,Shipped
52905,1269,2117,2023-08-21,4,385.42,Completed
52906,3461,2107,2024-03-08,2,668.72,Completed
52907,2226,2135,2023-11-15,1,338.74,Completed
52908,2875,2038,2024-02-20,5,1691.96,Completed
52909,3315,2048,2024-04-24,4,1299.56,Completed
52910,1309,2108,2024-03-03,1,225.92,Cancelled
52911,1461,2185,2024-04-03,4,1731.3,Completed
52912,2935,2104,2023-12-18,2,64.78,Completed
52913,3173,2035,2023-06-09,2,643.66,Pending
52914,1233,2163,2023-08-29,4,469.77,Completed
52915,2150,2069,2023-09-20,3,1219.37,Pending
52916,1754,2165,2023-10-08,3,1497.61,Shipped
52917,2985,2002,2023-07-12,2,60.4,Shipped
52918,2210,2170,2024-05-02,2,333.34,Shipped
52919,2532,2056,2023-12-26,5,169.1,Completed
52920,1640,2058,2024-01-21,3,,Completed
52921,3259,2069,2024-03-18,4,869.63,Shipped
52922,1241,2064,2024-04-08,4,1333.15,Pending
52923,1004,2034,2023-10-29,2,406.66,Completed
52924,2263,2011,2023-11-28,3,391.79,Pending
52925,2048,2129,2023-07-11,5,2060.99,Completed
52926,2141,2174,2023-06-09,2,880.02,Shipped
52927,2115,2131,2024-03-06,2,162.91,Shipped
52928,3335,2116,2024-02-11,2,541.88,Completed
52929,2639,2106,2023-08-17,2,962.69,Completed
52930,2753,2010,2023-12-13,4,1632.91,Cancelled
52931,3167,2105,2023-10-24,5,300.01,Completed
52932,3382,2080,2024-03-17,4,1938.8,Shipped
52933,1714,2035,2023-06-26,3,340.04,Cancelled
52934,2585,2048,2023-08-24,4,1170.98,Completed
52935,1046,2099,2023-12-31,4,238.08,Pending
52936,3332,2150,2023-12-26,2,229.69,Completed
52937,2545,2157,2024-03-29,5,1686.1,Completed
52938,3409,2189,2024-04-04,5,713.88,Completed
52939,3265,2189,2024-01-31,4,1156.36,Pending
52940,3030,2116,2024-04-08,2,403.56,Pending
52941,1051,2078,2023-08-02,2,292.07,Completed
52942,1201,2134,2023-10-07,5,2056.11,Completed
52943,2341,2052,2024-04-04,5,1896.83,Cancelled
52944,1347,2040,2023-08-04,4,118.7,Completed
52945,1273,2075,2023-10-31,1,334.88,Shipped
52946,2911,2103,2023-08-15,5,1845.39,Completed
52947,2250,2190,2024-04-29,2,860.26,Completed
52948,3311,2019,2023-09-20,3,243.45,Completed
52949,3116,2148,2024-02-09,3,292.04,Shipped
52950,3227,2121,2023-08-07,1,305.93,Cancelled
52951,2781,2165,2023-11-15,4,664.53,Shipped
52952,1555,2076,2023-06-06,3,960.05,Shipped
52953,1620,2015,2024-02-21,2,271.86,Completed
52954,1127,2146,2024-02-04,4,913.4,Completed
52955,2070,2144,2024-04-13,4,337.69,Cancelled
52956,3234,2009,2024-04-28,3,648.27,Completed
52957,1018,2022,2024-01-29,3,425.56,Completed
52958,2838,2158,2023-12-27,4,290.96,Cancelled
52959,2764,2147,2023-11-18,4,390.58,Shipped
52960,2190,2002,2023-11-06,2,,Completed
52961,3011,2066,2023-08-01,2,352.09,Completed
52962,1796,2124,2024-05-04,5,874.9,Pending
52963,1398,2004,2023-06-27,4,1031.36,Completed
52964,1695,2019,2024-02-10,3,163.51,Pending
52965,1353,2194,2024-03-21,2,967.7,Completed
52966,2367,2160,2024-03-25,5,1840.3,Cancelled
52967,1813,2133,2024-02-03,2,249.47,Completed
52968,1778,2077,2023-09-03,3,1288.79,Completed
52969,2127,2115,2023-10-25,5,1571.22,Completed
52970,3021,2111,2023-06-14,4,1524.61,Cancelled
52971,2704,2033,2023-09-24,3,1480.68,Completed
52972,2927,2106,2023-11-12,1,394.26,Cancelled
52973,1293,2121,2024-04-18,1,489.29,Shipped
52974,3283,2200,2023-11-30,1,254.58,Completed
52975,1682,2138,2024-03-30,3,186.8,Completed
52976,2571,2050,2023-10-09,1,312.38,Completed
52977,3287,2091,2024-02-16,1,188.55,Cancelled
52978,1324,2187,2023-07-19,3,1350.66,Pending
52979,2068,2070,2024-04-13,4,1371.25,Completed
52980,3467,2171,2023-07-30,4,189.09,Pending
52981,2937,2001,2023-06-26,3,91.11,Completed
52982,1052,2184,2023-11-07,3,1347.22,Completed
52983,3211,2071,2023-06-10,2,624.0,Shipped
52984,3237,2039,2023-08-31,1,407.03,Completed
52985,1857,2151,2023-12-13,4,1561.0,Shipped
52986,1164,2062,2024-02-19,3,1379.36,Cancelled
52987,3272,2103,2024-05-16,3,970.39,Shipped
52988,1087,2169,2024-01-14,5,1408.65,Completed
52989,2605,2083,2023-08-20,5,1782.31,Completed
52990,2566,2073,2024-05-20,4,1447.66,Completed
52991,1835,2185,2023-09-30,3,1102.19,Completed
52992,1820,2015,2023-09-06,5,2465.45,Completed
52993,2080,2006,2024-02-13,5,2262.51,Pending
52994,2997,2011,2024-02-14,5,1451.17,Completed
52995,3444,2044,2023-06-22,1,309.76,Cancelled
52996,1380,2139,2024-05-20,3,1308.56,Completed
52997,1377,2052,2024-05-14,2,820.22,Pending
52998,1411,2025,2023-11-19,5,779.73,Completed
52999,3298,2013,2023-11-23,2,810.33,Completed
53000,1764,2169,2023-08-01,1,,Pending
53001,1133,2076,2024-01-19,2,189.4,Completed
53002,1926,2154,2024-01-27,1,251.12,Completed
53003,2489,2183,2023-10-21,3,759.35,Shipped
53004,1233,2137,2024-05-13,2,922.61,Completed
53005,1328,2114,2023-07-03,3,631.32,Completed
53006,3345,2087,2023-10-03,5,771.71,Pending
53007,2588,2105,2023-08-07,4,441.62,Completed
53008,3361,2097,2023-06-02,3,405.73,Completed
53009,1565,2192,2023-12-14,1,376.43,Completed
53010,1068,2034,2023-12-09,4,1644.61,Pending
53011,1025,2056,2023-12-16,5,1078.05,Completed
53012,1213,2101,2023-09-30,1,213.21,Completed
53013,2778,2003,2023-12-07,1,86.4,Cancelled
53014,1360,2166,2024-04-20,4,605.37,Completed
53015,3233,2151,2023-08-01,1,433.3,Cancelled
53016,1180,2152,2023-07-31,2,105.77,Shipped
53017,1972,2164,2023-06-15,2,396.59,Completed
53018,3492,2068,2023-11-21,2,704.13,Pending
53019,2520,2146,2024-01-26,5,995.84,Completed
53020,3354,2167,2023-09-04,4,179.15,Cancelled
53021,3185,2111,2023-06-23,2,869.89,Pending
53022,2429,2127,2023-10-30,3,442.35,Completed
53023,3419,2036,2023-06-23,3,482.31,Cancelled
53024,3478,2073,2024-05-21,3,1394.16,Completed
53025,3105,2024,2023-08-03,5,163.69,Cancelled
53026,1495,2184,2024-03-07,5,1049.56,Shipped
53027,2436,2136,2023-09-17,3,1338.0,Completed
53028,2353,2102,2023-12-25,2,873.61,Cancelled
53029,2520,2039,2023-08-03,4,1271.41,Completed
53030,2290,2180,2023-12-26,4,122.94,Pending
53031,1421,2108,2023-08-11,3,847.01,Completed
53032,2834,2003,2023-10-30,4,1741.02,Completed
53033,2727,2104,2023-06-09,2,236.9,Completed
53034,2500,2130,2023-12-04,1,58.73,Completed
53035,1018,2018,2024-01-12,2,695.42,Shipped
53036,1370,2109,2024-02-10,1,175.12,Completed
53037,2421,2135,2024-01-12,5,271.87,Completed
53038,1735,2066,2023-11-02,1,124.36,Cancelled
53039,2337,2079,2024-01-13,5,755.2,Shipped
53040,2538,2068,2023-12-05,2,,Completed
53041,2916,2150,2023-06-28,3,1104.82,Completed
53042,3346,2189,2023-07-11,5,1638.41,Cancelled
53043,2630,2112,2023-11-01,4,1203.4,Pending
53044,2353,2100,2023-08-03,5,683.25,Completed
53045,3488,2127,2023-10-14,5,1217.51,Cancelled
53046,1029,2096,2024-05-17,4,193.43,Completed
53047,1995,2191,2024-05-21,4,1710.37,Shipped
53048,1364,2139,2023-10-14,2,862.76,Shipped
53049,1411,2145,2023-09-04,2,74.26,Completed
53050,2772,2126,2023-10-02,2,230.17,Completed
53051,3473,2179,2024-02-01,2,796.83,Completed
53052,1862,2145,2023-12-25,3,444.18,Completed
53053,3297,2035,2023-11-12,2,774.93,Pending
53054,2885,2097,2024-04-12,5,1675.26,Completed
53055,1678,2113,2024-01-29,2,640.85,Shipped
53056,1654,2058,2024-02-29,3,1003.68,Completed
53057,1560,2062,2024-05-17,2,70.61,Completed
53058,2030,2177,2023-06-01,1,226.06,Completed
53059,1934,2195,2023-08-29,5,787.39,Completed
53060,1871,2077,2024-02-09,1,312.21,Cancelled
53061,1612,2156,2023-06-05,4,729.66,Completed
53062,1345,2085,2023-10-16,3,255.74,Pending
53063,1236,2114,2023-11-13,4,1179.95,Cancelled
53064,1285,2052,2024-03-09,2,168.1,Completed
53065,2612,2073,2023-10-04,2,689.76,Completed
53066,2772,2161,2023-08-17,2,518.12,Pending
53067,2913,2056,2023-09-13,1,221.73,Shipped
53068,3074,2180,2023-06-18,4,863.44,Completed
53069,2959,2008,2024-01-13,1,123.48,Completed
53070,1215,2061,2023-12-11,1,184.15,Completed
53071,1695,2160,2024-02-13,3,267.76,Completed
53072,1348,2187,2023-06-20,4,1603.06,Completed
53073,1220,2034,2024-02-09,3,101.37,Shipped
53074,2780,2122,2023-12-05,5,521.64,Pending
53075,2722,2036,2023-12-08,5,2324.26,Pending
53076,1655,2004,2023-06-21,2,721.26,Completed
53077,3083,2170,2023-11-30,4,1777.77,Completed
53078,2687,2187,2023-07-07,3,892.49,Completed
53079,2291,2153,2024-02-04,5,621.06,Cancelled
53080,1892,2151,2024-05-23,5,,Shipped
53081,3353,2139,2024-05-28,3,1275.01,Cancelled
53082,1317,2066,2024-04-02,5,1139.72,Cancelled
53083,2291,2081,2023-06-08,3,926.03,Shipped
53084,1851,2037,2023-12-31,4,663.54,Completed
53085,1540,2191,2023-09-22,5,735.99,Pending
53086,1416,2034,2023-07-22,2,732.67,Cancelled
53087,3186,2167,2023-07-09,1,181.53,Completed
53088,3304,2087,2023-09-25,3,98.2,Shipped
53089,1300,2047,2024-05-16,4,930.18,Shipped
53090,1670,2036,2023-09-07,5,2433.9,Shipped
53091,2246,2128,2023-11-01,2,835.38,Shipped
53092,1662,2088,2023-12-21,4,1518.39,Shipped
53093,3014,2017,2024-02-18,5,1375.09,Completed
53094,1840,2116,2024-02-25,5,1666.21,Completed
53095,2351,2169,2024-03-06,3,171.03,Cancelled
53096,1203,2099,2024-05-23,1,494.04,Completed
53097,2047,2148,2024-04-24,3,646.16,Pending
53098,3356,2154,2024-03-01,3,632.77,Shipped
53099,2330,2132,2024-01-06,4,1284.71,Cancelled
53100,2585,2050,2024-05-13,5,698.42,Completed
53101,2822,2040,2023-09-12,4,1627.57,Completed
53102,3225,2016,2024-03-20,2,446.32,Pending
53103,2642,2034,2023-06-04,1,223.88,Completed
53104,2306,2188,2024-01-17,5,1090.09,Completed
53105,2354,2128,2024-05-06,5,2374.18,Completed
53106,2343,2193,2023-12-01,4,768.92,Completed
53107,2044,2121,2024-01-07,3,83.15,Completed
53108,2583,2135,2024-01-15,3,817.45,Pending
53109,3175,2034,2023-10-28,1,194.77,Pending
53110,2568,2091,2023-10-09,3,226.78,Completed
53111,2052,2078,2023-10-12,1,390.67,Cancelled
53112,2935,2076,2023-06-03,2,811.59,Completed
53113,1826,2136,2023-12-26,5,2495.51,Completed
53114,3100,2199,2023-09-28,3,1244.33,Completed
53115,1261,2116,2023-06-11,2,437.8,Completed
53116,2222,2069,2023-08-18,2,537.06,Pending
53117,1249,2045,2023-06-24,3,1117.13,Cancelled
53118,3191,2058,2023-06-16,5,1970.04,Completed
53119,1284,2055,2023-10-16,5,153.78,Pending
53120,1272,2156,2024-01-30,5,,Cancelled
53121,2995,2035,2023-10-18,3,1485.8,Cancelled
53122,2101,2029,2023-09-16,3,629.67,Completed
53123,3158,2004,2023-10-31,3,1377.98,Pending
53124,1839,2091,2023-12-11,4,668.39,Cancelled
53125,1059,2147,2023-11-12,4,1316.42,Completed
53126,3348,2065,2024-05-12,1,446.93,Cancelled
53127,3247,2012,2023-08-11,4,102.07,Shipped
53128,2028,2070,2023-08-15,1,405.68,Completed
53129,2450,2136,2024-04-03,2,365.52,Completed
53130,1072,2120,2023-09-06,3,293.83,Completed
53131,1395,2145,2024-01-12,4,995.21,Cancelled
53132,2790,2118,2023-12-03,5,992.59,Completed
53133,2265,2018,2024-02-18,4,1501.85,Shipped
53134,3141,2185,2023-08-21,2,53.51,Cancelled
53135,1529,2156,2023-11-11,5,2200.26,Shipped
53136,3107,2071,2023-07-25,5,1123.18,Completed
53137,1901,2044,2024-01-06,1,374.99,Completed
53138,3248,2097,2024-04-14,3,311.19,Pending
53139,2969,2075,2024-02-20,2,143.72,Pending
53140,1789,2180,2023-06-02,4,865.42,Cancelled
53141,1876,2169,2024-04-24,1,201.48,Cancelled
53142,1370,2120,2024-03-03,5,480.26,Completed
53143,2563,2093,2023-11-22,5,866.97,Cancelled
53144,3248,2152,2023-06-12,4,1862.92,Completed
53145,1547,2118,2023-08-13,2,671.08,Completed
53146,2845,2160,2024-02-13,5,189.07,Completed
53147,1702,2059,2024-01-28,5,259.46,Shipped
53148,2755,2081,2023-10-18,5,1615.76,Pending
53149,1228,2172,2024-03-09,3,1229.14,Pending
53150,3380,2083,2024-05-26,3,175.61,Pending
53151,2724,2128,2023-11-08,3,363.6,Cancelled
53152,1318,2140,2024-03-03,5,1753.04,Pending
53153,1861,2119,2024-02-19,1,192.55,Completed
53154,2313,2127,2024-04-04,1,289.97,Completed
53155,2514,2131,2024-04-07,4,418.53,Cancelled
53156,1861,2130,2023-10-13,5,1340.35,Pending
53157,1842,2135,2023-06-12,2,961.51,Shipped
53158,2962,2103,2023-07-11,2,275.91,Pending
53159,1446,2047,2023-07-29,5,191.16,Completed
53160,1362,2141,2024-03-06,1,,Cancelled
53161,3212,2134,2024-04-25,4,1709.94,Completed
53162,3093,2197,2023-08-08,1,333.21,Pending
53163,1029,2103,2023-12-16,5,212.04,Completed
53164,1193,2117,2024-03-27,2,258.47,Completed
53165,3415,2143,2023-08-13,4,1151.23,Completed
53166,1918,2071,2024-05-27,5,1699.04,Pending
53167,2245,2156,2024-01-19,1,140.24,Completed
53168,1182,2108,2024-02-07,3,730.84,Cancelled
53169,2695,2133,2023-09-24,2,371.4,Shipped
53170,2828,2004,2024-02-05,4,548.64,Completed
53171,1700,2169,2023-09-20,1,178.38,Completed
53172,1175,2175,2023-11-10,4,1384.63,Completed
53173,2465,2033,2024-04-25,1,274.28,Cancelled
53174,3472,2173,2023-09-22,5,775.39,Completed
53175,2079,2012,2023-11-07,3,1474.14,Cancelled
53176,1858,2027,2023-07-10,3,166.05,Pending
53177,1211,2167,2024-05-25,1,382.46,Completed
53178,2322,2013,2023-09-10,4,1117.93,Pending
53179,1467,2084,2024-04-17,4,1656.36,Cancelled
53180,3465,2020,2023-06-20,5,1642.32,Pending
53181,2829,2138,2023-06-28,2,270.51,Completed
53182,2094,2092,2024-01-05,5,818.32,Pending
53183,2938,2148,2023-10-29,1,459.62,Completed
53184,2734,2186,2024-01-05,3,1235.53,Completed
53185,2770,2056,2023-08-08,5,883.33,Completed
53186,3043,2130,2024-05-04,2,875.17,Completed
53187,3386,2128,2023-12-05,4,1442.2,Completed
53188,3464,2181,2024-05-08,2,679.42,Completed
53189,1428,2131,2023-12-19,5,1963.31,Completed
53190,1155,2035,2024-03-16,1,182.43,Completed
53191,2247,2165,2023-08-23,2,265.31,Completed
53192,1371,2097,2023-12-08,1,286.25,Shipped
53193,2042,2138,2023-10-05,5,1153.04,Pending
53194,1099,2120,2023-09-15,3,490.58,Pending
53195,2929,2182,2023-10-09,4,435.7,Completed
53196,2415,2191,2024-04-19,5,972.25,Completed
53197,1338,2161,2024-02-05,3,1130.53,Cancelled
53198,1471,2109,2023-07-03,4,105.58,Completed
53199,1662,2043,2023-07-10,5,1702.96,Pending
53200,3313,2142,2023-07-07,3,,Completed
53201,1934,2196,2023-11-01,3,1026.4,Pending
53202,1240,2181,2024-03-29,3,1239.65,Completed
53203,2995,2116,2023-10-26,1,374.57,Completed
53204,3423,2185,2023-08-04,5,1087.04,Shipped
53205,1989,2052,2023-06-15,2,453.51,Shipped
53206,2425,2192,2023-06-16,5,1849.27,Cancelled
53207,2575,2182,2023-09-04,1,289.97,Completed
53208,2703,2097,2024-01-18,4,333.92,Shipped
53209,2547,2107,2023-12-29,4,1909.84,Completed
53210,1572,2081,2023-12-19,2,313.99,Completed
53211,1551,2033,2023-08-08,2,305.23,Cancelled
53212,3230,2011,2023-07-08,2,738.94,Pending
53213,3269,2057,2024-01-02,4,780.36,Shipped
53214,1067,2025,2024-01-29,4,1267.11,Completed
53215,1614,2163,2023-11-03,3,1235.31,Completed
53216,2124,2076,2023-06-14,5,514.99,Completed
53217,2436,2017,2024-01-21,3,1288.34,Completed
53218,2779,2079,2023-08-11,4,1645.76,Completed
53219,3252,2099,2023-10-05,4,1528.06,Pending
53220,1894,2018,2024-03-17,5,1982.95,Completed
53221,2563,2157,2024-04-20,3,582.32,Completed
53222,1749,2125,2024-05-16,4,813.7,Completed
53223,1380,2077,2024-04-07,1,37.5,Cancelled
53224,2325,2001,2023-08-31,3,564.17,Shipped
53225,1854,2070,2023-10-26,3,1321.88,Pending
53226,2971,2037,2023-09-01,5,2287.69,Completed
53227,3346,2001,2023-11-01,4,1534.55,Completed
53228,1271,2065,2023-12-02,3,613.61,Shipped
53229,1343,2096,2024-05-17,4,655.58,Completed
53230,1610,2092,2023-07-18,1,148.84,Cancelled
53231,2876,2135,2024-02-20,4,1220.33,Completed
53232,1876,2017,2023-08-08,1,162.52,Cancelled
53233,2320,2074,2023-10-03,4,1041.54,Pending
53234,2741,2025,2024-02-19,2,99.18,Cancelled
53235,2532,2129,2023-06-27,1,72.46,Shipped
53236,3196,2123,2023-10-03,1,173.21,Cancelled
53237,1346,2084,2023-07-18,1,143.83,Pending
53238,2972,2137,2023-12-29,2,649.74,Completed
53239,2991,2141,2023-07-10,5,1208.26,Completed
53240,2661,2162,2024-02-24,3,,Completed
53241,2355,2195,2024-01-19,1,218.11,Cancelled
53242,1010,2037,2024-01-06,5,1684.3,Completed
53243,1296,2096,2023-10-13,2,721.39,Completed
53244,1051,2104,2023-06-18,1,112.73,Completed
53245,1758,2129,2024-01-08,3,1466.95,Shipped
53246,2373,2179,2023-06-10,3,1379.61,Completed
53247,1689,2074,2023-07-19,1,162.41,Completed
53248,1112,2104,2023-12-27,4,169.67,Completed
53249,1309,2066,2023-11-11,5,1470.18,Completed
53250,1391,2103,2024-01-04,2,245.52,Shipped
53251,3128,2037,2023-08-05,2,860.24,Completed
53252,1154,2009,2023-11-11,2,875.61,Cancelled
53253,1535,2048,2024-05-06,2,94.83,Pending
53254,1573,2168,2023-06-15,1,481.42,Shipped
53255,1190,2020,2023-07-29,2,293.22,Completed
53256,1857,2058,2024-03-21,1,116.41,Shipped
53257,1714,2094,2023-09-01,5,1024.73,Completed
53258,1880,2041,2023-10-03,5,728.64,Pending
53259,2161,2086,2023-08-04,2,339.07,Cancelled
53260,2638,2077,2023-10-31,5,1176.46,Completed
53261,1710,2068,2024-03-25,5,1146.37,Completed
53262,2097,2045,2023-06-28,5,2383.04,Completed
53263,2792,2193,2024-01-19,4,1287.69,Completed
53264,2134,2170,2024-03-20,5,1637.82,Completed
53265,1727,2160,2024-01-28,2,388.4,Completed
53266,2371,2177,2023-08-30,4,1965.49,Pending
53267,2520,2086,2024-03-15,1,152.07,Pending
53268,1646,2095,2023-10-05,5,268.87,Pending
53269,2706,2077,2023-07-24,3,748.64,Completed
53270,1898,2064,2023-12-25,5,1782.68,Completed
53271,2182,2114,2023-10-17,4,925.17,Completed
53272,1956,2087,2023-09-15,5,1503.83,Shipped
53273,2671,2033,2024-04-20,5,1434.68,Completed
53274,2024,2040,2023-10-27,2,883.56,Shipped
53275,2591,2127,2024-03-30,2,332.92,Completed
53276,2945,2021,2023-08-20,4,1740.48,Shipped
53277,2714,2051,2024-04-16,5,2336.65,Completed
53278,2112,2055,2024-05-03,3,660.42,Completed
53279,3049,2192,2024-01-06,2,685.32,Completed
53280,2692,2026,2023-12-19,5,,Cancelled
53281,2927,2152,2024-04-23,2,635.12,Cancelled
53282,1317,2107,2023-07-20,3,1301.13,Shipped
53283,3049,2022,2023-07-22,4,1804.18,Cancelled
53284,1806,2178,2024-01-23,1,38.88,Completed
53285,3037,2054,2024-01-29,2,410.56,Pending
53286,1681,2199,2023-06-03,1,155.09,Cancelled
53287,2736,2124,2024-03-10,1,289.07,Completed
53288,2584,2188,2023-10-19,5,619.02,Completed
53289,1502,2074,2023-12-21,2,612.55,Completed
53290,2811,2102,2023-09-03,3,990.48,Completed
53291,3369,2163,2023-08-24,4,1700.65,Completed
53292,2411,2193,2023-12-25,2,921.3,Completed
53293,3449,2028,2024-01-22,2,760.65,Cancelled
53294,3412,2162,2023-11-01,1,127.23,Cancelled
53295,2075,2130,2024-05-06,1,496.9,Completed
53296,1744,2165,2023-12-29,4,1465.35,Cancelled
53297,2885,2023,2024-04-13,4,957.85,Shipped
53298,1105,2106,2024-05-15,5,657.47,Completed
53299,1904,2154,2023-07-27,1,74.82,Pending
53300,1441,2044,2023-11-27,5,190.41,Pending
53301,2012,2146,2024-04-04,3,1117.22,Completed
53302,1334,2050,2023-09-24,2,308.57,Completed
53303,1883,2122,2024-05-06,4,1683.14,Shipped
53304,1841,2176,2023-10-19,5,2012.09,Completed
53305,1187,2145,2024-03-06,3,201.27,Completed
53306,1292,2112,2024-02-08,5,639.21,Completed
53307,2029,2140,2023-07-17,1,215.22,Completed
53308,3369,2168,2024-05-29,5,1699.43,Completed
53309,1103,2013,2023-11-07,2,898.95,Completed
53310,1617,2136,2024-03-14,4,1721.11,Completed
53311,2656,2140,2023-06-17,1,441.18,Cancelled
53312,1163,2064,2023-10-28,2,165.89,Completed
53313,2057,2129,2023-11-16,3,863.76,Completed
53314,1246,2054,2023-11-11,2,120.95,Completed
53315,2959,2145,2024-05-09,1,255.69,Cancelled
53316,1409,2053,2024-03-05,4,211.65,Completed
53317,2969,2026,2024-05-25,1,400.59,Completed
53318,1833,2035,2024-05-27,1,301.91,Completed
53319,1067,2035,2023-11-03,4,1371.11,Completed
53320,1662,2134,2024-03-11,1,,Completed
53321,1543,2137,2024-01-22,3,526.89,Pending
53322,1308,2198,2024-04-07,2,971.27,Pending
53323,3090,2095,2024-02-07,4,659.67,Pending
53324,1769,2155,2023-07-07,2,576.4,Completed
53325,1154,2164,2024-02-11,3,950.9,Completed
53326,2553,2032,2024-03-22,3,316.28,Shipped
53327,1622,2031,2023-11-26,3,1324.69,Completed
53328,1973,2022,2023-11-19,2,364.92,Pending
53329,3445,2170,2024-01-08,2,419.11,Pending
53330,3245,2065,2023-11-24,3,313.29,Completed
53331,1719,2194,2024-05-01,4,1505.23,Completed
53332,1009,2036,2024-04-20,3,478.27,Shipped
53333,1267,2182,2024-01-25,5,1414.16,Shipped
53334,2131,2134,2024-02-25,3,681.93,Cancelled
53335,2157,2130,2024-03-18,5,649.65,Completed
53336,1126,2095,2023-07-25,5,2477.22,Shipped
53337,2396,2111,2024-01-18,3,1413.19,Pending
53338,1853,2094,2023-12-04,5,828.58,Completed
53339,1755,2115,2024-04-22,1,241.45,Pending
53340,2656,2035,2024-04-30,3,652.26,Completed
53341,2061,2098,2023-06-05,4,142.86,Completed
53342,1340,2076,2024-04-30,3,233.51,Completed
53343,1021,2097,2024-02-16,4,1736.18,Completed
53344,1166,2180,2024-02-18,4,1578.26,Completed
53345,1022,2001,2024-04-22,4,877.44,Cancelled
53346,1242,2173,2023-10-18,1,255.78,Cancelled
53347,1577,2002,2024-01-28,4,420.15,Cancelled
53348,1456,2032,2023-11-27,2,183.01,Completed
53349,3262,2038,2023-09-01,2,578.26,Completed
53350,1054,2138,2023-10-21,4,720.81,Completed
53351,3155,2050,2023-12-01,5,1528.76,Completed
53352,1131,2001,2023-10-18,1,43.53,Cancelled
53353,2098,2116,2024-04-05,1,133.38,Completed
53354,1473,2064,2023-11-25,1,417.37,Completed
53355,1796,2082,2024-01-13,2,206.5,Shipped
53356,3174,2152,2023-08-07,1,400.98,Pending
53357,2185,2031,2024-04-23,3,1438.02,Cancelled
53358,1168,2154,2024-01-24,5,695.63,Completed
53359,3214,2005,2023-07-08,1,450.1,Completed
53360,2179,2183,2023-11-16,2,,Cancelled
53361,2364,2195,2023-08-04,5,1932.26,Completed
53362,2076,2074,2024-01-27,5,1098.73,Pending
53363,2179,2188,2024-04-17,2,573.07,Completed
53364,1349,2165,2024-02-17,5,2325.05,Completed
53365,1093,2099,2023-09-22,3,784.25,Cancelled
53366,1103,2173,2023-09-25,4,1160.79,Completed
53367,1598,2025,2023-09-22,5,1847.79,Shipped
53368,2822,2065,2023-10-01,4,1232.9,Completed
53369,2307,2085,2024-03-09,3,1439.9,Pending
53370,2525,2152,2024-03-19,3,1069.47,Completed
53371,3232,2195,2023-10-21,2,597.12,Shipped
53372,1003,2108,2024-04-04,4,1176.23,Completed
53373,2221,2092,2023-08-18,5,1568.38,Cancelled
53374,2758,2004,2023-12-11,1,370.75,Pending
53375,2359,2108,2024-01-22,2,271.85,Completed
53376,2521,2114,2023-06-23,1,214.56,Completed
53377,2820,2107,2023-07-18,2,447.34,Cancelled
53378,1284,2077,2024-03-27,5,264.14,Completed
53379,1901,2163,2023-06-11,5,790.84,Pending
53380,2633,2158,2024-04-10,2,658.14,Pending
53381,2212,2069,2023-11-02,4,1570.36,Pending
53382,1739,2083,2023-06-05,5,794.71,Completed
53383,1985,2191,2023-08-12,3,323.11,Completed
53384,3099,2002,2023-06-17,3,189.02,Shipped
53385,1517,2079,2023-07-27,3,562.36,Pending
53386,3460,2028,2023-11-15,5,927.84,Pending
53387,2155,2150,2023-06-15,4,430.82,Pending
53388,3307,2097,2023-06-08,2,313.67,Completed
53389,2853,2016,2023-10-01,2,260.54,Completed
53390,2385,2173,2024-04-03,3,586.34,Completed
53391,1339,2083,2024-04-23,5,2313.85,Completed
53392,3152,2100,2023-09-24,1,157.78,Completed
53393,3479,2112,2023-12-18,2,909.58,Shipped
53394,3458,2024,2024-01-13,2,144.25,Completed
53395,1643,2154,2023-08-11,2,75.12,Completed
53396,2669,2119,2024-03-04,2,909.91,Completed
53397,1987,2152,2023-08-30,4,826.65,Completed
53398,2945,2002,2023-12-20,2,986.89,Completed
53399,1136,2056,2023-08-02,2,607.05,Cancelled
53400,1185,2078,2024-02-28,3,,Completed
53401,1185,2108,2023-07-19,5,240.78,Cancelled
53402,1981,2165,2023-10-03,2,404.99,Completed
53403,3005,2155,2024-02-05,1,311.76,Completed
53404,1239,2166,2023-06-12,2,723.3,Shipped
53405,2400,2111,2023-07-21,4,377.83,Completed
53406,2543,2184,2024-05-12,3,1072.52,Completed
53407,3106,2190,2023-12-06,3,1457.0,Completed
53408,1011,2187,2024-01-17,5,2494.06,Completed
53409,1930,2001,2023-10-25,3,1110.91,Completed
53410,1560,2191,2023-09-28,1,482.13,Shipped
53411,2920,2120,2024-02-29,1,160.31,Pending
53412,2187,2113,2023-10-26,2,471.74,Shipped
53413,1485,2158,2023-10-30,3,354.03,Cancelled
53414,1428,2021,2024-05-09,4,1950.67,Pending
53415,2724,2183,2024-01-06,3,158.24,Completed
53416,2929,2166,2024-01-01,1,84.39,Cancelled
53417,1656,2142,2023-07-15,3,754.43,Completed
53418,2667,2170,2023-07-08,5,267.2,Completed
53419,2008,2018,2024-05-11,1,210.63,Shipped
53420,3241,2175,2024-01-13,1,208.53,Pending
53421,2752,2053,2023-11-19,2,178.71,Completed
53422,2992,2032,2024-03-03,3,909.73,Completed
53423,1566,2097,2024-04-21,5,1836.1,Shipped
53424,3100,2095,2023-12-30,2,916.03,Completed
53425,1341,2074,2023-08-17,5,864.98,Completed
53426,1165,2008,2023-10-04,4,1677.34,Completed
53427,3334,2193,2024-03-02,5,2281.18,Completed
53428,1997,2180,2024-05-23,1,123.41,Completed
53429,2792,2089,2024-04-02,5,2147.21,Pending
53430,1855,2033,2024-02-01,5,1819.81,Completed
53431,3011,2169,2024-03-10,2,811.38,Pending
53432,2691,2088,2024-03-18,1,444.13,Completed
53433,1862,2135,2023-08-11,1,69.77,Completed
53434,1125,2100,2023-11-28,2,715.31,Pending
53435,2200,2048,2024-01-07,4,1745.02,Completed
53436,2511,2017,2023-08-13,4,447.85,Completed
53437,2295,2089,2023-09-21,2,514.56,Completed
53438,2607,2081,2023-12-15,5,1239.5,Pending
53439,2066,2136,2024-01-12,5,822.07,Pending
53440,1655,2043,2023-10-21,5,,Completed
53441,1493,2006,2023-11-05,4,1288.4,Completed
53442,1024,2106,2024-03-23,2,972.16,Pending
53443,2340,2099,2024-02-29,3,1298.72,Completed
53444,1223,2108,2023-08-04,4,1764.05,Shipped
53445,3017,2046,2024-04-01,2,752.71,Shipped
53446,1090,2158,2024-01-12,5,1971.86,Completed
53447,2104,2036,2023-07-08,2,596.75,Completed
53448,2791,2169,2023-12-08,1,113.37,Completed
53449,2199,2127,2024-01-23,5,2461.92,Shipped
53450,1026,2074,2023-11-24,4,1473.78,Pending
53451,1561,2096,2023-07-30,5,816.85,Shipped
53452,1213,2118,2023-06-13,2,268.67,Cancelled
53453,3170,2035,2023-07-18,3,720.22,Shipped
53454,1590,2199,2023-10-03,2,472.47,Shipped
53455,1640,2178,2023-06-29,5,1784.45,Completed
53456,2298,2017,2023-12-20,4,860.38,Shipped
53457,2824,2004,2023-12-20,2,436.65,Completed
53458,1576,2134,2024-01-05,2,54.13,Completed
53459,1567,2039,2023-06-14,1,448.39,Shipped
53460,3122,2075,2024-02-13,3,255.26,Completed
53461,3225,2053,2023-09-13,2,451.72,Pending
53462,3361,2098,2023-06-12,5,520.17,Shipped
53463,3213,2155,2023-12-25,4,1475.19,Shipped
53464,1352,2179,2023-09-14,4,116.58,Completed
53465,2038,2156,2023-10-25,4,1765.75,Cancelled
53466,1546,2007,2024-03-14,3,1382.05,Completed
53467,3328,2184,2023-06-27,1,436.87,Completed
53468,2072,2160,2023-12-07,1,456.35,Completed
53469,2533,2013,2024-04-30,1,61.79,Completed
53470,2196,2101,2023-07-27,4,755.46,Cancelled
53471,1246,2139,2023-06-25,2,954.08,Shipped
53472,3088,2148,2024-04-23,1,160.77,Shipped
53473,1280,2016,2023-10-23,1,154.17,Completed
53474,2428,2104,2023-12-15,5,932.33,Shipped
53475,1875,2085,2023-09-06,5,1631.48,Completed
53476,2125,2132,2024-04-26,2,503.45,Pending
53477,2310,2091,2024-02-14,1,118.62,Cancelled
53478,1050,2027,2023-12-24,5,2337.07,Pending
53479,2155,2115,2023-07-27,4,1697.51,Pending
53480,3249,2068,2023-06-19,1,,Cancelled
53481,1153,2040,2024-01-23,1,217.28,Cancelled
53482,3160,2178,2024-03-13,2,509.55,Completed
53483,2786,2024,2023-07-25,3,810.24,Pending
53484,2738,2133,2024-01-03,1,65.46,Cancelled
53485,2926,2099,2024-01-11,3,900.28,Shipped
53486,3136,2052,2024-05-05,2,201.84,Completed
53487,2952,2011,2023-11-12,1,183.1,Cancelled
53488,1850,2096,2023-09-06,3,583.07,Cancelled
53489,1275,2151,2023-11-26,4,721.58,Shipped
53490,1615,2140,2023-12-07,2,396.51,Completed
53491,2014,2149,2024-05-01,5,1954.85,Cancelled
53492,1669,2073,2023-08-21,4,860.34,Completed
53493,1387,2120,2024-05-24,4,736.79,Completed
53494,1273,2175,2023-11-17,5,2059.16,Pending
53495,2753,2141,2024-02-04,5,2188.89,Completed
53496,1830,2002,2023-08-17,5,934.81,Completed
53497,2893,2046,2024-02-01,4,917.0,Cancelled
53498,1910,2066,2023-11-10,1,328.04,Shipped
53499,1251,2043,2023-11-11,2,881.05,Completed
53500,2229,2110,2023-07-25,2,54.2,Cancelled
53501,2914,2049,2023-06-04,5,2300.73,Pending
53502,1513,2185,2023-06-05,4,1554.5,Completed
53503,3276,2184,2023-08-25,4,1607.38,Pending
53504,2868,2192,2023-07-30,1,442.44,Cancelled
53505,2199,2036,2023-11-11,2,708.63,Pending
53506,3065,2100,2023-09-10,1,395.61,Completed
53507,1036,2114,2023-07-13,2,119.52,Completed
53508,2142,2037,2023-09-08,3,1037.07,Pending
53509,1888,2174,2023-06-27,3,1127.87,Pending
53510,2832,2121,2023-07-19,5,2106.27,Shipped
53511,2750,2031,2024-05-13,5,1508.59,Pending
53512,1444,2097,2023-12-04,5,1156.94,Pending
53513,2650,2198,2024-01-20,4,662.39,Cancelled
53514,3497,2186,2024-05-14,4,1095.63,Completed
53515,1798,2074,2023-10-15,1,33.3,Shipped
53516,2502,2039,2023-08-22,3,1421.59,Shipped
53517,2556,2175,2024-05-30,3,354.69,Pending
53518,1821,2178,2023-09-02,2,845.9,Cancelled
53519,1312,2195,2023-10-11,2,984.87,Shipped
53520,1055,2118,2023-06-11,3,,Pending
53521,1997,2108,2023-06-26,1,183.92,Shipped
53522,3404,2030,2023-07-13,3,127.93,Shipped
53523,1394,2012,2023-07-06,4,1446.79,Completed
53524,2717,2003,2023-06-16,5,202.65,Pending
53525,2429,2144,2024-03-19,2,685.95,Pending
53526,2378,2154,2024-01-20,5,2306.47,Completed
53527,1904,2082,2023-10-26,5,1313.44,Completed
53528,2468,2126,2023-07-16,5,568.87,Completed
53529,3337,2104,2024-01-28,5,341.81,Completed
53530,2575,2063,2024-05-29,5,2319.8,Shipped
53531,2587,2073,2024-05-13,2,821.7,Completed
53532,1851,2024,2024-02-09,2,826.42,Pending
53533,2734,2094,2023-08-14,5,462.22,Pending
53534,3207,2086,2023-10-14,5,2266.4,Shipped
53535,3041,2172,2023-08-05,3,78.72,Completed
53536,1579,2006,2024-03-06,4,1361.73,Completed
53537,2246,2171,2023-12-11,1,176.82,Cancelled
53538,1099,2144,2023-11-21,3,372.07,Completed
53539,3030,2030,2023-12-23,2,743.15,Shipped
53540,1812,2061,2023-11-11,4,1705.53,Completed
53541,2563,2154,2024-05-30,2,821.23,Completed
53542,1239,2015,2023-06-20,5,249.49,Cancelled
53543,3412,2061,2023-07-04,5,1178.0,Completed
53544,1015,2080,2024-02-28,1,107.41,Shipped
53545,1945,2086,2024-05-23,3,166.87,Cancelled
53546,3459,2194,2023-09-01,5,1746.99,Cancelled
53547,1943,2013,2023-10-13,2,651.69,Pending
53548,2740,2023,2023-10-03,4,848.43,Cancelled
53549,1102,2132,2023-07-13,2,985.79,Shipped
53550,2758,2134,2023-07-05,3,1290.6,Cancelled
53551,2242,2200,2024-01-21,3,1170.97,Completed
53552,2424,2184,2023-09-21,1,496.92,Completed
53553,1149,2090,2024-05-14,5,2373.83,Shipped
53554,2002,2003,2024-04-09,4,1044.67,Completed
53555,3477,2115,2024-04-12,5,814.26,Completed
53556,1388,2143,2024-03-26,1,379.82,Completed
53557,2730,2156,2023-09-28,4,1997.53,Shipped
53558,2459,2166,2023-06-15,1,217.63,Pending
53559,2750,2123,2024-05-19,1,266.82,Pending
53560,2631,2033,2024-05-02,5,,Completed
53561,2676,2061,2024-01-08,5,1374.17,Shipped
53562,2465,2007,2023-07-15,4,1770.29,Shipped
53563,1662,2118,2023-12-23,2,612.52,Completed
53564,2742,2111,2024-01-09,4,1077.97,Shipped
53565,3109,2003,2024-03-18,2,475.17,Pending
53566,1351,2102,2023-11-14,2,227.9,Shipped
53567,3467,2174,2024-05-31,5,2422.71,Completed
53568,2900,2075,2024-03-24,5,699.36,Completed
53569,3317,2138,2023-07-25,2,357.29,Cancelled
53570,2953,2123,2024-01-25,2,462.14,Cancelled
53571,3032,2098,2023-10-30,1,285.8,Completed
53572,3282,2095,2024-02-28,1,175.62,Completed
53573,2192,2032,2024-01-12,1,448.67,Pending
53574,2351,2124,2024-03-09,5,572.62,Completed
53575,1570,2152,2023-11-28,4,766.75,Completed
53576,3189,2137,2024-01-12,1,332.94,Completed
53577,3153,2110,2023-06-21,1,439.69,Completed
53578,1179,2002,2024-04-04,2,298.8,Cancelled
53579,1742,2134,2024-01-15,5,2108.77,Pending
53580,2432,2164,2024-01-24,1,322.57,Shipped
53581,1069,2199,2023-08-12,5,590.92,Completed
53582,1417,2188,2023-08-16,3,977.91,Completed
53583,3078,2101,2024-04-16,1,259.37,Completed
53584,3342,2194,2023-06-12,4,1356.98,Cancelled
53585,2412,2039,2023-09-01,2,265.71,Completed
53586,2672,2155,2023-09-16,1,326.14,Completed
53587,2575,2044,2023-06-22,1,396.67,Pending
53588,1802,2006,2023-08-09,3,1194.33,Pending
53589,2735,2036,2023-10-11,5,1196.68,Completed
53590,2924,2189,2024-04-21,3,1491.65,Shipped
53591,2338,2127,2024-05-19,1,408.21,Completed
53592,2250,2101,2024-05-05,5,997.76,Pending
53593,3032,2066,2023-06-26,4,1131.23,Pending
53594,1854,2093,2024-04-26,3,435.74,Completed
53595,1897,2066,2023-11-17,1,158.33,Shipped
53596,2758,2141,2024-03-01,4,772.48,Cancelled
53597,1814,2171,2023-10-16,5,595.96,Completed
53598,3301,2190,2023-09-26,3,1008.25,Pending
53599,1656,2107,2024-02-09,2,462.47,Pending
53600,2228,2133,2023-11-08,2,,Shipped
53601,2888,2122,2023-12-04,5,1243.62,Cancelled
53602,3495,2075,2023-10-03,2,784.48,Shipped
53603,2674,2198,2024-04-08,5,643.8,Shipped
53604,2032,2077,2023-10-03,4,1993.95,Shipped
53605,2382,2138,2023-06-17,3,108.89,Shipped
53606,2252,2082,2023-07-01,3,1492.2,Completed
53607,3441,2045,2024-02-28,3,646.27,Completed
53608,1034,2014,2024-01-21,2,316.35,Cancelled
53609,1804,2146,2023-06-24,4,948.99,Shipped
53610,3008,2037,2024-03-29,3,459.24,Completed
53611,1020,2062,2024-03-14,1,55.13,Completed
53612,2373,2144,2023-11-27,1,193.31,Shipped
53613,1544,2177,2024-05-22,1,167.45,Completed
53614,1095,2169,2023-09-03,5,348.76,Completed
53615,2407,2059,2023-07-04,2,913.41,Cancelled
53616,2085,2198,2024-05-16,2,833.15,Pending
53617,2355,2049,2023-07-11,1,78.05,Completed
53618,2445,2148,2023-06-15,3,1491.11,Completed
53619,2643,2092,2023-09-03,4,1652.52,Completed
53620,3259,2112,2024-05-11,4,1821.61,Shipped
53621,2409,2029,2024-05-20,1,273.7,Pending
53622,1916,2136,2023-09-07,5,1822.92,Completed
53623,2428,2075,2023-11-23,1,148.28,Pending
53624,1168,2155,2024-04-16,1,302.69,Completed
53625,1385,2021,2024-01-31,3,565.23,Completed
53626,2281,2194,2024-05-16,2,704.21,Shipped
53627,1129,2196,2023-12-31,2,500.21,Cancelled
53628,1441,2107,2024-01-20,2,285.08,Completed
53629,2579,2025,2023-08-11,1,342.21,Pending
53630,2535,2109,2023-08-25,4,588.92,Completed
53631,1712,2193,2024-01-04,1,269.01,Cancelled
53632,1486,2131,2024-05-01,4,845.28,Completed
53633,3414,2160,2023-07-01,4,1184.94,Completed
53634,3472,2111,2023-10-02,1,400.3,Completed
53635,3449,2087,2023-07-08,4,1514.99,Completed
53636,2273,2086,2023-06-17,3,1102.57,Cancelled
53637,3212,2037,2023-08-04,4,937.36,Shipped
53638,1410,2045,2023-09-19,3,1188.84,Cancelled
53639,3278,2136,2023-06-20,3,790.47,Completed
53640,2196,2167,2023-08-17,1,,Cancelled
53641,1993,2103,2023-10-31,3,140.83,Shipped
53642,1593,2142,2023-08-29,2,151.71,Completed
53643,1543,2121,2023-12-03,3,704.23,Pending
53644,1757,2156,2024-04-08,1,77.34,Completed
53645,2200,2152,2023-06-13,3,970.91,Completed
53646,1349,2134,2024-05-28,2,664.55,Completed
53647,2786,2158,2023-12-08,2,919.58,Completed
53648,1157,2176,2024-04-30,2,681.25,Cancelled
53649,2982,2124,2023-07-31,1,177.33,Pending
53650,1603,2175,2024-03-26,1,475.64,Pending
53651,3478,2033,2023-12-17,3,1227.68,Pending
53652,1876,2042,2024-02-16,1,424.88,Completed
53653,1342,2191,2023-06-28,5,1286.78,Cancelled
53654,1638,2041,2023-07-21,5,1431.12,Pending
53655,3324,2020,2023-11-12,4,513.88,Pending
53656,2783,2200,2024-02-03,1,392.12,Completed
53657,1561,2145,2024-02-19,4,1025.92,Pending
53658,2197,2089,2024-03-31,5,2121.16,Completed
53659,2529,2051,2023-06-29,3,465.68,Completed
53660,1043,2046,2023-06-04,2,787.31,Pending
53661,3133,2063,2024-03-13,4,1154.41,Completed
53662,1873,2191,2023-11-06,3,1329.71,Completed
53663,3435,2081,2024-02-13,4,959.92,Pending
53664,1194,2061,2024-04-28,1,154.3,Cancelled
53665,1843,2070,2023-12-26,4,1390.9,Completed
53666,1282,2138,2024-05-30,2,278.09,Pending
53667,3219,2130,2023-07-20,1,60.87,Completed
53668,3251,2171,2023-08-07,4,427.79,Completed
53669,2285,2026,2023-10-03,2,316.78,Completed
53670,1412,2140,2023-11-06,2,191.45,Completed
53671,1963,2138,2024-05-02,5,526.52,Completed
53672,1712,2009,2024-03-08,2,700.88,Completed
53673,2585,2134,2023-08-02,4,522.3,Completed
53674,1974,2138,2024-03-16,1,333.04,Shipped
53675,2962,2063,2023-12-12,5,155.0,Shipped
53676,3091,2152,2024-05-27,3,998.42,Pending
53677,2975,2048,2023-06-24,1,35.99,Completed
53678,1331,2066,2024-05-23,1,395.76,Pending
53679,1037,2117,2023-07-29,4,558.74,Cancelled
53680,2496,2008,2024-04-30,5,,Completed
53681,1427,2047,2023-09-19,4,112.2,Completed
53682,1332,2196,2023-07-27,5,1914.5,Cancelled
53683,2085,2165,2023-11-03,3,444.85,Completed
53684,2722,2156,2024-01-28,2,635.99,Completed
53685,2387,2100,2023-07-29,5,566.9,Pending
53686,3042,2021,2023-09-29,4,947.68,Shipped
53687,1477,2177,2024-05-11,5,1313.63,Completed
53688,2744,2062,2024-03-26,3,646.13,Completed
53689,2646,2196,2023-12-13,4,1133.42,Completed
53690,2525,2094,2024-02-09,2,485.83,Completed
53691,3231,2135,2024-01-31,3,1248.01,Completed
53692,1680,2187,2023-08-11,2,703.02,Shipped
53693,2183,2171,2023-12-12,1,168.41,Pending
53694,2562,2046,2024-02-09,4,489.11,Completed
53695,1004,2076,2024-05-14,1,59.02,Pending
53696,2705,2200,2023-07-20,3,323.11,Shipped
53697,1419,2096,2023-09-04,3,803.69,Completed
53698,3462,2102,2024-02-28,4,493.7,Pending
53699,2073,2123,2023-06-14,3,628.32,Pending
53700,3207,2145,2023-12-16,5,1337.47,Pending
53701,1090,2056,2023-12-11,5,1451.99,Completed
53702,1013,2008,2023-10-21,5,647.24,Shipped
53703,3472,2165,2023-09-25,4,1484.98,Shipped
53704,1323,2196,2023-11-24,5,2441.88,Shipped
53705,1594,2200,2024-05-27,5,394.84,Shipped
53706,1687,2124,2023-06-30,4,726.68,Completed
53707,2148,2017,2023-06-23,3,146.08,Shipped
53708,1595,2149,2023-07-19,1,283.03,Completed
53709,1526,2132,2023-08-20,3,758.74,Cancelled
53710,1789,2006,2023-07-15,5,396.26,Shipped
53711,3390,2198,2023-12-23,1,427.79,Pending
53712,2371,2174,2024-01-16,5,1580.45,Shipped
53713,3133,2168,2023-10-08,5,1258.03,Completed
53714,3383,2158,2024-01-16,5,1550.64,Completed
53715,1661,2035,2023-07-25,4,336.05,Completed
53716,3238,2105,2023-11-19,4,776.3,Shipped
53717,1389,2142,2024-04-13,5,1699.41,Completed
53718,2773,2020,2024-02-08,2,650.25,Shipped
53719,2284,2105,2023-10-03,1,496.75,Completed
53720,1386,2044,2024-04-01,4,,Completed
53721,2444,2115,2023-08-31,4,296.38,Cancelled
53722,2250,2156,2023-12-28,2,513.6,Cancelled
53723,3078,2019,2023-07-16,5,2118.05,Completed
53724,3153,2177,2024-05-29,5,1664.64,Cancelled
53725,1220,2101,2024-02-27,2,712.81,Completed
53726,1849,2165,2023-06-07,4,246.03,Pending
53727,2426,2049,2024-05-15,2,159.17,Completed
53728,1797,2108,2023-08-01,2,123.04,Cancelled
53729,3159,2085,2023-10-16,5,212.0,Completed
53730,2272,2177,2024-04-04,1,140.27,Shipped
53731,1670,2154,2023-11-30,3,604.49,Completed
53732,3063,2058,2023-11-22,4,1817.23,Completed
53733,3449,2151,2024-03-07,1,97.75,Completed
53734,1893,2155,2024-04-19,2,188.22,Completed
53735,2401,2028,2024-01-11,3,174.38,Cancelled
53736,1755,2083,2024-03-12,1,323.94,Completed
53737,3022,2108,2023-08-31,1,413.98,Completed
53738,1770,2104,2023-06-20,1,355.7,Pending
53739,1956,2147,2024-04-02,3,585.16,Completed
53740,1852,2186,2024-03-11,3,528.63,Completed
53741,2286,2100,2023-09-20,1,311.48,Completed
53742,2927,2154,2023-12-22,5,1696.01,Completed
53743,1189,2167,2024-03-27,4,1421.95,Completed
53744,2485,2149,2024-03-02,4,357.66,Completed
53745,1132,2144,2024-04-08,5,2182.33,Shipped
53746,1441,2118,2024-02-03,2,362.19,Completed
53747,2715,2103,2024-02-16,1,56.61,Completed
53748,1884,2160,2024-01-27,2,937.59,Pending
53749,1118,2123,2024-05-20,2,164.97,Shipped
53750,1928,2181,2023-10-29,1,360.51,Completed
53751,2252,2034,2024-04-29,2,664.02,Shipped
53752,2108,2025,2024-05-18,5,1372.38,Shipped
53753,1941,2016,2023-12-28,2,225.59,Completed
53754,2778,2081,2023-11-05,1,69.72,Cancelled
53755,1410,2167,2023-11-06,3,457.55,Completed
53756,3265,2070,2023-08-19,1,99.74,Completed
53757,2003,2194,2023-12-06,1,356.41,Completed
53758,2800,2106,2023-11-27,1,81.06,Shipped
53759,3109,2110,2024-05-02,1,490.44,Pending
53760,2123,2003,2024-04-09,5,,Completed
53761,3028,2090,2023-09-07,5,1405.49,Shipped
53762,1267,2050,2024-01-26,1,176.96,Shipped
53763,1550,2077,2023-11-14,1,350.08,Cancelled
53764,1229,2131,2023-08-31,4,1734.15,Shipped
53765,1290,2007,2024-04-25,2,352.39,Completed
53766,2095,2047,2024-03-22,5,2476.43,Completed
53767,1715,2062,2024-02-01,4,1451.14,Pending
53768,3389,2170,2024-01-03,5,536.51,Completed
53769,3335,2089,2023-09-28,2,560.4,Completed
53770,3330,2065,2023-07-18,1,321.93,Cancelled
53771,1786,2156,2024-05-12,1,421.99,Completed
53772,2252,2033,2023-10-22,2,329.35,Pending
53773,2740,2173,2023-08-30,5,1893.61,Completed
53774,2680,2049,2023-09-12,3,1036.23,Cancelled
53775,3477,2059,2023-09-30,3,372.38,Completed
53776,1420,2189,2024-02-25,4,928.74,Cancelled
53777,2043,2188,2023-06-20,5,1157.31,Completed
53778,2180,2045,2023-10-24,2,741.09,Completed
53779,2572,2159,2023-08-08,5,908.2,Completed
53780,2843,2069,2023-09-13,3,1245.2,Completed
53781,3366,2089,2023-08-23,5,1629.8,Cancelled
53782,2529,2156,2023-10-18,4,1702.7,Completed
53783,2019,2146,2024-01-05,5,2199.86,Pending
53784,2161,2084,2023-09-16,3,931.34,Pending
53785,2659,2085,2023-06-23,3,727.52,Cancelled
53786,3143,2052,2023-06-03,1,386.96,Cancelled
53787,2394,2071,2023-08-09,5,1333.06,Pending
53788,1870,2071,2023-10-24,5,1657.01,Shipped
53789,2546,2133,2024-01-09,4,954.95,Cancelled
53790,3374,2067,2024-01-20,1,219.08,Completed
53791,2875,2180,2024-04-24,1,439.29,Pending
53792,3394,2014,2023-07-14,3,960.25,Completed
53793,1331,2007,2023-09-19,5,744.19,Shipped
53794,2836,2027,2023-11-20,4,1012.83,Completed
53795,2716,2111,2023-11-14,1,334.99,Completed
53796,3224,2187,2024-02-14,4,1893.0,Shipped
53797,1393,2099,2024-02-07,3,446.58,Shipped
53798,1741,2053,2023-10-24,2,971.17,Completed
53799,2782,2148,2024-02-20,3,101.57,Completed
53800,2328,2195,2023-06-09,3,,Pending
53801,3362,2059,2024-02-04,3,517.99,Completed
53802,2083,2046,2024-03-14,4,236.99,Shipped
53803,3200,2151,2023-08-25,3,1217.19,Completed
53804,2232,2009,2023-08-06,3,154.37,Shipped
53805,1986,2138,2023-11-13,4,912.88,Completed
53806,2542,2078,2024-02-19,1,323.86,Completed
53807,3119,2166,2023-10-26,5,705.67,Shipped
53808,2668,2144,2023-06-27,4,472.14,Cancelled
53809,2437,2057,2023-06-10,1,35.32,Completed
53810,1579,2113,2024-03-08,5,1021.26,Completed
53811,1345,2157,2024-04-28,2,51.46,Completed
53812,3064,2095,2023-08-15,4,973.37,Cancelled
53813,2541,2195,2024-01-30,1,448.48,Pending
53814,2342,2107,2023-08-15,1,474.04,Shipped
53815,2731,2056,2023-10-08,3,1044.0,Completed
53816,3438,2067,2023-12-24,5,1979.6,Pending
53817,2002,2060,2023-07-24,5,295.86,Completed
53818,1804,2057,2023-12-07,4,1391.29,Completed
53819,2953,2183,2023-06-25,4,1777.31,Completed
53820,2829,2078,2023-10-22,3,731.9,Pending
53821,1709,2173,2023-12-29,2,418.72,Pending
53822,2821,2138,2023-11-08,1,266.98,Cancelled
53823,3480,2126,2024-02-09,3,1191.57,Completed
53824,2117,2176,2023-10-25,2,943.9,Cancelled
53825,2370,2036,2024-03-27,3,1284.03,Pending
53826,2883,2065,2023-06-15,2,502.39,Pending
53827,2720,2143,2024-01-30,3,110.66,Completed
53828,1093,2123,2024-01-02,4,773.91,Completed
53829,3445,2114,2023-11-27,2,333.15,Completed
53830,2299,2194,2024-01-28,2,669.15,Completed
53831,1244,2160,2024-03-28,1,399.66,Shipped
53832,1191,2147,2023-10-21,1,403.25,Completed
53833,2632,2092,2024-02-15,2,280.06,Completed
53834,2079,2088,2023-10-04,5,2460.08,Completed
53835,2732,2094,2023-10-04,3,1434.21,Completed
53836,1534,2106,2024-01-07,1,324.87,Shipped
53837,1056,2010,2023-10-12,4,154.92,Cancelled
53838,1323,2018,2023-07-01,2,824.19,Cancelled
53839,2482,2108,2023-07-10,1,310.0,Cancelled
53840,3056,2146,2024-03-29,4,,Completed
53841,1356,2141,2023-07-23,3,790.89,Shipped
53842,2835,2071,2023-12-23,4,245.35,Shipped
53843,2256,2121,2024-01-16,4,1854.3,Cancelled
53844,2673,2131,2024-02-05,1,158.32,Pending
53845,3391,2106,2023-12-22,4,1140.36,Completed
53846,1065,2190,2023-12-08,2,400.42,Completed
53847,3460,2151,2023-12-09,1,275.21,Cancelled
53848,1278,2071,2023-08-24,2,707.07,Completed
53849,1740,2148,2024-05-26,2,521.56,Completed
53850,1072,2081,2023-10-21,4,1392.78,Cancelled
53851,3192,2109,2023-08-29,2,113.73,Completed
53852,2453,2018,2023-09-19,1,277.67,Pending
53853,1133,2079,2024-02-04,3,717.77,Completed
53854,1874,2142,2024-03-29,1,145.33,Shipped
53855,3050,2087,2023-08-25,3,723.67,Completed
53856,1526,2001,2023-09-05,3,938.13,Completed
53857,1423,2005,2024-05-10,2,920.51,Completed
53858,3067,2124,2024-04-26,2,846.39,Completed
53859,3201,2192,2024-05-15,4,885.88,Pending
53860,2963,2078,2023-07-19,2,135.66,Completed
53861,2502,2020,2024-02-14,2,58.23,Completed
53862,3106,2096,2023-09-09,3,1358.5,Pending
53863,2304,2137,2023-07-11,3,374.3,Cancelled
53864,3160,2199,2024-03-02,3,983.72,Shipped
53865,1488,2126,2024-03-08,5,903.69,Cancelled
53866,1238,2148,2024-02-23,3,1080.88,Shipped
53867,1312,2044,2024-03-10,4,727.55,Cancelled
53868,1454,2097,2024-01-22,3,1155.01,Completed
53869,1882,2138,2023-09-14,1,304.11,Completed
53870,3182,2196,2024-03-19,1,285.17,Shipped
53871,1169,2188,2023-06-29,2,962.49,Completed
53872,2058,2099,2023-09-05,3,256.17,Cancelled
53873,1709,2080,2023-08-20,1,352.34,Completed
53874,3353,2119,2023-10-02,1,424.2,Shipped
53875,1417,2045,2023-07-03,5,871.69,Pending
53876,1792,2076,2023-07-17,1,165.47,Pending
53877,1361,2051,2023-10-06,1,182.86,Shipped
53878,2460,2093,2023-09-09,1,477.33,Completed
53879,1916,2010,2023-09-06,1,409.02,Completed
53880,1043,2116,2024-01-12,5,,Shipped
53881,1409,2013,2024-04-11,4,785.07,Cancelled
53882,2242,2170,2023-11-08,3,725.68,Shipped
53883,2771,2061,2023-11-04,3,1482.83,Completed
53884,1491,2143,2023-09-03,5,1528.65,Completed
53885,2666,2158,2024-04-02,3,561.27,Completed
53886,2708,2079,2024-05-16,1,469.09,Shipped
53887,1422,2006,2024-01-01,1,460.92,Shipped
53888,2567,2165,2023-12-12,5,346.55,Completed
53889,3157,2163,2023-08-07,2,680.95,Completed
53890,1506,2104,2024-03-01,2,446.53,Cancelled
53891,1516,2039,2024-05-17,1,325.59,Pending
53892,2458,2164,2023-12-23,2,667.86,Pending
53893,3329,2200,2023-12-13,2,78.95,Completed
53894,2110,2128,2024-03-20,1,379.23,Completed
53895,2415,2146,2023-09-26,2,678.95,Shipped
53896,2441,2127,2023-08-06,2,573.7,Pending
53897,1202,2181,2023-09-12,2,188.48,Completed
53898,2898,2069,2024-03-13,3,952.35,Shipped
53899,1528,2066,2023-09-06,5,1224.82,Completed
53900,1593,2157,2023-11-27,1,165.24,Completed
53901,1184,2085,2024-05-12,5,2225.89,Shipped
53902,1095,2181,2023-08-15,5,1073.65,Pending
53903,1180,2074,2024-03-09,1,107.41,Completed
53904,2074,2004,2024-01-01,3,1282.26,Pending
53905,2080,2116,2023-12-22,5,2419.34,Completed
53906,3374,2006,2023-10-10,1,326.42,Shipped
53907,3394,2130,2023-11-17,4,845.07,Shipped
53908,2064,2053,2023-06-19,1,452.78,Completed
53909,2452,2111,2023-08-08,2,539.08,Pending
53910,3175,2131,2024-02-17,4,1483.21,Pending
53911,2424,2109,2024-05-22,5,1605.67,Completed
53912,1304,2053,2023-12-17,1,222.93,Completed
53913,1566,2152,2023-06-12,1,496.34,Shipped
53914,1793,2143,2023-12-13,1,463.0,Pending
53915,3414,2071,2024-05-06,4,1814.85,Completed
53916,3366,2158,2023-06-08,2,533.49,Completed
53917,2349,2032,2023-10-10,5,1518.8,Completed
53918,2008,2144,2023-08-26,5,813.39,Completed
53919,3414,2183,2023-08-02,3,729.93,Cancelled
53920,1196,2093,2023-09-28,3,,Cancelled
53921,1981,2151,2023-12-01,1,479.72,Pending
53922,2943,2056,2024-04-23,1,414.53,Completed
53923,1906,2033,2024-05-02,4,1037.51,Cancelled
53924,2048,2131,2024-02-20,4,1647.92,Cancelled
53925,2696,2085,2023-12-12,2,613.35,Completed
53926,2506,2199,2024-05-05,5,1700.93,Completed
53927,3153,2043,2024-03-01,1,386.06,Completed
53928,3159,2056,2023-08-18,2,404.84,Completed
53929,2790,2131,2024-02-19,3,683.61,Shipped
53930,2221,2175,2024-01-03,4,1822.63,Shipped
53931,3029,2129,2023-06-10,5,2379.09,Completed
53932,2327,2142,2023-09-21,4,1949.78,Shipped
53933,2150,2148,2023-11-14,5,1252.99,Completed
53934,1326,2060,2023-11-30,2,127.1,Pending
53935,2321,2089,2024-05-16,3,929.57,Completed
53936,3061,2180,2024-04-14,4,621.62,Shipped
53937,2874,2071,2023-07-15,1,360.23,Completed
53938,3157,2099,2024-05-16,2,457.12,Completed
53939,1493,2192,2024-04-29,1,400.21,Cancelled
53940,3020,2109,2023-10-10,3,394.23,Cancelled
53941,2665,2092,2023-11-10,1,389.56,Shipped
53942,2786,2080,2023-07-28,5,1082.84,Cancelled
53943,3453,2110,2023-09-30,1,458.92,Completed
53944,3318,2053,2023-11-27,5,2068.17,Completed
53945,1452,2102,2023-09-07,1,65.78,Shipped
53946,2341,2148,2024-01-30,2,213.92,Completed
53947,1593,2033,2024-02-24,3,1157.04,Shipped
53948,1881,2079,2024-05-05,5,522.56,Pending
53949,2681,2142,2023-06-25,5,1617.52,Completed
53950,2786,2168,2024-05-21,1,478.59,Shipped
53951,3074,2009,2023-10-19,1,401.98,Completed
53952,2229,2142,2023-06-03,1,423.29,Completed
53953,1898,2113,2023-10-02,3,1207.25,Cancelled
53954,2635,2103,2024-02-04,1,466.06,Completed
53955,2070,2070,2023-12-31,1,188.9,Cancelled
53956,1632,2101,2023-06-21,5,2240.01,Pending
53957,2095,2192,2023-12-24,2,520.98,Completed
53958,2363,2192,2023-09-14,4,1857.84,Completed
53959,3349,2017,2023-07-25,5,1765.83,Shipped
53960,3174,2090,2023-12-27,4,,Shipped
53961,1629,2129,2023-12-04,1,106.09,Completed
53962,2464,2083,2024-04-28,2,579.23,Completed
53963,3037,2117,2023-11-22,3,857.36,Completed
53964,1651,2099,2023-09-02,4,593.66,Cancelled
53965,2519,2102,2024-01-31,5,759.11,Shipped
53966,2620,2001,2024-01-15,5,1572.59,Completed
53967,2969,2088,2023-07-13,5,1780.3,Completed
53968,3487,2130,2023-07-04,4,1018.22,Completed
53969,1281,2040,2024-03-20,3,500.98,Completed
53970,3475,2200,2023-08-24,3,368.56,Completed
53971,2760,2071,2024-04-13,5,547.38,Shipped
53972,2002,2133,2024-04-25,3,1019.72,Pending
53973,2115,2113,2024-01-14,4,765.96,Completed
53974,3386,2010,2024-02-02,1,196.78,Completed
53975,2079,2167,2024-05-28,2,656.71,Completed
53976,1912,2197,2024-01-08,5,1243.03,Pending
53977,1418,2087,2023-12-28,5,539.96,Completed
53978,1011,2150,2023-10-15,5,2164.16,Completed
53979,2995,2104,2024-05-21,2,333.54,Completed
53980,2417,2054,2023-12-02,5,1226.56,Completed
53981,1209,2170,2023-06-25,1,83.46,Completed
53982,2034,2119,2024-01-19,2,778.17,Cancelled
53983,2077,2062,2024-05-05,1,413.86,Shipped
53984,2075,2178,2024-03-01,4,353.63,Completed
53985,2497,2120,2024-02-12,3,646.84,Completed
53986,1915,2088,2023-10-17,4,687.14,Pending
53987,3188,2085,2024-04-28,3,741.32,Cancelled
53988,2287,2039,2023-09-30,2,559.59,Completed
53989,2432,2142,2023-06-10,5,1991.17,Completed
53990,2991,2192,2024-04-02,3,1261.83,Completed
53991,3055,2026,2024-04-30,4,864.66,Completed
53992,3175,2198,2023-10-13,1,393.93,Pending
53993,1687,2062,2023-09-18,3,707.76,Completed
53994,1075,2120,2023-07-23,3,645.64,Cancelled
53995,2822,2163,2023-07-20,3,1114.58,Pending
53996,3417,2126,2024-05-21,2,975.48,Completed
53997,3278,2090,2024-05-31,3,889.97,Completed
53998,3123,2183,2023-09-19,4,1883.78,Completed
53999,2649,2010,2023-08-02,4,148.26,Cancelled
54000,2591,2026,2023-06-10,1,,Cancelled
54001,1128,2169,2023-06-21,1,233.21,Completed
54002,2570,2118,2024-03-20,3,893.84,Pending
54003,3225,2111,2024-05-24,5,547.98,Cancelled
54004,2281,2081,2024-05-14,1,213.99,Shipped
54005,1640,2029,2023-12-04,5,2049.75,Completed
54006,3252,2198,2024-03-26,4,945.82,Shipped
54007,2024,2091,2023-09-10,4,1024.93,Completed
54008,2508,2173,2023-11-30,5,1536.57,Completed
54009,3004,2015,2024-01-19,2,176.2,Cancelled
54010,1879,2070,2023-07-14,2,268.96,Completed
54011,1437,2193,2023-09-08,5,142.34,Completed
54012,1777,2013,2024-04-05,4,1830.47,Completed
54013,1676,2127,2024-04-21,3,1465.2,Completed
54014,2771,2104,2024-05-10,2,347.97,Shipped
54015,3326,2106,2024-01-13,1,476.58,Completed
54016,3131,2006,2023-09-09,1,340.49,Pending
54017,1936,2094,2024-04-17,4,1702.61,Cancelled
54018,1629,2100,2023-06-13,5,538.5,Completed
54019,1744,2172,2023-12-30,2,902.08,Pending
54020,3422,2068,2024-05-28,1,92.21,Cancelled
54021,3143,2100,2024-01-06,5,371.25,Completed
54022,1527,2051,2023-08-25,1,150.33,Shipped
54023,1682,2083,2023-08-21,4,256.96,Completed
54024,3399,2126,2024-04-24,5,1473.07,Completed
54025,2365,2159,2023-11-04,4,1955.82,Completed
54026,2850,2068,2024-04-18,3,613.0,Completed
54027,1880,2047,2023-12-09,3,474.23,Completed
54028,1449,2134,2023-07-20,5,1706.12,Shipped
54029,2404,2022,2023-09-18,4,1850.6,Completed
54030,3094,2005,2024-05-17,3,280.75,Completed
54031,3264,2166,2024-04-25,5,363.13,Cancelled
54032,1887,2114,2024-01-06,5,839.66,Completed
54033,3200,2200,2023-10-22,4,1884.29,Completed
54034,2565,2172,2023-08-08,2,76.51,Completed
54035,2070,2170,2024-02-23,2,238.41,Completed
54036,2094,2016,2023-07-20,1,112.68,Completed
54037,3219,2054,2023-12-17,1,117.91,Cancelled
54038,2973,2200,2023-12-20,3,742.92,Pending
54039,1190,2188,2024-03-20,1,495.91,Shipped
54040,2980,2112,2023-07-26,5,,Pending
54041,2546,2037,2024-04-05,3,78.68,Pending
54042,2978,2177,2023-07-04,4,452.53,Completed
54043,3044,2038,2023-06-22,3,852.48,Cancelled
54044,2617,2144,2023-06-26,3,221.74,Pending
54045,3353,2057,2023-06-23,2,891.75,Shipped
54046,1663,2100,2023-10-31,3,1209.08,Completed
54047,2759,2120,2023-10-31,1,304.69,Completed
54048,2644,2010,2023-11-13,2,628.76,Completed
54049,2585,2065,2024-03-18,1,483.5,Shipped
54050,2993,2166,2023-06-08,2,333.45,Completed
54051,1469,2181,2024-04-01,4,1397.09,Completed
54052,3263,2018,2023-12-09,5,1487.94,Completed
54053,2627,2140,2023-08-12,5,1054.24,Completed
54054,2894,2071,2023-08-29,1,481.34,Completed
54055,1275,2154,2023-10-06,4,1484.39,Completed
54056,1704,2103,2023-06-02,2,215.52,Pending
54057,3341,2189,2023-06-13,5,1806.12,Pending
54058,2503,2071,2024-02-19,1,92.24,Cancelled
54059,1950,2051,2023-12-06,5,673.13,Cancelled
54060,2221,2050,2024-05-15,5,1642.1,Completed
54061,2673,2093,2024-01-16,2,891.12,Completed
54062,1346,2123,2023-11-07,3,1383.54,Pending
54063,3351,2056,2024-05-19,3,249.02,Completed
54064,1334,2078,2023-06-25,1,96.51,Cancelled
54065,2002,2049,2023-07-15,5,909.75,Cancelled
54066,3388,2181,2024-02-02,5,1498.2,Completed
54067,2389,2195,2024-04-04,4,289.94,Pending
54068,1334,2125,2024-05-24,1,116.32,Completed
54069,2683,2129,2024-01-18,1,449.29,Completed
54070,1302,2034,2023-10-08,4,109.14,Completed
54071,2607,2065,2024-03-03,2,772.73,Shipped
54072,3275,2152,2023-11-12,2,277.11,Pending
54073,3289,2067,2023-07-30,5,1202.17,Pending
54074,2874,2119,2024-05-07,4,1729.65,Completed
54075,2589,2072,2023-09-23,3,537.55,Shipped
54076,3405,2184,2024-01-19,2,850.62,Shipped
54077,2936,2195,2023-09-30,1,133.13,Completed
54078,2083,2149,2024-01-02,4,733.33,Pending
54079,2082,2088,2023-07-30,1,168.54,Completed
54080,3185,2012,2024-03-27,3,,Pending
54081,1890,2030,2024-03-04,1,495.64,Pending
54082,1081,2088,2023-10-27,2,509.47,Pending
54083,3435,2200,2024-03-25,3,1240.12,Shipped
54084,2225,2123,2023-12-29,1,74.96,Completed
54085,2983,2148,2024-01-29,4,682.68,Pending
54086,2483,2075,2024-05-10,3,671.12,Pending
54087,1614,2132,2024-03-16,4,388.23,Pending
54088,3362,2054,2023-10-30,5,927.4,Shipped
54089,1102,2195,2023-09-13,5,149.74,Cancelled
54090,2057,2176,2023-12-12,5,2163.39,Shipped
54091,2708,2003,2024-01-09,4,1474.77,Shipped
54092,3448,2047,2024-04-28,4,228.59,Cancelled
54093,1542,2105,2024-03-07,4,164.16,Pending
54094,2806,2117,2024-01-11,5,1014.64,Completed
54095,1841,2146,2024-03-16,4,374.2,Completed
54096,3036,2120,2024-03-28,2,885.37,Pending
54097,1286,2172,2023-07-14,1,474.52,Completed
54098,2465,2032,2023-08-06,5,1543.05,Completed
54099,1768,2170,2023-06-17,4,1125.31,Shipped
54100,1688,2074,2023-09-12,2,270.24,Shipped
54101,1991,2014,2023-08-13,2,635.94,Completed
54102,2034,2072,2023-12-12,1,399.06,Shipped
54103,1113,2097,2024-03-16,3,1083.5,Shipped
54104,1010,2103,2024-04-09,3,1007.47,Completed
54105,2397,2113,2024-03-02,4,713.93,Completed
54106,3453,2079,2023-07-17,2,530.56,Completed
54107,2976,2184,2023-06-25,1,398.1,Completed
54108,2040,2136,2024-03-11,3,484.36,Pending
54109,2396,2063,2023-07-25,1,481.88,Shipped
54110,3132,2003,2023-10-10,2,394.0,Completed
54111,1587,2136,2023-06-04,3,427.8,Pending
54112,2681,2195,2023-11-02,2,396.91,Completed
54113,2965,2143,2024-01-04,5,1383.83,Pending
54114,3230,2102,2023-06-15,2,89.94,Shipped
54115,3418,2034,2023-08-26,1,143.33,Completed
54116,2969,2009,2023-07-18,5,2425.99,Completed
54117,3295,2103,2023-12-30,2,953.85,Cancelled
54118,1540,2139,2024-01-28,5,1370.65,Pending
54119,1654,2133,2024-02-10,2,835.05,Shipped
54120,1313,2065,2023-08-20,3,,Pending
54121,1712,2148,2023-07-28,4,1839.86,Cancelled
54122,2607,2080,2023-11-01,1,227.88,Completed
54123,1798,2195,2023-09-02,5,1447.18,Completed
54124,2930,2002,2023-06-10,3,186.98,Completed
54125,1733,2135,2024-02-05,3,557.33,Completed
54126,1615,2006,2023-08-15,2,744.09,Shipped
54127,1015,2022,2024-02-06,3,499.02,Completed
54128,1274,2102,2023-10-20,5,1308.44,Completed
54129,1280,2015,2023-10-16,4,888.6,Pending
54130,2309,2167,2023-06-10,1,193.87,Pending
54131,3340,2115,2023-10-08,3,318.4,Completed
54132,1942,2185,2023-12-21,1,253.61,Completed
54133,2198,2189,2024-03-04,2,241.58,Cancelled
54134,2526,2130,2024-02-08,2,906.98,Shipped
54135,3275,2056,2023-12-21,5,1804.64,Completed
54136,2746,2013,2023-07-16,3,553.19,Cancelled
54137,1629,2059,2023-08-08,4,1022.31,Completed
54138,3178,2088,2024-02-12,1,319.96,Pending
54139,1029,2025,2023-12-04,1,368.12,Cancelled
54140,2771,2128,2024-04-07,4,1371.69,Completed
54141,1529,2090,2023-07-08,5,435.4,Completed
54142,3304,2040,2024-03-08,3,255.02,Completed
54143,1612,2145,2024-01-17,1,419.89,Cancelled
54144,1810,2194,2024-01-31,5,933.61,Completed
54145,3431,2027,2023-11-23,5,2416.08,Shipped
54146,2524,2083,2023-08-03,1,228.94,Completed
54147,3476,2166,2024-01-14,1,159.15,Completed
54148,1080,2120,2023-11-19,4,675.14,Completed
54149,2269,2047,2023-11-01,5,2050.42,Completed
54150,3388,2106,2023-08-21,4,347.54,Cancelled
54151,1327,2133,2024-03-06,2,708.45,Completed
54152,2231,2168,2024-03-21,4,1482.47,Completed
54153,2779,2182,2024-01-23,4,426.52,Completed
54154,2217,2049,2024-04-21,3,356.51,Completed
54155,2247,2160,2024-01-23,5,1301.59,Cancelled
54156,2542,2093,2024-01-30,1,185.34,Pending
54157,2260,2058,2024-02-21,1,421.59,Cancelled
54158,3341,2013,2023-09-24,3,1397.54,Shipped
54159,1077,2165,2023-10-30,2,328.36,Cancelled
54160,2716,2013,2024-04-16,1,,Cancelled
54161,2176,2003,2024-04-03,1,224.0,Completed
54162,2979,2059,2024-01-31,4,342.15,Completed
54163,2661,2098,2024-05-21,2,169.6,Completed
54164,3433,2040,2023-06-17,2,441.96,Cancelled
54165,1946,2014,2024-03-31,1,365.97,Completed
54166,1241,2026,2024-05-13,3,286.34,Completed
54167,1446,2182,2023-07-29,4,450.26,Completed
54168,2623,2080,2023-07-04,3,775.16,Completed
54169,2725,2147,2023-06-07,1,326.21,Cancelled
54170,2090,2033,2024-04-08,2,256.56,Completed
54171,3161,2189,2023-10-18,4,1622.14,Completed
54172,1647,2148,2024-03-02,2,842.36,Shipped
54173,2324,2158,2023-12-31,4,1832.03,Pending
54174,2953,2022,2023-11-28,2,869.89,Completed
54175,1692,2043,2024-01-07,2,754.67,Pending
54176,1968,2104,2023-11-14,1,45.29,Completed
54177,1587,2155,2024-03-15,1,297.96,Shipped
54178,1228,2111,2023-11-01,4,872.5,Shipped
54179,2277,2078,2023-08-14,4,1056.15,Completed
54180,2331,2082,2023-10-12,1,364.34,Completed
54181,1722,2165,2023-10-06,1,215.26,Pending
54182,3453,2037,2024-05-27,1,373.99,Pending
54183,2490,2069,2024-03-19,2,640.87,Completed
54184,1947,2176,2024-03-21,4,1216.22,Completed
54185,2309,2055,2024-05-09,5,2179.68,Shipped
54186,2421,2045,2024-02-18,4,1160.08,Completed
54187,2370,2117,2023-09-10,2,835.87,Cancelled
54188,1404,2057,2023-10-05,1,468.77,Completed
54189,2136,2088,2023-10-06,2,97.95,Completed
54190,2734,2080,2023-07-22,2,194.9,Pending
54191,2039,2006,2024-04-20,5,1404.49,Completed
54192,2879,2041,2023-06-29,2,268.64,Completed
54193,2328,2019,2023-12-22,1,84.62,Completed
54194,2338,2025,2023-06-15,4,1446.53,Completed
54195,2461,2084,2024-02-29,4,202.86,Cancelled
54196,2093,2163,2024-05-23,1,154.86,Completed
54197,2226,2088,2023-12-19,3,176.47,Cancelled
54198,1641,2096,2023-12-08,1,87.51,Completed
54199,3092,2010,2024-02-04,5,304.0,Completed
54200,2022,2188,2023-11-24,1,,Shipped
54201,1915,2187,2024-05-18,3,946.02,Completed
54202,1281,2158,2024-05-31,4,309.14,Shipped
54203,3037,2194,2023-11-08,3,782.05,Completed
54204,2607,2111,2023-09-27,2,960.85,Shipped
54205,1539,2072,2023-12-27,2,66.58,Pending
54206,1493,2191,2023-12-28,2,853.11,Completed
54207,3198,2169,2023-12-04,4,551.15,Completed
54208,1038,2200,2023-06-01,4,928.05,Completed
54209,2281,2011,2023-10-27,2,102.0,Cancelled
54210,3304,2169,2023-12-15,5,2045.6,Shipped
54211,2721,2153,2024-01-15,4,1766.8,Completed
54212,1778,2176,2023-09-19,4,145.56,Cancelled
54213,1173,2191,2024-03-30,1,76.92,Completed
54214,2166,2196,2023-12-31,1,428.55,Shipped
54215,1887,2154,2023-08-16,4,1679.01,Cancelled
54216,3052,2143,2023-07-21,5,1535.5,Completed
54217,2152,2101,2024-05-02,1,208.29,Completed
54218,3273,2134,2023-07-29,4,1937.08,Pending
54219,3195,2188,2023-11-28,1,275.54,Shipped
54220,2447,2108,2024-04-01,1,496.68,Shipped
54221,1145,2170,2024-03-29,4,734.74,Pending
54222,3281,2138,2023-08-22,4,1009.4,Cancelled
54223,1141,2004,2024-02-01,2,728.81,Completed
54224,1008,2186,2024-04-22,5,391.62,Shipped
54225,2190,2115,2023-08-19,2,485.2,Completed
54226,2721,2073,2023-06-10,4,1079.95,Shipped
54227,1118,2137,2023-09-22,1,390.11,Cancelled
54228,2817,2134,2024-04-02,5,1618.43,Cancelled
54229,2521,2027,2024-04-24,3,569.02,Completed
54230,3489,2141,2023-09-13,4,976.76,Completed
54231,2066,2100,2024-02-02,3,879.13,Pending
54232,2553,2135,2024-02-19,4,953.94,Completed
54233,3299,2087,2024-02-07,1,64.9,Completed
54234,2452,2111,2023-06-24,3,1028.09,Completed
54235,2648,2054,2023-11-03,2,929.82,Completed
54236,3064,2013,2024-04-16,4,498.07,Completed
54237,1067,2185,2023-06-17,2,382.02,Completed
54238,2756,2085,2023-09-18,2,782.0,Shipped
54239,2954,2124,2023-10-02,1,346.58,Completed
54240,2551,2127,2024-05-18,5,,Cancelled
54241,1659,2107,2023-07-26,3,478.52,Pending
54242,1630,2004,2023-07-23,2,299.49,Completed
54243,1568,2096,2023-10-27,3,532.78,Shipped
54244,1237,2088,2023-10-30,5,2482.31,Cancelled
54245,1150,2171,2024-03-15,5,2306.21,Completed
54246,3327,2127,2023-12-23,4,550.11,Cancelled
54247,2960,2035,2023-11-06,4,285.05,Completed
54248,1055,2052,2023-10-23,2,549.84,Shipped
54249,1244,2008,2023-06-16,5,313.74,Completed
54250,2282,2041,2024-04-10,3,956.31,Completed
54251,1073,2126,2024-05-20,3,226.56,Cancelled
54252,3320,2165,2023-12-29,3,1486.28,Pending
54253,2588,2040,2024-02-18,5,1304.26,Completed
54254,2472,2026,2024-02-23,5,2021.31,Completed
54255,1596,2087,2023-08-19,4,1578.18,Shipped
54256,2656,2015,2023-06-03,2,171.03,Completed
54257,1532,2058,2023-10-25,1,201.83,Shipped
54258,2918,2116,2023-07-23,2,391.45,Shipped
54259,2512,2133,2024-03-15,1,417.38,Completed
54260,3116,2162,2023-08-24,5,2221.08,Completed
54261,2380,2018,2023-12-29,4,919.58,Shipped
54262,3222,2030,2023-09-01,2,600.16,Pending
54263,3160,2142,2023-10-29,3,767.43,Cancelled
54264,1138,2150,2024-03-12,4,1619.35,Pending
54265,1340,2084,2023-08-11,4,842.73,Completed
54266,3260,2073,2023-11-03,3,296.29,Completed
54267,1656,2067,2024-05-21,5,479.29,Cancelled
54268,3230,2101,2023-09-06,1,141.05,Pending
54269,1962,2119,2023-07-10,3,597.96,Completed
54270,1302,2029,2024-02-28,1,355.34,Pending
54271,2560,2162,2024-03-27,1,462.04,Completed
54272,3476,2196,2023-10-06,5,1095.81,Pending
54273,1350,2007,2023-10-14,4,1868.29,Completed
54274,3054,2146,2023-08-03,1,411.93,Cancelled
54275,1513,2188,2023-11-09,4,1917.18,Shipped
54276,3455,2037,2023-11-03,4,877.49,Cancelled
54277,1866,2075,2023-07-03,1,129.71,Completed
54278,2151,2024,2023-09-10,1,269.94,Completed
54279,3304,2163,2023-07-24,3,88.83,Completed
54280,1352,2179,2024-05-26,2,,Shipped
54281,1475,2114,2024-03-27,1,172.12,Pending
54282,1158,2129,2023-12-02,4,102.59,Shipped
54283,2126,2013,2023-12-15,4,290.17,Shipped
54284,3062,2118,2024-02-25,2,115.75,Completed
54285,1429,2068,2023-11-29,4,616.36,Pending
54286,1513,2196,2023-08-18,4,723.43,Pending
54287,3457,2069,2023-06-28,4,1478.72,Completed
54288,1912,2055,2024-01-17,3,443.04,Shipped
54289,3379,2158,2024-02-24,4,107.05,Completed
54290,2012,2156,2023-07-25,2,423.53,Cancelled
54291,2184,2023,2023-09-04,4,1930.6,Completed
54292,1018,2099,2023-06-09,2,209.44,Pending
54293,2437,2060,2023-07-04,5,233.0,Pending
54294,2625,2062,2023-07-15,1,63.58,Cancelled
54295,3469,2104,2024-04-25,3,495.83,Completed
54296,1679,2083,2023-09-24,4,171.16,Completed
54297,1088,2016,2023-10-22,4,652.13,Cancelled
54298,2639,2119,2024-04-02,3,1324.46,Pending
54299,3392,2133,2024-03-29,3,799.99,Cancelled
54300,1285,2120,2023-06-07,2,435.02,Completed
54301,1104,2014,2024-01-20,4,107.46,Completed
54302,2821,2125,2023-09-22,4,695.08,Completed
54303,3440,2051,2023-09-12,1,235.97,Completed
54304,1454,2019,2024-01-13,1,297.52,Pending
54305,1214,2010,2023-10-21,5,181.11,Completed
54306,2098,2074,2023-10-29,1,473.79,Completed
54307,2369,2152,2024-01-03,4,630.7,Completed
54308,1956,2171,2024-05-04,5,844.72,Cancelled
54309,2668,2180,2023-11-23,3,1414.68,Completed
54310,3325,2028,2024-02-01,1,413.81,Shipped
54311,1960,2093,2023-10-03,1,441.31,Completed
54312,2275,2159,2024-05-21,5,1511.07,Pending
54313,2656,2090,2023-09-18,4,1463.5,Shipped
54314,2957,2166,2024-01-20,2,148.58,Pending
54315,1887,2146,2023-11-03,4,1419.49,Completed
54316,2119,2130,2024-02-09,2,932.64,Completed
54317,3295,2090,2024-02-25,4,1729.86,Shipped
54318,1998,2160,2023-08-18,4,1351.82,Pending
54319,3267,2117,2024-05-05,1,148.87,Completed
54320,1989,2071,2024-03-22,2,,Pending
54321,3495,2100,2024-01-12,1,229.45,Completed
54322,2491,2144,2024-04-24,1,251.9,Completed
54323,2309,2119,2024-04-07,2,162.52,Shipped
54324,1498,2100,2023-08-09,3,109.91,Shipped
54325,3407,2143,2024-04-09,2,937.74,Completed
54326,2078,2101,2023-11-02,4,496.39,Cancelled
54327,3192,2178,2024-04-01,4,129.59,Completed
54328,2343,2093,2024-02-04,1,427.3,Completed
54329,3455,2184,2023-09-30,3,1017.51,Pending
54330,1406,2186,2024-03-03,4,855.31,Shipped
54331,3389,2039,2023-12-03,3,254.75,Shipped
54332,1225,2085,2023-06-13,5,2319.3,Pending
54333,1220,2002,2023-06-25,1,397.29,Completed
54334,1227,2022,2023-11-15,4,240.22,Completed
54335,3398,2118,2023-09-07,5,737.57,Completed
54336,3107,2021,2023-08-11,1,431.32,Completed
54337,1193,2173,2024-03-11,5,457.34,Completed
54338,3175,2078,2024-05-06,4,1681.2,Cancelled
54339,1210,2196,2024-05-14,5,2150.16,Pending
54340,1524,2051,2024-05-11,2,119.9,Completed
54341,2075,2136,2023-08-03,4,1384.91,Pending
54342,2004,2161,2023-12-29,3,1456.43,Shipped
54343,2717,2018,2024-04-06,2,170.12,Completed
54344,3173,2141,2023-08-09,2,69.94,Completed
54345,1335,2135,2023-12-21,3,248.23,Pending
54346,1259,2164,2024-04-18,2,837.05,Completed
54347,1777,2106,2023-10-13,1,352.88,Pending
54348,3489,2062,2024-01-03,5,574.53,Shipped
54349,3497,2152,2023-07-04,4,1710.47,Pending
54350,2122,2004,2023-10-03,2,264.06,Cancelled
54351,1278,2183,2024-03-19,2,675.66,Completed
54352,1574,2137,2023-08-16,4,1629.58,Completed
54353,1717,2098,2024-04-04,2,488.04,Completed
54354,3479,2160,2024-03-17,3,1280.06,Completed
54355,1764,2081,2023-09-03,5,1109.38,Completed
54356,2058,2078,2024-05-16,5,786.25,Completed
54357,2759,2197,2024-05-26,5,1158.14,Completed
54358,1476,2020,2023-11-06,2,259.75,Pending
54359,2055,2007,2024-04-05,5,183.24,Cancelled
54360,3047,2123,2023-07-14,3,,Completed
54361,3433,2173,2024-05-03,1,391.19,Pending
54362,1684,2200,2024-02-02,5,1262.41,Cancelled
54363,1214,2044,2023-11-30,5,357.68,Completed
54364,1065,2183,2023-10-15,4,1912.06,Pending
54365,1690,2030,2023-12-29,2,892.01,Pending
54366,2620,2186,2023-06-12,2,188.47,Completed
54367,3084,2077,2023-07-08,5,2016.22,Completed
54368,2309,2089,2024-05-02,5,1524.91,Pending
54369,2919,2198,2023-09-25,4,1943.33,Cancelled
54370,1802,2155,2023-12-01,4,1720.16,Completed
54371,2419,2018,2024-03-15,2,292.11,Pending
54372,2104,2175,2023-07-14,1,55.59,Shipped
54373,1888,2101,2024-01-20,1,128.75,Cancelled
54374,2744,2038,2023-11-29,4,1919.9,Pending
54375,2766,2027,2023-07-23,2,396.53,Cancelled
54376,2195,2187,2023-08-22,2,247.59,Completed
54377,3225,2011,2023-12-03,4,1916.86,Completed
54378,3082,2180,2023-08-14,5,2414.52,Shipped
54379,2036,2164,2024-03-13,2,535.71,Completed
54380,1702,2029,2023-06-21,4,1397.61,Cancelled
54381,3150,2052,2023-07-13,2,654.84,Completed
54382,2749,2091,2023-10-27,5,953.72,Completed
54383,1011,2121,2023-08-08,1,55.43,Pending
54384,1093,2141,2023-10-30,2,567.53,Completed
54385,1285,2112,2024-05-15,2,515.55,Shipped
54386,2761,2196,2023-09-16,4,719.87,Completed
54387,2341,2091,2023-11-17,1,350.1,Completed
54388,1076,2094,2023-07-12,1,268.8,Cancelled
54389,2244,2177,2024-03-02,3,1086.76,Completed
54390,2759,2045,2023-09-15,1,31.11,Pending
54391,1044,2116,2023-08-08,2,278.6,Completed
54392,1629,2191,2024-04-30,5,673.42,Shipped
54393,1780,2172,2023-10-18,2,883.3,Shipped
54394,2125,2051,2024-01-20,3,1224.8,Cancelled
54395,1470,2112,2024-03-20,2,856.95,Cancelled
54396,1124,2156,2023-07-28,4,1447.98,Completed
54397,1508,2109,2024-01-05,5,1040.58,Cancelled
54398,2931,2187,2024-05-12,3,88.18,Completed
54399,1006,2066,2023-12-09,3,1371.58,Completed
54400,1078,2100,2023-07-21,4,,Cancelled
54401,2902,2002,2023-06-16,5,807.56,Shipped
54402,2357,2142,2023-06-15,1,181.37,Shipped
54403,1390,2126,2023-12-26,3,278.35,Pending
54404,1697,2133,2023-06-02,5,432.79,Completed
54405,1488,2092,2023-06-04,3,1240.82,Shipped
54406,3498,2105,2024-04-11,5,2448.28,Pending
54407,1405,2188,2023-09-08,1,181.7,Completed
54408,2358,2096,2023-08-21,2,711.5,Completed
54409,3264,2013,2023-11-14,5,2113.95,Completed
54410,2868,2166,2024-01-14,3,409.89,Completed
54411,1235,2180,2024-05-31,3,783.15,Pending
54412,1715,2088,2024-05-12,2,616.02,Completed
54413,1437,2023,2023-07-30,3,1181.22,Completed
54414,2309,2130,2024-05-17,4,1686.17,Pending
54415,2825,2181,2024-03-05,5,1403.47,Pending
54416,1166,2057,2023-07-13,4,625.08,Cancelled
54417,1077,2061,2023-06-11,3,1369.58,Completed
54418,3186,2130,2023-06-04,5,1243.36,Cancelled
54419,2769,2018,2023-11-06,2,219.19,Completed
54420,2508,2180,2023-11-16,3,1016.57,Completed
54421,3443,2047,2023-06-24,3,1124.44,Completed
54422,3309,2105,2024-01-13,3,709.01,Cancelled
54423,3488,2023,2023-07-25,2,795.99,Cancelled
54424,3246,2058,2023-06-10,3,1156.0,Pending
54425,2687,2037,2024-01-13,3,538.32,Shipped
54426,1427,2023,2023-12-17,1,286.01,Completed
54427,3174,2147,2024-01-24,1,404.05,Completed
54428,2428,2169,2023-08-25,2,160.47,Completed
54429,1826,2098,2024-05-29,5,1538.39,Pending
54430,1249,2002,2024-02-19,2,308.68,Pending
54431,1289,2034,2024-05-09,5,1634.6,Cancelled
54432,3404,2159,2023-09-25,1,351.26,Pending
54433,2151,2100,2023-07-25,1,380.16,Shipped
54434,3344,2155,2024-04-23,4,1196.9,Cancelled
54435,1519,2120,2023-07-24,3,1066.7,Completed
54436,1903,2055,2024-02-22,4,1521.52,Cancelled
54437,2445,2038,2024-02-18,3,1120.78,Cancelled
54438,3098,2102,2024-02-18,1,284.4,Completed
54439,1962,2148,2024-01-26,4,1423.69,Completed
54440,3329,2003,2024-04-26,1,,Pending
54441,3406,2073,2024-04-11,5,2453.02,Shipped
54442,2218,2071,2023-11-08,4,1399.58,Shipped
54443,2035,2080,2023-10-20,1,428.75,Completed
54444,2851,2104,2024-03-24,2,756.63,Completed
54445,2580,2164,2023-11-23,3,1007.22,Completed
54446,2852,2091,2024-03-17,1,352.45,Completed
54447,2062,2064,2023-11-22,5,1674.12,Cancelled
54448,1858,2157,2024-02-20,3,1435.6,Shipped
54449,3326,2190,2023-06-28,4,1643.51,Shipped
54450,3345,2110,2023-12-04,5,2155.8,Pending
54451,3079,2194,2023-09-23,4,726.74,Shipped
54452,3262,2019,2023-12-11,4,1099.87,Completed
54453,2256,2174,2023-06-20,4,1697.92,Shipped
54454,1863,2015,2024-01-13,1,408.03,Pending
54455,2908,2100,2023-07-19,2,350.49,Completed
54456,1011,2126,2024-02-16,5,642.54,Cancelled
54457,1642,2039,2023-09-06,2,729.72,Cancelled
54458,2318,2073,2023-06-07,2,908.98,Pending
54459,3383,2151,2024-04-05,3,260.1,Cancelled
54460,2365,2175,2023-06-23,2,263.0,Completed
54461,2609,2081,2023-09-09,2,485.67,Completed
54462,2356,2031,2023-10-24,5,1194.91,Completed
54463,3434,2177,2023-06-28,2,182.67,Completed
54464,2007,2069,2024-02-02,4,242.19,Pending
54465,2351,2009,2024-03-26,2,724.84,Completed
54466,2508,2089,2024-05-21,4,1974.72,Completed
54467,1610,2010,2023-06-21,4,315.74,Completed
54468,1302,2050,2024-01-01,3,453.29,Completed
54469,3309,2071,2024-01-27,4,311.2,Completed
54470,1442,2142,2024-03-15,2,930.81,Cancelled
54471,1382,2163,2023-08-15,4,1386.3,Completed
54472,2715,2084,2023-06-16,4,1496.39,Completed
54473,1631,2044,2023-08-16,5,1666.63,Shipped
54474,1109,2094,2023-12-15,3,478.68,Cancelled
54475,2445,2064,2024-05-09,1,469.98,Completed
54476,2515,2083,2023-11-22,5,915.8,Completed
54477,2671,2055,2024-05-27,3,685.9,Pending
54478,3042,2125,2024-03-02,5,2029.77,Completed
54479,1887,2060,2024-04-26,2,513.75,Completed
54480,3362,2186,2024-04-03,1,,Pending
54481,1145,2008,2024-02-22,2,709.57,Completed
54482,2640,2145,2023-12-11,2,950.64,Pending
54483,3306,2005,2023-09-03,2,192.18,Cancelled
54484,2820,2096,2023-11-20,1,215.2,Pending
54485,3481,2010,2024-01-08,4,145.14,Shipped
54486,1275,2088,2024-05-13,1,107.01,Completed
54487,1849,2150,2023-09-15,3,515.81,Completed
54488,2873,2112,2024-04-02,4,1798.69,Completed
54489,2567,2047,2023-07-08,5,1666.5,Shipped
54490,1974,2194,2024-05-17,2,608.76,Shipped
54491,1298,2190,2024-04-01,2,599.09,Pending
54492,3497,2038,2023-07-28,1,428.8,Completed
54493,1102,2123,2023-07-14,2,214.67,Pending
54494,1173,2015,2024-03-13,2,890.24,Cancelled
54495,1956,2168,2024-01-24,4,1522.34,Completed
54496,2860,2200,2023-06-28,3,482.65,Cancelled
54497,2328,2126,2024-03-04,5,2236.7,Completed
54498,3243,2038,2023-07-02,4,467.68,Completed
54499,3124,2178,2023-06-14,1,490.9,Completed
54500,2727,2148,2024-03-10,1,453.23,Completed
54501,2704,2181,2024-01-01,3,792.16,Completed
54502,1563,2190,2023-10-17,4,875.87,Cancelled
54503,2708,2178,2023-06-10,4,1783.62,Completed
54504,2803,2040,2024-05-21,3,1381.46,Completed
54505,1725,2093,2024-01-23,2,480.4,Pending
54506,2027,2121,2024-02-09,5,2277.08,Completed
54507,1058,2114,2023-06-02,5,772.39,Completed
54508,2961,2120,2024-01-21,1,497.15,Completed
54509,1583,2158,2024-02-19,5,1565.83,Completed
54510,3236,2079,2023-08-19,4,1092.66,Cancelled
54511,1559,2132,2023-08-15,4,1405.33,Completed
54512,2547,2066,2023-08-01,4,151.01,Completed
54513,1803,2127,2023-07-09,5,2361.08,Completed
54514,2371,2100,2023-12-21,5,1348.86,Completed
54515,1305,2177,2024-04-24,4,818.2,Pending
54516,3365,2095,2024-04-21,1,93.56,Cancelled
54517,3146,2049,2023-08-03,2,772.92,Completed
54518,1547,2143,2024-05-16,3,414.47,Completed
54519,2107,2022,2023-12-22,1,65.25,Cancelled
54520,1351,2158,2024-03-11,3,,Cancelled
54521,2803,2001,2024-05-25,1,248.86,Shipped
54522,3108,2200,2024-05-16,4,1023.21,Completed
54523,2504,2044,2023-06-21,4,987.94,Completed
54524,1225,2121,2023-10-25,1,160.37,Completed
54525,2740,2141,2024-03-23,3,1118.11,Cancelled
54526,2554,2116,2024-05-24,2,665.71,Completed
54527,2689,2022,2024-05-08,1,180.57,Completed
54528,1376,2009,2024-03-19,1,49.34,Pending
54529,1209,2028,2024-02-10,5,1875.16,Completed
54530,1724,2004,2023-12-08,1,95.58,Shipped
54531,2184,2145,2024-01-29,2,701.77,Shipped
54532,1941,2181,2024-05-15,5,542.11,Completed
54533,1049,2173,2023-08-28,5,2265.4,Pending
54534,2493,2160,2024-04-04,4,611.16,Pending
54535,2368,2164,2023-09-26,5,1127.87,Cancelled
54536,2849,2192,2023-11-06,3,1259.77,Completed
54537,2420,2039,2023-12-14,5,1938.44,Completed
54538,1679,2015,2023-10-23,1,217.12,Completed
54539,2431,2200,2023-09-17,4,654.27,Shipped
54540,2501,2024,2023-09-05,2,485.66,Cancelled
54541,1942,2114,2024-01-03,4,1508.96,Shipped
54542,3491,2115,2023-12-12,5,398.63,Shipped
54543,2544,2197,2023-06-03,5,885.55,Pending
54544,1363,2118,2023-11-02,5,1686.09,Completed
54545,3134,2077,2024-04-11,4,1080.8,Completed
54546,2127,2070,2024-03-28,5,207.79,Completed
54547,1867,2087,2024-02-13,4,424.74,Shipped
54548,1185,2173,2023-11-30,4,585.43,Completed
54549,1110,2145,2024-04-12,5,1449.87,Completed
54550,1749,2067,2023-12-09,2,351.47,Pending
54551,3422,2028,2023-07-20,1,68.0,Completed
54552,3123,2096,2024-05-20,1,482.03,Completed
54553,2681,2174,2024-01-04,5,1573.01,Shipped
54554,2317,2153,2023-09-22,2,122.56,Completed
54555,3363,2106,2023-07-31,5,1706.77,Completed
54556,2860,2186,2024-05-21,2,668.29,Shipped
54557,3179,2003,2023-06-21,2,190.41,Pending
54558,2085,2040,2023-11-25,5,2423.54,Pending
54559,1550,2003,2023-11-19,3,497.52,Completed
54560,3353,2133,2024-02-03,5,,Shipped
54561,3498,2037,2023-07-03,3,745.43,Shipped
54562,2047,2156,2024-03-03,3,711.77,Pending
54563,1021,2076,2023-08-29,5,713.78,Pending
54564,1425,2124,2024-03-07,3,1047.12,Completed
54565,1331,2068,2024-01-07,1,242.56,Pending
54566,2377,2138,2023-06-25,3,565.4,Completed
54567,1742,2109,2024-01-15,4,1277.38,Cancelled
54568,3124,2167,2024-04-12,4,1220.39,Cancelled
54569,3150,2119,2024-01-27,3,492.8,Completed
54570,3101,2067,2024-01-18,3,1452.23,Completed
54571,2138,2002,2023-07-30,5,2324.74,Completed
54572,3381,2178,2023-09-18,4,1989.97,Completed
54573,2345,2155,2024-01-09,2,710.61,Completed
54574,1263,2179,2024-03-24,2,288.61,Completed
54575,3114,2155,2023-06-14,1,97.77,Completed
54576,3163,2074,2023-10-29,4,1247.68,Pending
54577,2432,2105,2023-07-31,1,491.06,Pending
54578,3271,2103,2023-08-09,2,716.17,Completed
54579,1255,2120,2023-06-15,4,737.05,Completed
54580,3124,2008,2023-11-09,2,147.03,Completed
54581,1538,2181,2023-08-06,4,1307.76,Completed
54582,1989,2064,2023-06-28,2,845.15,Shipped
54583,1722,2167,2024-02-07,1,280.03,Shipped
54584,1664,2073,2023-10-31,4,1757.19,Completed
54585,2714,2049,2023-07-03,1,86.78,Completed
54586,1859,2140,2024-05-23,1,258.48,Completed
54587,3284,2125,2024-03-03,1,455.43,Pending
54588,1318,2082,2024-05-22,3,569.07,Cancelled
54589,2358,2132,2023-12-23,4,540.13,Pending
54590,2336,2182,2023-10-30,1,273.37,Completed
54591,1677,2161,2024-03-09,5,543.05,Completed
54592,1312,2044,2024-05-05,5,1799.12,Pending
54593,2773,2150,2023-06-22,3,1263.71,Cancelled
54594,2117,2100,2024-03-28,5,1374.18,Completed
54595,1720,2138,2024-02-12,2,993.86,Cancelled
54596,2174,2115,2023-06-19,3,294.61,Completed
54597,1325,2172,2023-09-21,2,823.77,Cancelled
54598,3276,2118,2023-07-17,2,249.13,Completed
54599,1069,2054,2024-01-08,4,1093.61,Completed
54600,1520,2114,2024-02-02,5,,Pending
54601,3219,2180,2024-05-05,3,340.27,Completed
54602,3168,2119,2023-12-11,1,368.13,Completed
54603,1026,2130,2024-02-03,4,1165.97,Completed
54604,2793,2021,2023-06-04,4,445.79,Cancelled
54605,1933,2057,2023-10-15,3,1233.9,Shipped
54606,2509,2123,2023-10-03,3,1344.26,Completed
54607,1791,2167,2023-08-06,4,1049.44,Shipped
54608,1150,2015,2023-10-09,3,378.48,Cancelled
54609,2461,2181,2024-03-26,4,514.82,Completed
54610,2894,2057,2024-04-21,2,211.7,Completed
54611,2836,2006,2023-11-07,2,799.23,Completed
54612,1625,2085,2023-11-23,3,488.75,Pending
54613,3135,2155,2024-05-24,2,982.05,Pending
54614,2877,2167,2023-06-20,3,223.57,Pending
54615,2953,2143,2024-03-02,1,195.85,Cancelled
54616,2726,2164,2023-10-25,4,1751.95,Pending
54617,1954,2136,2023-12-18,3,616.66,Completed
54618,2217,2072,2024-02-19,3,1138.23,Pending
54619,3046,2192,2023-09-25,2,228.04,Completed
54620,1289,2177,2023-08-23,3,850.72,Completed
54621,2443,2137,2024-01-25,4,155.11,Shipped
54622,2734,2042,2023-10-01,5,746.7,Completed
54623,3387,2152,2024-05-12,3,1441.41,Pending
54624,2125,2009,2024-02-05,4,145.66,Cancelled
54625,3436,2083,2023-09-14,1,65.44,Shipped
54626,1194,2058,2023-10-04,5,1340.17,Shipped
54627,1481,2062,2024-02-14,4,273.12,Pending
54628,1589,2140,2023-09-23,2,388.06,Cancelled
54629,1219,2083,2024-03-07,1,43.14,Shipped
54630,1070,2030,2023-12-05,2,246.37,Completed
54631,1810,2084,2023-12-24,4,140.23,Shipped
54632,2843,2126,2023-08-24,5,1946.5,Completed
54633,2306,2098,2023-12-05,5,1149.8,Cancelled
54634,2508,2119,2024-05-22,5,1710.99,Completed
54635,2448,2127,2023-11-22,5,940.24,Cancelled
54636,2520,2095,2023-06-14,3,537.0,Shipped
54637,1984,2177,2024-04-18,4,354.61,Shipped
54638,1340,2114,2023-07-29,3,807.37,Completed
54639,1305,2144,2023-09-23,5,944.31,Completed
54640,2282,2034,2024-05-05,3,,Completed
54641,2857,2172,2024-02-27,5,514.56,Completed
54642,2616,2167,2023-11-08,1,439.99,Cancelled
54643,1758,2024,2023-11-01,3,775.28,Shipped
54644,2212,2082,2023-08-16,1,406.82,Completed
54645,1556,2122,2024-04-18,4,1553.57,Completed
54646,2898,2052,2023-06-14,5,1860.3,Cancelled
54647,1580,2077,2023-06-30,2,831.41,Completed
54648,1992,2045,2023-07-17,2,750.94,Completed
54649,2171,2003,2024-05-25,2,603.61,Pending
54650,1957,2075,2024-04-25,1,298.54,Completed
54651,1722,2184,2023-07-16,5,2265.3,Completed
54652,1675,2091,2024-01-31,5,877.84,Cancelled
54653,1251,2182,2023-06-14,3,1393.23,Pending
54654,3490,2065,2023-07-16,2,810.45,Shipped
54655,1970,2040,2023-11-14,3,654.46,Completed
54656,3268,2153,2023-07-15,1,121.87,Completed
54657,1956,2068,2024-02-13,3,749.01,Completed
54658,1878,2154,2024-05-17,5,1151.96,Completed
54659,2892,2110,2024-03-06,4,265.65,Pending
54660,1980,2075,2023-08-05,1,389.8,Completed
54661,1107,2198,2023-08-24,5,329.99,Shipped
54662,1835,2129,2023-07-13,2,87.46,Completed
54663,3426,2079,2024-03-13,1,102.31,Cancelled
54664,3468,2013,2024-03-11,5,1656.22,Shipped
54665,1288,2149,2023-12-12,4,673.84,Completed
54666,1647,2049,2023-07-30,5,380.77,Cancelled
54667,3418,2010,2024-02-18,2,116.6,Completed
54668,1788,2083,2023-12-18,5,1851.77,Shipped
54669,1848,2025,2024-01-13,2,271.83,Pending
54670,2634,2126,2023-06-28,3,1462.66,Shipped
54671,1284,2124,2023-07-14,1,432.67,Completed
54672,3245,2145,2023-07-18,5,398.48,Cancelled
54673,2963,2075,2023-06-19,3,1233.73,Completed
54674,1459,2062,2023-09-14,2,71.78,Completed
54675,2116,2068,2024-03-30,3,687.55,Pending
54676,1314,2066,2024-02-21,4,1562.9,Completed
54677,1238,2184,2024-02-09,4,758.83,Shipped
54678,1629,2092,2024-05-28,4,388.85,Completed
54679,2546,2194,2023-09-15,1,212.33,Completed
54680,3038,2165,2024-02-13,1,,Shipped
54681,1225,2081,2024-05-19,4,1955.45,Completed
54682,1770,2195,2024-03-20,5,1025.4,Completed
54683,1248,2109,2023-12-22,4,143.15,Completed
54684,3433,2156,2023-10-22,4,1836.6,Pending
54685,2627,2176,2024-04-05,2,868.23,Completed
54686,2016,2056,2024-05-19,4,212.6,Pending
54687,1443,2191,2024-05-14,3,820.15,Completed
54688,1109,2149,2024-02-09,1,155.32,Completed
54689,3292,2108,2023-09-10,2,223.48,Completed
54690,1883,2008,2023-12-25,3,1342.61,Pending
54691,2201,2074,2024-05-22,5,1772.04,Cancelled
54692,1790,2160,2024-04-29,2,281.24,Completed
54693,3457,2188,2023-06-03,5,1295.61,Completed
54694,3149,2084,2024-03-04,2,701.6,Cancelled
54695,2384,2191,2023-10-19,3,525.82,Completed
54696,1867,2159,2023-07-29,5,2392.69,Completed
54697,1880,2080,2024-02-21,2,789.37,Completed
54698,2755,2127,2024-03-04,5,2283.58,Cancelled
54699,3004,2051,2023-12-20,5,2122.82,Completed
54700,1596,2062,2024-02-28,1,40.46,Shipped
54701,1965,2106,2023-10-09,4,791.78,Completed
54702,2693,2108,2023-10-19,5,1147.98,Pending
54703,2089,2026,2023-12-19,2,516.54,Completed
54704,1534,2010,2023-12-22,2,150.37,Completed
54705,2414,2044,2024-03-21,4,1013.49,Completed
54706,1500,2067,2023-12-01,5,842.04,Cancelled
54707,1424,2029,2023-10-16,3,1213.94,Completed
54708,2800,2046,2024-03-05,1,360.7,Shipped
54709,1878,2180,2023-12-12,1,59.53,Cancelled
54710,2562,2031,2023-07-23,3,626.06,Completed
54711,1813,2097,2023-07-09,1,270.29,Completed
54712,2638,2192,2023-06-12,3,561.92,Shipped
54713,2105,2098,2023-11-27,3,325.02,Pending
54714,3052,2064,2023-12-12,5,1913.52,Completed
54715,3048,2116,2023-07-16,3,1224.91,Completed
54716,2189,2174,2023-10-18,3,475.15,Completed
54717,3321,2091,2024-05-11,4,1597.07,Completed
54718,1037,2060,2023-06-04,1,69.04,Pending
54719,1564,2039,2024-02-10,2,958.64,Cancelled
54720,2542,2151,2024-01-28,3,,Shipped
54721,1406,2167,2024-01-14,2,421.05,Cancelled
54722,1950,2137,2023-12-06,1,472.59,Completed
54723,2848,2006,2024-03-26,2,295.71,Shipped
54724,3477,2147,2023-07-14,4,1397.64,Completed
54725,1136,2140,2023-07-29,1,114.76,Shipped
54726,2064,2193,2023-06-10,2,311.34,Cancelled
54727,2032,2144,2023-10-18,2,878.02,Pending
54728,2899,2009,2023-06-08,4,428.17,Pending
54729,3337,2085,2024-05-30,5,921.54,Shipped
54730,1509,2079,2023-09-01,5,2392.31,Completed
54731,2168,2157,2023-12-16,4,1194.55,Completed
54732,1567,2022,2024-05-22,4,1700.88,Shipped
54733,2449,2112,2023-08-06,4,751.31,Cancelled
54734,1032,2004,2023-07-28,4,1937.0,Shipped
54735,1274,2166,2024-01-15,2,307.36,Pending
54736,3376,2170,2023-10-24,3,908.73,Completed
54737,2283,2173,2023-07-31,4,1452.04,Cancelled
54738,1934,2042,2024-01-03,3,1370.96,Cancelled
54739,3483,2125,2023-07-17,1,50.18,Pending
54740,1053,2120,2024-03-11,1,84.59,Shipped
54741,2163,2163,2024-05-01,3,714.07,Completed
54742,1981,2011,2023-10-17,5,841.62,Completed
54743,1369,2179,2023-10-26,2,644.24,Shipped
54744,2005,2081,2024-05-31,3,1177.76,Cancelled
54745,1828,2164,2023-09-18,4,421.07,Cancelled
54746,2933,2183,2023-12-01,4,1351.03,Cancelled
54747,3273,2032,2024-05-03,2,95.86,Completed
54748,2699,2084,2023-12-11,3,983.03,Shipped
54749,2935,2025,2023-07-13,3,812.65,Completed
54750,1266,2135,2024-01-26,1,345.69,Cancelled
54751,3436,2072,2023-07-08,1,256.63,Cancelled
54752,1495,2030,2023-12-31,1,61.13,Pending
54753,2056,2066,2023-12-13,1,484.72,Cancelled
54754,3068,2062,2023-07-01,5,1211.51,Completed
54755,1707,2188,2023-11-02,4,504.48,Shipped
54756,3115,2140,2024-04-29,3,1457.35,Completed
54757,1988,2128,2024-05-08,4,1943.93,Cancelled
54758,3030,2118,2023-06-03,1,247.66,Cancelled
54759,1496,2162,2023-08-15,3,420.21,Completed
54760,1389,2041,2023-07-15,5,,Cancelled
54761,1670,2194,2023-08-24,4,1017.83,Cancelled
54762,1248,2158,2023-12-27,4,882.68,Completed
54763,1608,2139,2024-01-07,3,1372.55,Completed
54764,3250,2056,2024-03-19,3,729.61,Pending
54765,2260,2104,2024-05-08,5,442.29,Completed
54766,1005,2004,2023-09-05,4,118.29,Shipped
54767,3432,2006,2024-01-15,1,410.1,Pending
54768,3131,2199,2023-07-02,5,1624.84,Shipped
54769,2708,2183,2024-05-26,4,1527.77,Cancelled
54770,1921,2043,2023-06-19,4,1621.04,Shipped
54771,1144,2147,2024-02-19,2,309.31,Completed
54772,3433,2040,2024-05-10,4,1034.25,Completed
54773,3216,2113,2023-12-27,2,634.91,Completed
54774,1243,2122,2023-10-25,3,1232.21,Pending
54775,2298,2114,2023-08-08,4,994.69,Completed
54776,2132,2023,2024-04-02,5,505.38,Completed
54777,2830,2151,2023-10-17,4,1005.6,Completed
54778,1015,2011,2023-09-08,3,550.73,Completed
54779,1611,2016,2023-09-04,4,1952.44,Pending
54780,1925,2015,2023-09-19,2,852.9,Pending
54781,2048,2089,2023-08-27,3,1432.24,Completed
54782,1990,2003,2024-04-09,1,499.57,Pending
54783,2057,2199,2023-06-21,4,531.49,Completed
54784,2773,2132,2023-11-23,2,664.93,Completed
54785,2905,2103,2024-02-01,3,249.09,Completed
54786,3286,2052,2024-02-02,5,1534.69,Completed
54787,1254,2185,2023-12-01,2,429.47,Pending
54788,3460,2054,2023-09-08,2,517.94,Completed
54789,1890,2067,2023-08-06,2,556.15,Completed
54790,2640,2041,2024-02-22,2,492.09,Completed
54791,3037,2173,2023-08-30,2,370.17,Cancelled
54792,1852,2027,2023-06-19,2,819.42,Shipped
54793,2932,2197,2024-05-23,1,28.28,Shipped
54794,3393,2080,2023-08-12,2,288.43,Completed
54795,1838,2191,2024-01-15,1,151.87,Completed
54796,1956,2195,2023-09-09,1,325.32,Cancelled
54797,3108,2054,2024-02-29,3,598.17,Shipped
54798,1338,2033,2023-12-02,4,1792.62,Shipped
54799,1052,2069,2024-01-24,2,467.89,Cancelled
54800,3146,2182,2024-04-24,3,,Shipped
54801,1466,2123,2024-01-02,5,1689.47,Cancelled
54802,1068,2168,2024-04-17,4,662.01,Shipped
54803,2461,2079,2023-11-02,2,141.07,Pending
54804,3210,2057,2024-01-24,5,1713.2,Pending
54805,2186,2008,2023-11-13,2,727.62,Shipped
54806,2845,2051,2024-04-27,5,1143.11,Cancelled
54807,2486,2158,2023-09-13,3,1109.3,Completed
54808,3156,2143,2023-09-18,5,215.29,Cancelled
54809,2872,2158,2024-04-06,4,1836.04,Shipped
54810,3122,2056,2024-05-12,2,126.29,Completed
54811,1094,2061,2023-08-24,1,307.08,Completed
54812,3383,2173,2024-01-02,3,1211.96,Completed
54813,1123,2033,2023-11-17,1,213.16,Pending
54814,3147,2104,2024-04-22,1,216.55,Pending
54815,1915,2077,2024-02-09,4,994.96,Completed
54816,3328,2148,2024-05-13,5,1142.84,Completed
54817,3292,2150,2023-12-01,5,336.44,Shipped
54818,1004,2060,2024-02-26,3,338.91,Completed
54819,2924,2098,2023-08-26,2,148.01,Completed
54820,3319,2195,2023-12-23,2,912.17,Pending
54821,2209,2053,2024-03-20,4,532.92,Cancelled
54822,2054,2158,2023-11-20,5,811.45,Completed
54823,3279,2145,2023-11-26,3,1197.72,Completed
54824,2699,2093,2024-01-09,3,357.7,Pending
54825,1239,2132,2024-02-07,2,79.75,Completed
54826,1373,2005,2024-05-05,2,749.49,Pending
54827,1836,2098,2024-05-09,4,520.75,Shipped
54828,1688,2090,2023-12-17,4,489.29,Shipped
54829,1762,2044,2023-09-13,3,1383.33,Pending
54830,2098,2145,2023-09-18,5,2451.76,Pending
54831,2604,2002,2023-07-20,5,419.13,Cancelled
54832,1043,2078,2024-03-07,5,1148.13,Shipped
54833,1094,2192,2024-01-13,2,977.35,Shipped
54834,1632,2106,2023-11-06,3,1391.66,Pending
54835,3285,2147,2024-04-17,2,681.25,Cancelled
54836,2464,2158,2023-12-03,3,205.2,Pending
54837,1239,2158,2024-05-09,1,309.75,Pending
54838,1397,2107,2023-10-28,3,984.86,Cancelled
54839,1441,2004,2023-10-25,3,1145.5,Completed
54840,2114,2108,2024-01-09,5,,Completed
54841,3023,2055,2024-05-18,2,562.58,Cancelled
54842,1234,2191,2024-05-30,3,261.34,Cancelled
54843,1123,2169,2023-11-17,4,929.81,Completed
54844,3266,2049,2024-01-13,5,2022.26,Completed
54845,2841,2114,2023-07-17,5,1380.58,Cancelled
54846,3059,2061,2024-01-14,3,424.85,Completed
54847,2454,2012,2024-04-06,4,1065.41,Cancelled
54848,1878,2129,2023-06-21,4,399.71,Completed
54849,1237,2039,2023-10-01,1,267.96,Cancelled
54850,3424,2173,2023-12-17,3,635.43,Cancelled
54851,1678,2068,2023-09-22,3,1178.7,Completed
54852,2468,2065,2024-02-26,4,1230.24,Completed
54853,1460,2048,2023-07-23,3,629.15,Completed
54854,3067,2116,2023-07-03,1,272.53,Completed
54855,1859,2085,2023-11-06,4,1281.61,Pending
54856,2750,2001,2023-11-01,5,2030.65,Completed
54857,2954,2104,2023-10-11,4,624.79,Pending
54858,3388,2032,2024-05-02,1,227.36,Completed
54859,1727,2030,2023-11-21,1,492.88,Completed
54860,3354,2175,2023-12-25,3,1470.12,Cancelled
54861,2675,2182,2024-02-13,1,328.27,Shipped
54862,1182,2011,2023-11-02,1,174.08,Cancelled
54863,1908,2056,2023-09-19,3,261.71,Cancelled
54864,2704,2183,2024-05-04,4,102.41,Completed
54865,3112,2081,2023-11-09,1,389.05,Completed
54866,1686,2151,2023-11-21,4,466.74,Cancelled
54867,1048,2028,2023-06-16,1,112.57,Completed
54868,2450,2120,2023-07-19,5,345.03,Completed
54869,3290,2015,2023-12-15,1,308.93,Cancelled
54870,3328,2198,2024-03-23,1,115.1,Pending
54871,2531,2010,2023-11-30,3,247.16,Completed
54872,3430,2057,2024-03-22,4,1111.28,Completed
54873,3055,2111,2024-05-04,4,245.93,Completed
54874,3197,2003,2024-04-24,3,944.71,Completed
54875,3448,2053,2024-05-28,2,763.65,Cancelled
54876,2498,2005,2024-02-07,1,310.08,Completed
54877,1630,2152,2023-09-21,2,822.14,Completed
54878,1798,2072,2024-03-22,3,307.55,Completed
54879,1173,2145,2023-10-14,1,341.22,Completed
54880,2958,2174,2023-07-08,4,,Cancelled
54881,3277,2090,2023-12-15,2,730.53,Completed
54882,3216,2002,2023-12-16,4,301.81,Shipped
54883,1743,2107,2023-08-07,1,333.59,Completed
54884,2591,2152,2023-12-07,1,228.93,Pending
54885,1383,2044,2023-07-27,1,288.32,Completed
54886,1260,2139,2023-07-12,1,341.93,Completed
54887,1943,2174,2024-04-10,5,2324.64,Completed
54888,1243,2047,2023-11-14,3,906.8,Shipped
54889,3081,2197,2024-02-09,5,1836.53,Completed
54890,1244,2110,2023-08-17,2,159.27,Completed
54891,2397,2154,2024-01-07,5,1688.0,Cancelled
54892,3480,2027,2023-06-11,5,1796.75,Shipped
54893,1442,2147,2023-12-25,5,239.96,Completed
54894,2472,2008,2023-11-24,2,134.6,Completed
54895,1201,2056,2024-01-03,1,271.46,Pending
54896,2123,2199,2023-07-23,5,1950.61,Completed
54897,2045,2192,2023-12-26,1,441.31,Shipped
54898,1309,2178,2024-04-08,4,1823.37,Completed
54899,1157,2199,2024-03-09,2,309.52,Cancelled
54900,2334,2068,2023-10-22,5,2203.79,Completed
54901,2655,2003,2024-03-29,3,1255.8,Cancelled
54902,1143,2106,2023-08-07,4,598.32,Pending
54903,2771,2153,2024-03-12,2,700.04,Shipped
54904,3238,2090,2024-03-19,1,256.38,Completed
54905,3492,2071,2023-07-11,3,278.88,Cancelled
54906,1066,2075,2024-04-13,3,722.38,Shipped
54907,2815,2111,2023-08-31,3,1283.36,Shipped
54908,3186,2074,2024-01-19,4,1530.22,Cancelled
54909,1351,2154,2023-11-24,2,92.65,Pending
54910,2171,2127,2023-08-11,5,2453.47,Pending
54911,1506,2121,2023-10-29,4,1791.26,Completed
54912,3386,2004,2023-08-08,4,346.01,Pending
54913,2590,2022,2023-08-01,4,835.2,Shipped
54914,3213,2103,2024-01-09,1,389.8,Completed
54915,3445,2134,2023-08-05,3,1226.28,Pending
54916,3247,2153,2024-04-19,4,1017.92,Completed
54917,1512,2102,2023-12-07,4,399.06,Pending
54918,3012,2176,2023-10-30,1,100.12,Completed
54919,3037,2034,2023-09-14,1,365.48,Completed
54920,2321,2038,2023-10-19,2,,Completed
54921,1621,2088,2023-12-17,1,25.33,Completed
54922,3141,2159,2023-11-06,5,1052.39,Completed
54923,2854,2047,2023-07-26,3,1437.0,Completed
54924,2391,2198,2023-08-16,1,322.32,Shipped
54925,1933,2085,2023-09-10,1,114.5,Completed
54926,3110,2070,2023-12-08,4,131.65,Cancelled
54927,1942,2074,2024-05-05,2,280.09,Completed
54928,1507,2002,2024-04-05,1,444.52,Cancelled
54929,2110,2067,2023-09-24,1,401.59,Completed
54930,1308,2072,2023-06-16,5,2324.82,Pending
54931,3098,2057,2023-10-14,2,696.87,Shipped
54932,2908,2124,2024-03-29,5,483.93,Completed
54933,1185,2194,2023-08-16,1,465.79,Pending
54934,3175,2038,2023-09-25,1,128.08,Cancelled
54935,3318,2175,2024-02-20,1,263.57,Shipped
54936,1064,2011,2024-05-14,5,1034.31,Completed
54937,1667,2105,2023-11-24,4,1086.7,Cancelled
54938,2783,2056,2024-05-13,3,590.31,Pending
54939,2850,2073,2023-11-25,2,446.16,Shipped
54940,2231,2129,2024-02-23,5,466.3,Shipped
54941,3024,2161,2023-08-16,3,517.91,Shipped
54942,1761,2033,2024-04-23,3,363.7,Completed
54943,1277,2120,2024-02-25,5,1923.41,Cancelled
54944,1104,2085,2023-06-24,2,289.18,Completed
54945,1944,2142,2024-02-25,2,535.25,Pending
54946,1651,2002,2023-10-13,4,853.75,Pending
54947,2556,2097,2024-05-28,1,277.83,Cancelled
54948,3237,2127,2023-11-01,3,1082.15,Cancelled
54949,2830,2021,2024-05-06,2,102.83,Pending
54950,2284,2054,2023-07-07,2,730.94,Pending
54951,3276,2093,2024-04-05,2,147.59,Shipped
54952,1559,2102,2023-08-05,1,336.92,Completed
54953,2970,2076,2024-05-30,1,147.04,Completed
54954,1901,2001,2024-04-21,1,32.23,Pending
54955,1335,2072,2023-10-25,3,277.83,Cancelled
54956,2565,2079,2023-11-28,4,692.59,Completed
54957,1875,2018,2024-03-31,5,2144.23,Completed
54958,1502,2175,2023-12-03,2,265.73,Completed
54959,2134,2149,2024-01-17,2,641.11,Cancelled
54960,2915,2008,2023-07-18,1,,Shipped
54961,1844,2163,2023-11-02,2,329.77,Cancelled
54962,3457,2128,2023-12-04,5,1789.91,Cancelled
54963,2694,2161,2023-07-06,5,1368.3,Completed
54964,2951,2132,2023-12-24,1,475.31,Completed
54965,1474,2094,2024-03-20,5,489.44,Cancelled
54966,2046,2056,2024-01-20,4,1957.5,Completed
54967,3110,2033,2024-02-07,3,906.3,Completed
54968,1863,2055,2023-07-31,2,209.01,Completed
54969,3467,2083,2023-10-14,5,222.27,Pending
54970,1057,2075,2024-01-17,2,701.47,Completed
54971,3152,2056,2023-12-20,5,1225.39,Pending
54972,2932,2186,2024-02-10,3,84.09,Completed
54973,1906,2104,2023-12-15,4,1733.29,Completed
54974,2648,2004,2023-06-02,4,817.49,Shipped
54975,1571,2042,2024-03-08,2,164.14,Completed
54976,3207,2033,2023-08-01,5,2093.86,Completed
54977,3063,2107,2024-03-02,2,506.72,Completed
54978,2804,2035,2024-01-05,3,1084.35,Completed
54979,3453,2053,2023-09-10,1,455.5,Shipped
54980,2476,2165,2024-03-27,4,1182.85,Shipped
54981,1151,2103,2023-12-23,4,161.68,Completed
54982,3225,2091,2023-09-27,1,111.31,Completed
54983,2084,2053,2023-11-22,5,2052.01,Completed
54984,3369,2144,2023-07-17,1,484.13,Shipped
54985,2267,2111,2023-11-27,1,98.16,Completed
54986,1743,2031,2023-06-15,4,1523.79,Pending
54987,3283,2175,2023-07-16,4,1538.57,Completed
54988,2258,2144,2024-05-29,2,799.82,Completed
54989,3167,2025,2023-07-13,4,1480.56,Cancelled
54990,2433,2093,2024-03-09,3,891.12,Completed
54991,1684,2019,2024-04-14,2,524.66,Completed
54992,1428,2054,2023-12-27,2,914.11,Pending
54993,2379,2148,2024-02-10,2,514.42,Pending
54994,2752,2134,2024-02-08,4,1027.42,Cancelled
54995,1859,2093,2024-03-13,4,236.61,Completed
54996,1366,2125,2023-10-10,5,298.31,Completed
54997,1902,2199,2024-03-11,1,480.97,Shipped
54998,3230,2077,2023-08-31,4,1594.58,Completed
54999,1787,2052,2024-04-07,5,155.84,Pending
55000,2664,2030,2023-12-04,1,,Completed
55001,1336,2058,2024-04-08,1,183.8,Cancelled
55002,1001,2079,2023-10-23,2,761.91,Pending
55003,2029,2128,2024-04-12,2,770.23,Completed
55004,3397,2155,2023-06-07,1,26.2,Shipped
55005,3149,2101,2023-07-20,4,1576.94,Completed
55006,2886,2181,2024-04-06,1,173.14,Shipped
55007,3470,2147,2023-07-16,3,1473.27,Pending
55008,1919,2136,2024-05-04,1,206.17,Cancelled
55009,3345,2098,2024-01-23,2,417.75,Completed
55010,1150,2150,2024-05-11,4,324.53,Completed
55011,1794,2118,2023-09-01,4,680.55,Shipped
55012,1711,2015,2023-12-04,5,2021.29,Cancelled
55013,3318,2113,2023-08-21,3,1373.42,Cancelled
55014,2921,2027,2024-05-06,3,590.72,Shipped
55015,2819,2159,2023-09-09,2,779.81,Pending
55016,2913,2002,2023-07-31,1,348.61,Completed
55017,1393,2120,2024-05-12,4,490.64,Completed
55018,2695,2002,2024-03-27,4,1065.16,Pending
55019,3083,2142,2024-05-18,5,2185.27,Shipped
55020,3255,2108,2023-07-03,1,465.75,Cancelled
55021,2406,2173,2024-04-05,4,480.89,Completed
55022,3052,2097,2024-02-01,5,821.69,Completed
55023,1797,2106,2023-10-19,3,1334.28,Completed
55024,1690,2098,2023-09-11,2,515.5,Pending
55025,2738,2196,2023-11-27,5,1060.06,Completed
55026,2372,2133,2024-01-14,4,831.52,Completed
55027,3390,2163,2023-10-14,4,1514.7,Completed
55028,2449,2161,2023-10-01,3,1291.48,Completed
55029,2310,2166,2023-06-19,2,290.53,Completed
55030,1989,2114,2024-02-09,2,620.49,Completed
55031,3291,2186,2023-10-18,5,1576.46,Completed
55032,1930,2165,2024-04-15,3,549.19,Completed
55033,1971,2113,2023-11-26,3,864.4,Completed
55034,2975,2135,2023-06-04,3,402.14,Completed
55035,1814,2187,2024-02-29,3,1393.0,Cancelled
55036,1773,2048,2024-04-06,1,142.65,Cancelled
55037,2556,2078,2024-02-24,1,355.9,Completed
55038,1120,2122,2023-09-22,4,497.16,Completed
55039,1358,2091,2023-06-01,4,515.0,Shipped
55040,2055,2008,2023-11-08,1,,Shipped
55041,1579,2105,2023-12-02,5,672.34,Cancelled
55042,2852,2162,2024-03-24,4,491.35,Completed
55043,2617,2120,2023-10-22,4,606.31,Pending
55044,2769,2191,2023-06-20,2,257.49,Completed
55045,2990,2051,2024-03-19,5,1252.03,Completed
55046,2375,2153,2023-08-15,1,361.64,Cancelled
55047,2162,2018,2023-06-28,1,35.05,Shipped
55048,3004,2112,2023-06-23,4,1627.97,Completed
55049,3443,2084,2023-07-29,4,668.16,Cancelled
55050,2075,2152,2024-01-23,4,1174.98,Pending
55051,1829,2133,2023-09-09,2,869.89,Completed
55052,2750,2023,2023-10-13,3,381.32,Completed
55053,2832,2168,2023-12-08,3,1080.79,Pending
55054,3164,2152,2023-09-16,3,107.67,Completed
55055,1752,2105,2023-06-17,2,772.5,Completed
55056,2653,2136,2024-01-27,3,691.62,Pending
55057,1248,2124,2023-07-14,5,1740.48,Completed
55058,1656,2154,2023-09-02,2,888.89,Pending
55059,1389,2056,2024-03-18,1,85.5,Pending
55060,2892,2065,2023-12-04,5,1655.94,Cancelled
55061,2219,2173,2023-07-23,2,913.77,Completed
55062,3041,2106,2024-02-12,4,117.06,Shipped
55063,3069,2200,2023-06-06,4,1199.68,Completed
55064,2657,2165,2023-12-04,1,446.06,Pending
55065,2095,2011,2024-02-09,1,483.67,Cancelled
55066,1840,2195,2024-03-02,3,703.95,Shipped
55067,2102,2132,2023-09-09,1,133.3,Cancelled
55068,2439,2119,2023-09-18,4,1866.42,Completed
55069,2167,2177,2024-05-13,1,437.29,Completed
55070,1530,2123,2023-09-03,5,262.17,Completed
55071,1775,2031,2024-01-18,5,2189.2,Cancelled
55072,2003,2170,2023-12-17,3,425.13,Completed
55073,2754,2127,2024-02-21,3,1138.21,Cancelled
55074,2094,2067,2023-10-15,1,286.64,Shipped
55075,3346,2081,2024-03-27,2,72.76,Completed
55076,1138,2119,2024-04-16,3,695.89,Shipped
55077,2402,2040,2024-01-03,5,1609.36,Completed
55078,1509,2191,2023-12-03,2,246.39,Shipped
55079,1155,2034,2024-04-06,5,1688.69,Pending
55080,2561,2051,2023-09-21,1,,Completed
55081,2008,2092,2023-12-22,3,452.25,Completed
55082,2003,2008,2024-01-12,5,1651.33,Completed
55083,2447,2071,2023-07-01,2,698.49,Completed
55084,1670,2007,2023-07-31,2,873.06,Shipped
55085,3496,2092,2023-09-19,1,290.25,Completed
55086,1018,2006,2023-10-28,2,240.45,Shipped
55087,3178,2036,2024-05-24,1,385.08,Shipped
55088,2575,2133,2023-08-04,1,167.95,Completed
55089,1134,2146,2023-09-30,1,457.03,Completed
55090,2218,2136,2023-10-26,4,513.28,Cancelled
55091,2471,2114,2024-02-04,5,1186.79,Completed
55092,3404,2135,2023-08-16,3,1259.21,Completed
55093,2342,2061,2024-02-25,1,203.01,Completed
55094,3195,2041,2024-02-04,2,866.58,Completed
55095,3111,2036,2024-01-10,3,1289.03,Cancelled
55096,2455,2026,2024-02-14,3,338.15,Completed
55097,2496,2166,2024-01-26,4,1570.61,Cancelled
55098,1325,2087,2023-11-21,5,222.42,Completed
55099,3103,2032,2024-03-21,4,1483.07,Cancelled
55100,2345,2078,2023-10-13,5,1202.02,Completed
55101,2387,2004,2024-05-28,3,805.31,Completed
55102,3397,2190,2023-07-29,3,1125.36,Cancelled
55103,3344,2035,2024-05-01,3,485.55,Shipped
55104,2190,2011,2023-09-30,3,113.14,Pending
55105,3440,2093,2023-11-25,3,931.9,Completed
55106,2509,2086,2024-02-16,5,309.78,Completed
55107,3080,2194,2024-05-30,2,680.84,Pending
55108,2797,2199,2023-11-16,3,712.02,Pending
55109,3035,2127,2023-10-18,3,893.55,Completed
55110,2516,2073,2024-05-28,1,84.94,Cancelled
55111,2833,2038,2023-10-26,5,2054.06,Completed
55112,2977,2153,2024-01-27,5,216.53,Pending
55113,1255,2182,2023-10-24,3,1347.11,Cancelled
55114,2165,2141,2023-11-06,5,1758.97,Pending
55115,2892,2068,2023-07-25,4,910.11,Completed
55116,3309,2088,2024-01-02,4,323.08,Completed
55117,2492,2151,2023-09-22,3,1359.83,Completed
55118,2845,2111,2024-01-15,3,964.29,Completed
55119,2539,2078,2023-08-03,2,915.7,Completed
55120,3011,2038,2024-05-13,4,,Completed
55121,1258,2073,2023-12-06,1,354.38,Completed
55122,2132,2027,2024-02-10,1,51.54,Completed
55123,2494,2087,2024-03-11,2,800.79,Completed
55124,2457,2160,2023-11-20,3,1391.18,Completed
55125,1504,2109,2024-03-12,2,243.36,Shipped
55126,2982,2180,2023-12-30,4,1067.05,Cancelled
55127,2459,2195,2023-06-04,3,1483.63,Shipped
55128,3378,2024,2023-06-16,5,1116.27,Shipped
55129,1209,2076,2023-09-11,1,249.98,Completed
55130,2351,2175,2024-01-28,5,887.52,Completed
55131,1383,2161,2024-03-23,4,1207.83,Completed
55132,2602,2143,2023-12-14,1,394.76,Cancelled
55133,1994,2018,2024-05-08,4,168.49,Cancelled
55134,3121,2130,2024-03-06,3,995.88,Completed
55135,1361,2009,2023-12-06,3,1200.83,Cancelled
55136,1807,2153,2023-07-11,1,76.31,Completed
55137,1710,2012,2023-08-22,4,641.57,Completed
55138,1778,2176,2024-05-13,2,722.23,Cancelled
55139,2776,2063,2024-02-11,5,226.09,Completed
55140,1968,2140,2024-03-13,4,1085.64,Shipped
55141,1258,2144,2024-02-28,5,626.73,Completed
55142,2161,2116,2024-02-22,1,382.53,Pending
55143,2855,2111,2023-12-24,2,760.34,Completed
55144,1554,2190,2023-06-05,5,677.39,Cancelled
55145,1380,2048,2023-10-29,2,755.71,Pending
55146,2782,2075,2024-02-02,3,287.18,Pending
55147,2258,2071,2023-06-16,3,734.92,Cancelled
55148,1796,2197,2024-05-16,2,773.54,Cancelled
55149,2779,2105,2023-10-01,4,1228.38,Shipped
55150,2341,2133,2023-07-18,5,1251.63,Completed
55151,2117,2157,2024-03-17,2,345.55,Cancelled
55152,2827,2170,2023-07-16,3,1403.48,Completed
55153,2573,2157,2023-09-20,5,1589.44,Completed
55154,2022,2024,2023-11-15,3,1226.52,Pending
55155,2274,2168,2023-08-13,2,634.3,Completed
55156,1626,2161,2023-12-11,5,1927.64,Cancelled
55157,3316,2097,2023-10-16,5,1047.93,Pending
55158,3128,2017,2023-08-02,5,557.4,Completed
55159,3362,2038,2023-10-03,2,302.98,Cancelled
55160,3010,2036,2023-09-04,1,,Completed
55161,1944,2125,2024-05-27,5,1962.15,Completed
55162,2585,2173,2024-05-30,1,121.78,Pending
55163,3015,2078,2024-05-27,5,2413.7,Pending
55164,3054,2063,2023-06-27,3,1196.79,Completed
55165,3393,2099,2024-05-17,3,1037.99,Pending
55166,2636,2167,2024-05-07,3,1251.59,Pending
55167,3058,2099,2024-03-14,1,50.7,Completed
55168,2382,2018,2023-08-07,4,1310.68,Pending
55169,2739,2067,2024-04-23,3,1415.41,Completed
55170,1880,2107,2023-09-23,2,493.55,Completed
55171,2684,2028,2023-10-09,4,774.75,Completed
55172,2038,2046,2023-06-22,1,163.62,Completed
55173,3090,2111,2024-01-13,3,724.68,Completed
55174,2511,2036,2023-06-26,2,359.51,Shipped
55175,3353,2024,2024-03-19,5,950.55,Shipped
55176,1089,2088,2023-12-27,3,968.97,Completed
55177,1917,2082,2024-03-07,3,145.77,Completed
55178,2078,2049,2023-09-04,2,724.09,Cancelled
55179,2949,2109,2023-12-28,2,226.86,Pending
55180,3421,2178,2023-06-25,3,258.62,Completed
55181,3245,2025,2023-06-01,4,177.06,Shipped
55182,3071,2158,2023-07-10,4,182.11,Completed
55183,1619,2033,2024-04-04,1,276.15,Completed
55184,2881,2168,2023-10-30,5,2100.72,Pending
55185,2483,2159,2024-04-02,1,183.53,Completed
55186,2938,2005,2024-05-26,2,383.78,Cancelled
55187,2759,2025,2023-07-28,3,382.19,Cancelled
55188,1794,2012,2023-11-07,1,323.07,Pending
55189,2501,2032,2023-09-22,1,228.35,Completed
55190,3439,2193,2023-08-18,2,153.3,Cancelled
55191,3408,2117,2023-10-26,3,1220.1,Completed
55192,2884,2029,2023-10-23,4,554.49,Completed
55193,1180,2073,2023-10-04,1,314.55,Pending
55194,2156,2064,2023-07-15,2,443.08,Pending
55195,2440,2102,2023-06-23,2,260.58,Pending
55196,1355,2106,2023-11-30,3,802.02,Pending
55197,1597,2065,2024-01-19,3,547.75,Completed
55198,2725,2117,2023-08-11,1,345.36,Pending
55199,2938,2192,2023-06-30,2,481.96,Completed
55200,1462,2002,2023-06-04,3,,Shipped
55201,2789,2141,2024-02-05,1,227.48,Completed
55202,2308,2119,2023-07-09,1,486.45,Completed
55203,3141,2024,2023-12-14,4,1752.05,Cancelled
55204,1830,2047,2023-10-02,3,1214.2,Completed
55205,3353,2059,2024-05-22,2,65.86,Completed
55206,2117,2136,2023-10-23,5,1789.55,Completed
55207,2715,2085,2024-01-29,1,450.78,Cancelled
55208,2216,2049,2023-08-14,1,360.48,Completed
55209,1132,2038,2023-10-17,2,426.15,Completed
55210,2689,2192,2024-02-26,3,970.01,Shipped
55211,2356,2190,2023-07-27,5,183.31,Shipped
55212,1142,2078,2023-07-06,1,178.42,Completed
55213,3230,2130,2023-06-17,3,215.4,Cancelled
55214,1907,2049,2023-10-24,4,1571.91,Shipped
55215,2016,2058,2023-12-31,2,775.76,Completed
55216,2294,2124,2024-05-28,3,1072.36,Completed
55217,2907,2180,2023-06-28,1,299.38,Cancelled
55218,2155,2031,2023-12-25,3,407.43,Pending
55219,1136,2164,2024-04-27,2,141.1,Pending
55220,1044,2192,2023-10-17,4,216.83,Completed
55221,2397,2181,2024-05-24,5,527.84,Shipped
55222,1918,2055,2024-04-17,5,1894.02,Completed
55223,2840,2165,2024-03-03,3,617.47,Completed
55224,2860,2097,2024-04-05,4,812.45,Completed
55225,3476,2025,2024-02-08,2,969.48,Cancelled
55226,1979,2008,2024-05-25,1,490.99,Shipped
55227,2422,2185,2023-12-03,5,324.41,Pending
55228,3485,2197,2024-03-07,2,284.98,Shipped
55229,1302,2125,2024-03-28,2,995.27,Pending
55230,2178,2165,2024-02-11,1,271.59,Shipped
55231,2056,2186,2023-11-01,1,208.21,Shipped
55232,2213,2091,2023-08-16,3,888.58,Completed
55233,2914,2006,2024-05-05,4,1719.73,Pending
55234,2511,2002,2024-03-22,3,633.54,Completed
55235,2921,2138,2024-04-27,3,681.16,Shipped
55236,1747,2116,2023-07-27,5,1696.39,Completed
55237,2683,2007,2023-08-05,4,1596.51,Completed
55238,1497,2144,2024-01-10,5,2169.26,Completed
55239,1482,2007,2024-04-06,2,464.21,Completed
55240,3407,2167,2023-07-05,5,,Cancelled
55241,1015,2143,2023-07-05,4,193.02,Completed
55242,1557,2128,2024-05-19,4,1366.87,Cancelled
55243,1099,2089,2024-05-08,5,1221.85,Pending
55244,3031,2013,2023-07-14,3,1031.21,Pending
55245,1550,2179,2023-12-15,5,432.43,Completed
55246,1431,2145,2023-11-19,4,1330.21,Shipped
55247,3458,2103,2023-11-04,4,153.53,Pending
55248,2842,2052,2024-04-21,3,1445.5,Completed
55249,2599,2179,2024-03-15,1,495.48,Completed
55250,1612,2010,2023-11-29,1,486.19,Completed
55251,2644,2062,2024-03-18,4,1614.45,Shipped
55252,3174,2172,2024-04-08,2,384.12,Completed
55253,3032,2092,2023-07-25,4,987.25,Completed
55254,3151,2107,2024-04-23,4,459.36,Cancelled
55255,1495,2142,2023-08-06,1,257.78,Pending
55256,2074,2131,2024-01-17,3,786.25,Cancelled
55257,1978,2096,2024-04-10,5,1708.34,Completed
55258,3254,2079,2023-09-19,5,683.59,Pending
55259,3476,2149,2024-03-29,4,1528.28,Completed
55260,2437,2038,2023-06-19,1,315.53,Completed
55261,2557,2066,2024-01-05,5,417.34,Pending
55262,3011,2029,2024-03-22,1,295.08,Cancelled
55263,3357,2049,2023-09-16,3,415.54,Completed
55264,1872,2161,2023-07-10,2,776.42,Pending
55265,3281,2056,2023-06-21,3,988.99,Cancelled
55266,1544,2132,2024-01-31,3,405.8,Completed
55267,2358,2046,2024-01-03,2,100.6,Cancelled
55268,2134,2199,2024-03-08,4,581.8,Cancelled
55269,1508,2030,2023-09-04,5,499.4,Cancelled
55270,3414,2051,2023-10-27,3,249.16,Completed
55271,3338,2043,2023-08-05,2,600.06,Completed
55272,2805,2166,2024-01-22,5,1149.82,Completed
55273,2001,2146,2024-04-29,3,1052.07,Pending
55274,2530,2195,2024-04-25,1,175.23,Pending
55275,3028,2186,2024-02-03,5,312.33,Completed
55276,1835,2019,2023-08-04,3,376.65,Shipped
55277,2308,2053,2023-11-27,2,527.76,Shipped
55278,1314,2018,2024-05-19,3,780.31,Completed
55279,3407,2037,2024-01-22,2,97.66,Completed
55280,3112,2009,2023-09-05,4,,Completed
55281,2847,2165,2023-11-28,4,454.26,Cancelled
55282,2051,2051,2023-09-11,5,363.5,Cancelled
55283,2547,2118,2023-06-03,5,1400.63,Completed
55284,1068,2103,2024-03-20,3,399.66,Cancelled
55285,2117,2069,2023-07-25,1,398.28,Completed
55286,1065,2077,2023-08-14,4,1581.09,Cancelled
55287,2942,2067,2024-04-14,2,381.37,Cancelled
55288,1616,2030,2023-06-01,1,429.13,Completed
55289,3069,2140,2024-04-23,5,1112.19,Cancelled
55290,1466,2055,2023-08-19,5,707.87,Pending
55291,2315,2054,2024-02-26,3,1210.12,Shipped
55292,1318,2026,2023-07-16,3,1096.21,Completed
55293,1773,2077,2024-01-21,3,638.76,Shipped
55294,1379,2106,2023-10-25,2,415.13,Completed
55295,2370,2083,2023-10-24,4,1979.37,Completed
55296,1729,2032,2023-09-27,3,1085.39,Pending
55297,1695,2037,2024-05-05,2,591.14,Completed
55298,3008,2022,2024-01-14,2,683.09,Completed
55299,2132,2099,2023-12-14,1,461.21,Cancelled
55300,2395,2067,2024-01-28,1,367.35,Completed
55301,2709,2013,2023-10-06,5,1373.04,Completed
55302,1211,2114,2024-03-22,3,229.41,Completed
55303,2382,2035,2023-07-09,3,976.18,Shipped
55304,1350,2190,2023-08-30,1,458.5,Completed
55305,2193,2163,2023-07-25,4,742.11,Completed
55306,2569,2132,2023-06-22,5,926.41,Completed
55307,1352,2136,2023-11-19,3,248.63,Completed
55308,1808,2112,2023-12-18,3,1116.42,Completed
55309,1576,2133,2023-11-22,5,2025.3,Completed
55310,2347,2111,2024-05-22,3,861.49,Pending
55311,1406,2171,2023-12-09,4,1142.73,Cancelled
55312,1244,2181,2023-11-16,2,750.84,Completed
55313,3428,2046,2023-08-27,1,411.86,Completed
55314,1421,2167,2023-10-23,2,591.91,Cancelled
55315,2108,2129,2023-07-28,3,231.98,Completed
55316,1345,2056,2024-02-18,3,1063.05,Pending
55317,3365,2149,2023-09-06,5,412.37,Completed
55318,2689,2083,2023-08-18,1,455.24,Completed
55319,1126,2028,2024-01-17,3,1343.29,Completed
55320,1212,2159,2024-02-15,3,,Pending
55321,3062,2132,2024-02-22,4,866.17,Cancelled
55322,2218,2140,2023-07-08,5,473.83,Completed
55323,3458,2032,2023-10-05,4,968.42,Shipped
55324,2340,2156,2023-07-23,4,693.13,Completed
55325,3363,2032,2023-11-08,2,806.1,Shipped
55326,1466,2144,2024-05-01,1,448.9,Completed
55327,1782,2016,2024-02-20,3,1332.8,Completed
55328,1420,2092,2023-12-24,5,1947.82,Completed
55329,2188,2047,2024-03-05,3,1406.07,Completed
55330,1514,2038,2023-10-07,4,430.9,Pending
55331,2953,2021,2024-04-18,2,999.12,Completed
55332,1042,2036,2023-11-08,2,940.43,Completed
55333,1651,2062,2024-03-01,4,937.92,Completed
55334,2836,2122,2023-12-15,1,172.69,Completed
55335,1811,2167,2024-04-20,5,1909.32,Pending
55336,2748,2182,2023-12-20,4,674.53,Cancelled
55337,3045,2125,2023-08-08,1,43.87,Shipped
55338,2385,2046,2023-10-28,1,34.72,Completed
55339,1147,2095,2023-07-08,1,351.76,Cancelled
55340,3020,2038,2023-10-24,4,1628.22,Completed
55341,2412,2071,2023-09-02,4,758.07,Completed
55342,2790,2191,2024-05-07,5,1532.45,Completed
55343,3432,2046,2024-02-04,4,1529.67,Shipped
55344,1959,2149,2024-03-09,3,1071.53,Completed
55345,3276,2169,2023-07-23,5,526.99,Cancelled
55346,3362,2049,2023-12-13,2,971.73,Shipped
55347,1682,2199,2024-01-22,5,1670.91,Cancelled
55348,1088,2123,2023-06-21,3,332.42,Completed
55349,2443,2117,2024-04-29,2,125.12,Cancelled
55350,3467,2095,2024-03-23,2,117.24,Completed
55351,2747,2175,2024-03-23,5,569.33,Completed
55352,1784,2082,2023-10-06,3,1082.63,Shipped
55353,1234,2089,2023-06-04,4,1968.47,Shipped
55354,1014,2127,2024-02-01,3,83.74,Cancelled
55355,3260,2199,2023-10-31,5,796.06,Cancelled
55356,3497,2157,2023-12-22,2,793.13,Pending
55357,2548,2130,2023-12-31,4,337.97,Completed
55358,1974,2140,2023-06-06,3,1374.53,Completed
55359,1299,2157,2023-10-10,5,788.75,Completed
55360,2139,2192,2023-08-27,2,,Cancelled
55361,2364,2087,2023-07-22,2,826.28,Completed
55362,1142,2191,2023-11-15,5,284.89,Completed
55363,1395,2149,2023-12-29,2,676.47,Completed
55364,1450,2192,2024-05-26,1,37.31,Pending
55365,3040,2080,2023-11-23,1,344.45,Pending
55366,1940,2103,2023-11-30,5,148.31,Completed
55367,1125,2065,2023-07-04,4,550.97,Completed
55368,1577,2061,2023-10-12,2,448.82,Shipped
55369,2995,2129,2024-01-25,1,496.7,Completed
55370,1707,2056,2024-04-20,5,391.09,Cancelled
55371,1329,2113,2023-07-03,5,2063.02,Shipped
55372,3336,2193,2023-09-26,3,1420.96,Completed
55373,2816,2190,2024-05-15,3,1325.19,Completed
55374,1290,2042,2024-01-12,3,1425.89,Pending
55375,2001,2194,2024-02-10,2,116.81,Completed
55376,3484,2053,2023-10-01,1,451.39,Cancelled
55377,3064,2104,2023-08-22,2,101.15,Pending
55378,2370,2149,2023-10-11,1,37.71,Cancelled
55379,1392,2131,2023-06-10,2,719.74,Completed
55380,3242,2096,2023-07-18,1,460.91,Completed
55381,1278,2129,2023-08-18,3,183.02,Completed
55382,1098,2140,2023-07-15,4,186.53,Cancelled
55383,2073,2109,2023-07-03,4,1305.37,Pending
55384,3183,2115,2024-04-24,2,224.53,Completed
55385,2154,2146,2024-04-06,5,1260.84,Completed
55386,1859,2171,2023-08-05,1,158.05,Shipped
55387,2276,2171,2024-02-09,3,378.59,Completed
55388,2257,2079,2023-08-06,1,45.61,Completed
55389,1272,2012,2023-06-11,3,1276.92,Completed
55390,1269,2004,2024-04-18,3,232.5,Completed
55391,1961,2087,2023-12-05,3,1443.06,Pending
55392,3340,2078,2023-08-08,1,367.36,Completed
55393,1524,2174,2023-09-27,5,2405.23,Pending
55394,2902,2034,2024-05-02,1,257.33,Completed
55395,3142,2196,2024-04-03,5,2359.74,Cancelled
55396,3035,2184,2024-03-10,4,1033.1,Pending
55397,2794,2095,2023-07-03,2,525.1,Pending
55398,1314,2033,2023-09-18,5,1400.48,Cancelled
55399,3351,2058,2024-04-10,4,1322.12,Completed
55400,1171,2072,2024-02-15,4,,Completed
55401,2480,2030,2024-03-27,3,529.7,Shipped
55402,3054,2105,2024-02-17,1,331.47,Pending
55403,1915,2072,2023-07-29,5,1444.36,Shipped
55404,1126,2128,2024-03-23,4,1579.83,Shipped
55405,1165,2064,2024-04-16,1,190.22,Pending
55406,2307,2131,2023-11-17,5,582.68,Cancelled
55407,1435,2197,2024-03-03,3,414.76,Pending
55408,1575,2009,2023-12-03,3,1253.82,Cancelled
55409,1784,2197,2023-09-29,5,558.91,Completed
55410,3309,2081,2023-10-07,1,473.0,Completed
55411,3116,2081,2024-01-02,4,116.02,Completed
55412,2918,2163,2023-07-09,3,356.04,Cancelled
55413,2144,2048,2023-06-29,3,586.63,Shipped
55414,2427,2185,2023-11-20,2,690.08,Completed
55415,2157,2195,2023-06-19,4,1541.81,Cancelled
55416,3431,2174,2023-12-29,4,989.17,Cancelled
55417,3153,2138,2024-03-27,2,662.13,Shipped
55418,1555,2028,2023-06-17,1,241.38,Completed
55419,1038,2071,2023-06-12,5,862.09,Completed
55420,1512,2045,2023-10-30,4,300.74,Pending
55421,2504,2172,2024-02-07,5,1770.52,Completed
55422,1389,2006,2024-05-21,3,861.53,Pending
55423,2981,2021,2024-02-23,4,588.51,Completed
55424,1611,2111,2023-08-04,3,503.38,Pending
55425,1243,2179,2023-10-11,5,1427.96,Pending
55426,1337,2030,2023-06-09,1,263.49,Pending
55427,1057,2060,2023-10-03,2,359.98,Completed
55428,2169,2169,2023-10-29,2,796.54,Completed
55429,2899,2063,2023-08-08,3,1272.15,Shipped
55430,2734,2198,2024-02-27,5,2480.71,Pending
55431,2051,2154,2024-05-13,1,383.51,Shipped
55432,1234,2067,2023-09-25,5,2458.7,Pending
55433,2812,2160,2024-03-31,5,2342.06,Cancelled
55434,1585,2067,2023-12-24,5,507.0,Pending
55435,1092,2073,2024-02-26,1,75.01,Shipped
55436,1785,2016,2023-07-18,5,1136.76,Completed
55437,2004,2035,2023-10-05,1,411.68,Completed
55438,2553,2096,2023-07-20,5,1994.46,Completed
55439,2900,2095,2024-03-31,1,451.33,Pending
55440,1233,2006,2023-10-04,3,,Pending
55441,2110,2051,2023-08-19,3,1340.83,Shipped
55442,2922,2076,2023-06-15,3,374.23,Completed
55443,2292,2024,2024-04-28,2,245.23,Completed
55444,2379,2067,2023-07-26,1,78.93,Completed
55445,1564,2008,2023-12-12,1,257.18,Completed
55446,2647,2167,2024-03-25,2,100.12,Completed
55447,2477,2033,2023-08-30,1,489.44,Completed
55448,2085,2042,2024-04-27,4,1589.93,Pending
55449,2001,2192,2023-12-05,2,582.51,Shipped
55450,1558,2081,2024-01-04,1,83.75,Pending
55451,1446,2176,2023-11-08,5,1480.83,Cancelled
55452,2275,2070,2023-08-12,4,1605.0,Completed
55453,3188,2071,2023-11-16,3,373.76,Completed
55454,3193,2040,2023-12-23,5,427.22,Shipped
55455,2511,2016,2024-02-29,1,153.11,Cancelled
55456,3378,2169,2023-11-07,1,111.91,Completed
55457,1548,2050,2023-11-25,5,1004.79,Completed
55458,2425,2131,2023-06-29,2,951.56,Shipped
55459,2366,2166,2023-08-27,5,1354.94,Completed
55460,1115,2127,2023-11-09,1,439.61,Shipped
55461,3083,2023,2024-03-26,4,1635.76,Completed
55462,2062,2076,2023-08-07,3,332.69,Shipped
55463,2939,2127,2024-02-06,4,580.91,Completed
55464,3317,2100,2023-10-14,5,707.54,Completed
55465,2750,2073,2023-06-28,1,231.51,Pending
55466,3328,2137,2024-02-17,2,420.67,Cancelled
55467,2780,2033,2024-05-09,4,791.89,Completed
55468,1852,2128,2024-01-23,5,666.19,Cancelled
55469,2441,2167,2023-10-27,4,139.33,Completed
55470,1573,2032,2023-06-12,3,109.71,Completed
55471,2477,2065,2023-11-29,2,622.9,Completed
55472,1380,2194,2024-01-09,1,297.41,Cancelled
55473,1912,2037,2024-04-19,3,742.95,Pending
55474,3309,2037,2023-12-21,2,392.54,Completed
55475,2954,2076,2023-09-12,1,350.68,Completed
55476,1892,2034,2023-12-08,1,333.32,Completed
55477,3395,2077,2023-10-05,5,1332.72,Cancelled
55478,2060,2069,2023-08-19,4,1157.94,Completed
55479,1637,2176,2023-10-03,4,272.53,Pending
55480,3423,2068,2024-03-18,4,,Completed
55481,2255,2155,2024-05-23,3,1088.54,Completed
55482,2870,2188,2024-02-15,1,107.32,Shipped
55483,1791,2186,2023-07-26,4,1448.3,Completed
55484,1589,2113,2023-07-25,5,667.88,Completed
55485,2147,2007,2023-08-22,2,619.72,Completed
55486,2615,2171,2023-08-06,4,836.18,Pending
55487,2674,2070,2024-05-29,1,389.06,Completed
55488,1166,2072,2023-12-17,3,1020.89,Completed
55489,1331,2042,2024-03-09,4,539.67,Completed
55490,1503,2005,2023-11-27,1,470.42,Shipped
55491,1538,2137,2024-04-04,2,85.97,Shipped
55492,2196,2174,2024-04-21,3,912.42,Completed
55493,3155,2184,2023-08-09,4,1581.7,Pending
55494,3009,2124,2023-10-18,2,245.96,Completed
55495,2304,2179,2023-10-14,2,915.12,Completed
55496,2872,2050,2023-08-08,4,1088.06,Completed
55497,3491,2108,2024-03-23,2,125.82,Completed
55498,1491,2011,2023-06-07,2,410.39,Pending
55499,2807,2194,2023-08-24,1,147.29,Shipped
55500,2030,2179,2024-02-23,4,1917.19,Cancelled
55501,2568,2088,2023-09-19,4,229.74,Completed
55502,2952,2064,2023-07-28,1,194.15,Completed
55503,3296,2146,2024-03-13,2,112.22,Pending
55504,1910,2008,2024-05-06,5,2471.84,Completed
55505,2951,2160,2023-09-16,2,493.72,Completed
55506,1432,2034,2024-04-09,4,1978.92,Completed
55507,1351,2190,2023-11-07,5,932.23,Completed
55508,2860,2172,2023-12-09,5,1642.39,Shipped
55509,1110,2135,2023-08-16,4,1133.81,Completed
55510,1002,2156,2023-07-01,4,386.41,Completed
55511,3297,2168,2024-04-17,4,262.24,Completed
55512,1497,2134,2024-03-26,3,569.72,Completed
55513,3443,2165,2024-05-24,3,887.58,Completed
55514,1539,2061,2023-09-16,1,411.11,Cancelled
55515,3114,2185,2024-01-24,3,238.86,Completed
55516,2825,2159,2023-06-16,2,208.98,Completed
55517,3257,2135,2024-03-02,1,402.32,Completed
55518,3479,2073,2023-07-05,4,738.82,Completed
55519,2146,2032,2023-09-22,1,47.36,Cancelled
55520,3238,2109,2024-02-08,3,,Pending
55521,2330,2088,2024-05-15,5,927.95,Completed
55522,3408,2087,2024-03-21,1,169.24,Completed
55523,2216,2159,2024-01-11,2,906.19,Pending
55524,2689,2160,2023-10-28,4,343.08,Completed
55525,3055,2110,2023-11-21,1,281.58,Completed
55526,2180,2197,2024-05-19,2,87.39,Completed
55527,3267,2070,2024-05-05,3,1376.46,Shipped
55528,2062,2103,2023-08-14,1,256.32,Pending
55529,2069,2170,2023-09-08,3,936.8,Completed
55530,3352,2074,2023-07-25,4,1589.81,Shipped
55531,2547,2115,2023-10-10,1,234.77,Shipped
55532,3293,2173,2024-05-21,4,1170.92,Shipped
55533,2475,2137,2023-11-09,4,614.39,Completed
55534,1353,2014,2023-12-20,4,969.69,Completed
55535,2757,2075,2023-07-17,5,1188.05,Completed
55536,3372,2116,2024-03-02,5,2245.32,Completed
55537,2862,2122,2023-06-27,1,484.33,Completed
55538,3356,2055,2023-07-27,4,1507.02,Completed
55539,3448,2134,2023-08-15,3,1474.6,Pending
55540,3239,2004,2023-10-17,4,105.21,Completed
55541,2977,2161,2024-03-28,2,419.53,Completed
55542,3085,2115,2023-12-09,4,1594.1,Completed
55543,2770,2179,2024-03-28,2,769.01,Completed
55544,1652,2121,2023-09-15,3,1181.25,Completed
55545,1578,2094,2023-12-17,4,1981.43,Completed
55546,1633,2064,2023-06-03,1,287.47,Completed
55547,2876,2169,2024-02-15,5,953.7,Cancelled
55548,1472,2095,2023-09-28,2,720.36,Completed
55549,2395,2199,2023-12-16,4,137.47,Cancelled
55550,3211,2186,2023-06-01,3,1381.54,Cancelled
55551,1872,2105,2024-04-30,5,234.67,Completed
55552,1127,2052,2023-10-16,1,415.05,Completed
55553,2662,2087,2024-04-30,2,168.76,Cancelled
55554,2324,2112,2024-03-01,3,953.56,Shipped
55555,3467,2114,2024-01-12,1,374.77,Completed
55556,2746,2012,2023-06-13,4,617.48,Pending
55557,1407,2072,2023-10-01,2,878.29,Completed
55558,1209,2072,2024-03-29,1,371.55,Shipped
55559,3000,2080,2023-10-24,2,418.14,Pending
55560,1338,2170,2024-04-22,4,,Shipped
55561,2878,2112,2023-09-04,1,455.61,Pending
55562,3007,2078,2023-06-04,3,438.33,Completed
55563,3055,2112,2024-01-06,1,273.67,Completed
55564,3209,2186,2024-02-11,3,170.57,Completed
55565,3004,2130,2023-12-03,2,646.38,Completed
55566,1446,2186,2024-04-05,5,1313.85,Completed
55567,2714,2054,2024-05-28,3,1052.62,Completed
55568,1337,2163,2023-08-22,2,244.71,Completed
55569,3361,2150,2024-02-24,2,166.54,Cancelled
55570,1098,2004,2024-01-23,1,125.52,Completed
55571,1028,2075,2023-10-18,5,739.1,Completed
55572,2720,2117,2024-02-03,1,197.6,Shipped
55573,2090,2029,2024-01-24,4,842.12,Completed
55574,2293,2107,2024-03-07,5,2114.83,Cancelled
55575,1347,2026,2023-12-23,3,603.08,Shipped
55576,2642,2126,2024-05-07,4,1528.49,Pending
55577,2526,2122,2024-01-08,4,861.65,Completed
55578,2969,2101,2023-06-24,5,962.87,Completed
55579,3049,2172,2023-11-23,2,606.81,Completed
55580,2350,2083,2023-09-03,1,258.23,Completed
55581,2178,2147,2024-04-15,5,1358.59,Cancelled
55582,1551,2152,2024-03-12,5,1283.17,Completed
55583,2918,2093,2023-11-01,3,276.98,Completed
55584,2766,2020,2024-05-17,5,984.31,Completed
55585,2697,2156,2023-08-27,5,2088.81,Pending
55586,1951,2166,2024-02-25,4,1591.73,Completed
55587,1143,2016,2023-12-12,4,365.42,Pending
55588,2769,2052,2024-03-26,1,141.73,Completed
55589,2053,2064,2023-06-29,2,134.51,Shipped
55590,1778,2146,2023-10-01,2,829.76,Completed
55591,1445,2029,2024-02-16,3,1027.73,Pending
55592,2449,2065,2024-02-12,5,893.04,Cancelled
55593,3041,2082,2023-12-08,2,711.7,Completed
55594,1629,2146,2023-12-19,1,188.21,Completed
55595,1790,2106,2024-04-07,4,1879.17,Completed
55596,2863,2182,2024-02-23,2,351.51,Pending
55597,3343,2140,2023-09-11,5,1208.66,Completed
55598,1990,2085,2023-11-26,4,1914.96,Cancelled
55599,2770,2064,2024-05-02,2,817.49,Cancelled
55600,3356,2091,2024-05-29,5,,Completed
55601,1280,2119,2024-04-30,5,2318.13,Completed
55602,2586,2012,2024-05-20,1,310.0,Shipped
55603,3389,2029,2024-01-08,2,300.55,Pending
55604,3469,2079,2024-04-20,4,899.72,Completed
55605,3425,2051,2023-12-19,5,799.4,Pending
55606,3152,2093,2023-07-30,4,1935.59,Pending
55607,1784,2112,2024-02-02,5,1851.35,Cancelled
55608,1200,2024,2023-06-03,2,672.23,Pending
55609,1316,2156,2023-06-30,5,867.92,Shipped
55610,1522,2003,2023-09-05,5,2393.38,Pending
55611,1651,2026,2023-08-05,1,393.53,Completed
55612,1309,2147,2023-06-22,3,1356.13,Shipped
55613,2568,2044,2023-11-04,3,669.33,Completed
55614,1617,2010,2023-07-19,4,739.51,Pending
55615,1890,2162,2023-09-29,5,628.83,Shipped
55616,2446,2010,2024-02-23,2,323.55,Shipped
55617,1539,2099,2023-08-05,3,417.83,Cancelled
55618,1375,2071,2023-06-08,2,100.97,Pending
55619,2286,2081,2024-03-31,5,2115.69,Completed
55620,2121,2041,2023-07-02,2,889.94,Cancelled
55621,2219,2049,2023-11-25,1,256.73,Completed
55622,1060,2195,2024-04-03,2,750.63,Completed
55623,1755,2132,2023-06-28,5,1644.17,Cancelled
55624,3491,2120,2023-06-13,2,301.75,Completed
55625,2239,2052,2023-07-15,1,455.97,Completed
55626,2918,2124,2023-07-20,5,537.99,Shipped
55627,2346,2180,2024-05-19,2,941.77,Completed
55628,3003,2122,2024-04-18,2,515.04,Completed
55629,2406,2066,2024-01-12,4,223.26,Completed
55630,2818,2092,2024-01-30,2,370.68,Completed
55631,3284,2028,2023-10-26,4,1881.46,Completed
55632,2596,2105,2024-01-06,1,186.3,Shipped
55633,2012,2149,2023-09-20,5,1894.32,Completed
55634,3488,2069,2023-08-31,4,1444.83,Completed
55635,1283,2089,2023-07-01,1,123.65,Completed
55636,1912,2163,2023-10-06,5,245.03,Completed
55637,2936,2159,2024-03-03,5,1654.58,Completed
55638,3066,2047,2023-10-26,4,998.99,Completed
55639,3315,2018,2023-08-07,5,2179.06,Completed
55640,1906,2116,2023-07-28,5,,Pending
55641,2420,2154,2023-10-03,5,1779.94,Completed
55642,2291,2119,2024-05-07,1,475.74,Completed
55643,1346,2190,2023-07-16,4,1886.78,Completed
55644,1727,2009,2024-05-27,4,1727.11,Shipped
55645,2333,2154,2023-07-16,1,26.83,Completed
55646,2030,2049,2023-12-19,3,1324.09,Pending
55647,2094,2075,2023-10-07,2,832.53,Shipped
55648,3308,2108,2024-03-28,1,145.12,Completed
55649,1031,2162,2023-06-29,4,1295.58,Completed
55650,2809,2102,2024-02-12,2,353.18,Pending
55651,3084,2013,2024-04-17,5,2268.34,Pending
55652,3234,2082,2024-05-08,4,302.2,Cancelled
55653,1895,2049,2024-03-03,3,385.72,Completed
55654,1179,2151,2023-06-23,1,341.16,Completed
55655,1576,2088,2024-02-19,4,1326.24,Pending
55656,2827,2085,2023-10-24,4,802.38,Pending
55657,1494,2123,2023-08-24,5,1687.92,Pending
55658,1114,2062,2023-10-27,3,1219.88,Shipped
55659,1888,2057,2023-09-03,3,1243.56,Completed
55660,2693,2136,2023-10-24,1,183.74,Shipped
55661,2683,2189,2023-09-11,3,247.55,Completed
55662,3028,2053,2023-11-08,1,413.37,Cancelled
55663,2501,2028,2024-02-11,4,1180.87,Pending
55664,2471,2181,2024-03-16,3,1376.19,Pending
55665,2341,2106,2023-06-07,1,398.18,Shipped
55666,1937,2181,2023-09-21,4,1513.52,Completed
55667,1747,2146,2023-12-20,3,810.07,Shipped
55668,1573,2023,2023-06-05,5,504.42,Completed
55669,2336,2024,2023-10-14,3,578.21,Cancelled
55670,2509,2185,2023-09-10,4,1318.23,Completed
55671,2986,2102,2023-12-29,1,154.68,Completed
55672,1590,2110,2023-11-05,2,104.55,Cancelled
55673,2933,2012,2024-03-06,1,129.82,Pending
55674,1636,2046,2024-03-29,5,464.02,Completed
55675,1821,2093,2024-04-22,2,345.83,Shipped
55676,1780,2156,2023-08-18,2,626.99,Completed
55677,1135,2023,2024-05-10,3,884.07,Completed
55678,3282,2067,2023-06-14,4,1630.0,Shipped
55679,3424,2085,2023-09-10,5,254.28,Cancelled
55680,2917,2138,2023-09-17,3,,Pending
55681,2876,2176,2024-04-15,1,48.89,Pending
55682,3072,2040,2023-11-07,3,643.91,Pending
55683,2546,2156,2023-11-06,5,652.2,Shipped
55684,1020,2175,2024-03-16,3,374.77,Pending
55685,3071,2041,2024-05-15,3,1365.23,Completed
55686,3169,2084,2023-11-19,5,554.32,Shipped
55687,2750,2043,2024-03-19,4,1606.24,Pending
55688,2558,2145,2023-08-14,2,816.83,Completed
55689,2342,2115,2023-08-21,4,565.59,Completed
55690,2692,2139,2024-04-06,2,499.9,Completed
55691,2108,2120,2023-08-30,2,791.91,Shipped
55692,1987,2065,2024-04-22,3,1322.21,Pending
55693,2705,2102,2023-07-24,1,192.88,Completed
55694,3456,2187,2023-12-15,1,284.75,Pending
55695,3103,2102,2023-08-26,5,2057.67,Pending
55696,3130,2179,2024-02-23,4,1891.03,Cancelled
55697,1694,2070,2023-10-07,5,2248.57,Completed
55698,1078,2194,2023-10-04,5,980.54,Cancelled
55699,2750,2160,2024-05-28,3,669.35,Completed
55700,1941,2171,2023-11-01,3,142.05,Cancelled
55701,3213,2059,2024-05-22,2,875.39,Cancelled
55702,2015,2140,2023-06-15,1,212.64,Shipped
55703,1781,2069,2024-01-27,4,1212.67,Completed
55704,1834,2127,2024-02-08,5,2427.43,Completed
55705,3499,2142,2023-06-02,1,393.55,Completed
55706,1656,2008,2023-07-10,4,508.62,Cancelled
55707,2504,2047,2023-06-16,1,322.91,Completed
55708,3376,2026,2023-12-04,2,255.44,Completed
55709,1993,2102,2024-04-22,2,694.94,Completed
55710,1020,2152,2024-03-10,2,125.57,Pending
55711,1187,2047,2023-10-04,1,285.9,Pending
55712,2983,2048,2023-06-18,1,111.89,Completed
55713,3476,2005,2023-10-04,1,339.97,Pending
55714,2991,2163,2023-11-11,4,1817.69,Shipped
55715,1057,2002,2024-05-23,1,352.87,Shipped
55716,3384,2164,2023-07-11,4,814.81,Completed
55717,1871,2194,2023-08-29,3,1286.16,Cancelled
55718,1977,2066,2023-09-20,5,2285.47,Pending
55719,1466,2096,2023-07-08,3,480.67,Pending
55720,2248,2112,2024-04-12,1,,Shipped
55721,1240,2184,2024-05-19,5,1198.97,Completed
55722,2977,2037,2024-02-28,2,910.81,Completed
55723,1219,2012,2024-04-15,2,673.95,Shipped
55724,3129,2003,2024-03-06,2,318.88,Shipped
55725,3327,2165,2023-07-29,2,845.51,Completed
55726,1464,2098,2024-05-07,1,36.88,Cancelled
55727,1880,2046,2023-10-14,1,284.53,Completed
55728,2435,2048,2024-05-30,4,830.32,Completed
55729,1605,2168,2023-06-22,2,133.84,Completed
55730,1405,2112,2024-01-26,5,947.52,Completed
55731,1679,2136,2023-09-19,2,896.01,Pending
55732,1109,2026,2023-07-13,4,947.27,Completed
55733,1463,2111,2024-01-26,5,1102.16,Completed
55734,3449,2002,2023-08-31,3,211.59,Completed
55735,3078,2102,2023-10-10,2,460.69,Completed
55736,1065,2044,2023-08-27,1,317.03,Completed
55737,1343,2124,2024-05-17,3,372.42,Completed
55738,2159,2173,2023-06-07,3,1203.52,Completed
55739,3492,2134,2023-10-22,1,53.81,Completed
55740,1113,2115,2023-11-13,3,78.75,Completed
55741,3056,2082,2023-08-23,5,816.63,Pending
55742,2830,2016,2023-09-28,4,1057.99,Pending
55743,2852,2157,2024-02-07,1,373.57,Cancelled
55744,1931,2007,2024-04-29,4,846.14,Shipped
55745,2205,2011,2023-11-21,5,676.7,Completed
55746,1032,2022,2024-02-10,2,469.77,Pending
55747,3437,2114,2023-10-03,2,571.07,Cancelled
55748,1106,2031,2024-05-19,5,2280.97,Completed
55749,1045,2093,2023-07-26,1,381.92,Completed
55750,1792,2066,2023-06-15,4,1801.24,Pending
55751,3188,2008,2023-07-08,5,1541.78,Completed
55752,1121,2046,2023-11-03,1,215.58,Completed
55753,1271,2173,2024-01-27,3,1294.6,Pending
55754,1319,2185,2023-07-16,4,193.15,Pending
55755,2113,2139,2023-11-28,4,1176.81,Cancelled
55756,3278,2104,2023-09-08,1,102.68,Completed
55757,1230,2115,2024-05-04,5,184.94,Shipped
55758,2220,2140,2024-05-16,1,471.52,Cancelled
55759,3135,2031,2024-03-22,1,459.11,Completed
55760,2124,2086,2024-05-23,4,,Shipped
55761,2648,2119,2024-01-11,4,1814.03,Cancelled
55762,2386,2034,2023-10-16,5,1072.88,Completed
55763,1395,2124,2023-06-20,5,489.04,Completed
55764,2843,2109,2023-11-04,3,182.02,Pending
55765,2912,2195,2023-06-21,2,890.09,Shipped
55766,1843,2143,2023-06-03,3,1078.16,Completed
55767,1943,2079,2024-01-18,5,2200.69,Pending
55768,2886,2169,2023-08-09,3,1303.4,Shipped
55769,1610,2016,2024-04-12,3,981.46,Shipped
55770,1748,2137,2023-10-16,5,1464.57,Pending
55771,1966,2093,2024-05-28,5,1309.77,Pending
55772,1703,2159,2024-04-07,2,254.21,Shipped
55773,2391,2180,2024-01-28,1,102.62,Completed
55774,1123,2157,2023-10-03,5,1319.69,Shipped
55775,2736,2051,2024-05-31,5,2024.79,Completed
55776,2574,2074,2024-02-29,3,454.86,Shipped
55777,2864,2064,2024-03-26,5,677.23,Shipped
55778,2610,2174,2023-11-25,2,724.61,Cancelled
55779,1318,2142,2024-03-10,4,1356.88,Pending
55780,1681,2040,2024-01-29,2,366.82,Completed
55781,1962,2080,2023-06-02,4,1298.46,Completed
55782,1428,2106,2024-01-04,2,283.55,Completed
55783,1478,2068,2024-05-19,2,137.27,Pending
55784,1804,2066,2024-05-18,3,327.3,Pending
55785,1868,2103,2023-08-27,5,1446.94,Completed
55786,1890,2050,2023-12-04,4,161.09,Completed
55787,2091,2094,2023-12-03,1,376.59,Shipped
55788,2256,2053,2023-10-17,3,1405.97,Completed
55789,1318,2027,2024-01-26,3,452.82,Cancelled
55790,2086,2076,2024-03-17,3,756.22,Completed
55791,1683,2196,2023-07-12,5,1387.26,Completed
55792,1736,2161,2023-11-01,4,551.51,Completed
55793,2504,2020,2023-08-22,5,389.2,Pending
55794,2119,2193,2024-02-07,5,537.39,Completed
55795,2587,2074,2023-08-31,5,1541.05,Cancelled
55796,2812,2045,2023-10-08,4,1484.04,Completed
55797,1879,2167,2024-04-14,5,1379.74,Pending
55798,2535,2196,2024-04-26,5,2053.46,Completed
55799,1983,2001,2023-07-02,4,700.56,Completed
55800,2070,2095,2024-04-29,1,,Completed
55801,2139,2123,2024-03-18,2,921.53,Completed
55802,1200,2087,2024-01-25,5,532.35,Completed
55803,1806,2020,2023-06-14,5,343.0,Completed
55804,2657,2077,2023-10-01,4,1116.64,Shipped
55805,2573,2044,2023-11-05,2,757.54,Shipped
55806,1291,2069,2024-04-19,4,125.17,Pending
55807,3419,2100,2023-07-29,1,204.37,Cancelled
55808,2693,2063,2024-01-15,3,940.17,Completed
55809,1262,2133,2024-02-07,5,2394.91,Shipped
55810,1152,2099,2023-11-21,1,226.75,Completed
55811,2794,2022,2023-11-27,5,146.35,Completed
55812,1675,2082,2023-06-02,2,740.79,Completed
55813,1334,2107,2023-06-23,1,457.14,Completed
55814,1767,2124,2023-08-24,5,2329.85,Cancelled
55815,3217,2107,2024-02-17,2,656.93,Completed
55816,1708,2016,2024-03-10,4,1788.27,Completed
55817,3245,2076,2023-08-12,3,127.28,Pending
55818,2619,2196,2023-12-12,5,1560.71,Shipped
55819,2855,2130,2023-10-12,2,80.8,Completed
55820,1277,2074,2023-07-14,3,1269.36,Completed
55821,2055,2101,2023-06-08,4,523.39,Pending
55822,1695,2064,2024-05-27,5,2303.72,Completed
55823,2450,2149,2023-12-06,2,542.88,Completed
55824,3454,2182,2024-04-03,3,726.16,Completed
55825,2928,2179,2024-01-10,2,900.62,Pending
55826,3494,2129,2023-08-27,5,670.35,Completed
55827,2288,2128,2024-01-31,5,1239.42,Cancelled
55828,3190,2054,2023-12-17,4,925.64,Pending
55829,2278,2185,2024-04-16,1,44.17,Cancelled
55830,1895,2155,2023-10-18,5,370.52,Completed
55831,2150,2059,2024-03-18,1,488.24,Completed
55832,2777,2190,2023-06-14,2,554.2,Cancelled
55833,2679,2159,2024-04-19,4,908.52,Completed
55834,2717,2055,2023-11-30,3,1039.03,Pending
55835,1071,2125,2023-11-15,1,403.67,Completed
55836,1234,2023,2024-02-12,3,259.58,Completed
55837,1561,2098,2023-11-07,3,1378.7,Cancelled
55838,1096,2034,2023-10-21,3,904.96,Completed
55839,3056,2090,2024-04-06,2,355.57,Completed
55840,1985,2087,2023-08-20,3,,Pending
55841,2857,2196,2024-03-29,3,129.25,Pending
55842,2710,2175,2023-12-03,3,728.72,Completed
55843,2991,2065,2024-03-13,3,1111.57,Shipped
55844,1634,2085,2023-07-09,2,212.01,Completed
55845,3257,2075,2024-01-01,4,1606.91,Shipped
55846,1211,2022,2024-05-03,4,1630.33,Completed
55847,1647,2123,2024-03-28,2,640.11,Cancelled
55848,2754,2084,2023-08-22,2,797.21,Pending
55849,3034,2066,2024-05-13,5,2381.75,Cancelled
55850,1217,2037,2023-07-01,2,681.53,Completed
55851,2103,2010,2024-01-11,1,52.95,Completed
55852,1368,2088,2024-03-19,1,472.14,Completed
55853,1588,2107,2024-03-15,3,744.44,Completed
55854,1907,2178,2024-03-05,3,173.6,Completed
55855,3492,2124,2023-12-10,2,367.02,Cancelled
55856,2165,2107,2023-07-07,3,261.45,Pending
55857,1687,2006,2023-10-17,1,267.78,Completed
55858,1092,2102,2023-10-04,2,300.29,Pending
55859,1313,2018,2024-02-25,5,1308.18,Pending
55860,1774,2115,2023-08-13,5,551.45,Pending
55861,2431,2155,2023-09-05,2,706.97,Completed
55862,2175,2027,2024-05-30,5,281.65,Completed
55863,2576,2013,2023-10-04,2,986.14,Shipped
55864,1948,2016,2024-02-14,3,490.92,Completed
55865,3168,2167,2023-11-02,2,448.66,Pending
55866,1223,2171,2023-09-01,1,324.47,Completed
55867,1358,2057,2024-01-28,5,1408.18,Shipped
55868,1649,2176,2023-07-05,1,300.67,Pending
55869,2989,2186,2023-12-29,4,1885.13,Pending
55870,2864,2062,2023-12-31,3,1165.47,Pending
55871,2547,2080,2023-11-30,3,500.78,Cancelled
55872,1239,2054,2023-10-07,5,388.21,Completed
55873,2025,2052,2023-12-01,1,76.24,Completed
55874,1573,2098,2024-04-15,2,595.49,Completed
55875,1842,2061,2023-06-26,5,1593.39,Completed
55876,1788,2177,2023-10-06,2,670.16,Completed
55877,1843,2094,2024-05-13,1,172.88,Shipped
55878,3131,2081,2023-11-20,1,245.64,Completed
55879,2543,2065,2023-06-09,4,363.37,Pending
55880,1059,2099,2024-01-12,3,,Completed
55881,1506,2192,2023-10-31,3,1236.33,Pending
55882,2790,2041,2023-07-25,4,1922.45,Cancelled
55883,2003,2189,2023-10-09,2,480.51,Cancelled
55884,2858,2064,2023-06-28,2,603.98,Completed
55885,2790,2146,2023-11-15,4,1844.63,Completed
55886,1688,2171,2023-06-18,2,267.45,Completed
55887,3078,2159,2023-09-14,4,977.98,Completed
55888,1659,2096,2024-03-06,2,560.16,Cancelled
55889,3292,2155,2023-07-14,5,1716.01,Shipped
55890,3415,2077,2024-04-04,3,1431.17,Pending
55891,2368,2160,2024-03-25,1,380.84,Shipped
55892,3392,2071,2023-11-08,4,1347.94,Completed
55893,2223,2111,2023-10-07,3,280.74,Cancelled
55894,1025,2008,2023-10-11,1,485.05,Completed
55895,2242,2040,2024-02-25,4,1041.48,Completed
55896,2353,2066,2024-02-08,1,399.04,Cancelled
55897,3409,2121,2024-02-05,5,1757.8,Completed
55898,1512,2176,2023-11-02,4,957.71,Completed
55899,1936,2109,2024-02-06,2,770.83,Completed
55900,1183,2191,2023-08-05,5,1781.99,Completed
55901,2269,2171,2023-07-10,4,1018.76,Shipped
55902,1133,2163,2024-02-09,2,306.36,Pending
55903,1176,2173,2023-10-06,1,221.46,Completed
55904,2221,2004,2024-02-05,5,1592.95,Shipped
55905,1360,2099,2023-10-16,3,761.04,Completed
55906,2999,2089,2023-10-26,2,731.68,Shipped
55907,1825,2033,2024-03-14,4,1030.78,Cancelled
55908,2387,2024,2023-11-29,1,225.88,Pending
55909,3135,2131,2023-07-06,3,585.97,Pending
55910,1450,2178,2023-11-14,3,1266.09,Shipped
55911,2706,2021,2024-01-02,4,1163.39,Cancelled
55912,2236,2012,2024-03-16,2,449.55,Shipped
55913,1979,2100,2023-10-07,4,1314.53,Completed
55914,3330,2095,2023-11-08,1,355.41,Completed
55915,1294,2057,2023-09-15,5,918.78,Completed
55916,1768,2034,2023-10-12,3,1401.83,Cancelled
55917,1609,2096,2023-12-20,5,1084.72,Cancelled
55918,1527,2021,2023-08-14,4,1816.73,Pending
55919,2278,2143,2024-05-24,4,1201.49,Cancelled
55920,2246,2135,2024-02-02,5,,Cancelled
55921,3485,2105,2023-09-10,1,296.54,Completed
55922,1240,2089,2023-08-22,4,1291.25,Completed
55923,1840,2100,2024-03-19,2,221.41,Completed
55924,3308,2188,2023-07-11,4,575.84,Completed
55925,1018,2031,2023-08-08,4,634.98,Cancelled
55926,1041,2029,2024-02-05,4,487.22,Completed
55927,3482,2024,2024-03-19,5,2172.86,Completed
55928,2912,2175,2024-04-29,1,422.51,Completed
55929,2417,2058,2023-12-16,1,224.53,Completed
55930,1712,2050,2023-06-07,4,458.27,Pending
55931,2927,2053,2024-04-24,3,773.72,Completed
55932,2604,2159,2023-10-27,2,778.03,Cancelled
55933,2268,2017,2023-06-01,3,1328.82,Shipped
55934,1145,2056,2023-08-21,4,486.15,Completed
55935,1523,2079,2024-02-24,2,723.98,Completed
55936,2561,2053,2023-11-14,2,699.34,Completed
55937,2399,2106,2023-07-12,1,289.47,Shipped
55938,1620,2004,2023-10-03,5,132.85,Pending
55939,3387,2085,2024-02-14,4,1936.51,Shipped
55940,1275,2144,2023-11-19,2,922.55,Shipped
55941,1263,2182,2023-07-23,1,336.53,Completed
55942,3059,2196,2023-07-11,4,1020.41,Cancelled
55943,1123,2054,2024-04-22,4,905.41,Pending
55944,1937,2101,2024-04-29,5,846.33,Completed
55945,3078,2019,2024-04-28,2,200.45,Completed
55946,3382,2132,2023-10-22,3,89.49,Completed
55947,3013,2157,2023-06-26,2,684.45,Cancelled
55948,2140,2008,2023-09-24,4,786.33,Completed
55949,1811,2171,2023-07-26,2,197.54,Completed
55950,2405,2033,2024-05-18,4,1910.42,Completed
55951,2699,2116,2023-07-21,5,1624.48,Completed
55952,2023,2014,2023-12-07,4,1052.52,Cancelled
55953,1253,2117,2023-07-05,2,715.96,Pending
55954,2351,2039,2023-10-24,5,818.76,Cancelled
55955,3473,2019,2024-02-12,3,302.96,Shipped
55956,3456,2130,2023-09-30,5,1319.11,Completed
55957,1017,2183,2023-07-08,3,247.15,Cancelled
55958,2913,2114,2024-02-10,4,609.67,Completed
55959,2008,2103,2023-07-14,4,1728.52,Pending
55960,2696,2089,2023-08-10,5,,Completed
55961,1549,2181,2023-12-16,1,423.85,Shipped
55962,2343,2169,2023-10-16,5,1707.72,Completed
55963,1537,2145,2023-11-04,5,2157.65,Cancelled
55964,2215,2049,2024-05-09,3,1130.0,Completed
55965,2877,2123,2023-12-27,4,245.97,Completed
55966,3222,2138,2024-01-10,3,966.1,Completed
55967,1140,2182,2024-03-25,1,356.28,Cancelled
55968,2420,2185,2023-12-22,4,1079.58,Completed
55969,1854,2145,2024-05-22,3,1441.97,Cancelled
55970,1772,2099,2023-06-08,1,300.11,Completed
55971,1357,2040,2024-04-22,4,158.31,Pending
55972,1435,2144,2023-11-15,2,439.27,Shipped
55973,3176,2127,2024-02-29,1,497.74,Pending
55974,1557,2001,2024-05-08,2,77.61,Completed
55975,1880,2141,2024-03-08,1,473.16,Completed
55976,1047,2195,2024-03-22,5,1138.94,Pending
55977,2756,2057,2024-01-13,2,947.05,Completed
55978,2818,2058,2023-10-30,3,792.18,Pending
55979,2482,2108,2024-02-03,1,243.5,Completed
55980,3373,2162,2024-05-22,1,190.07,Shipped
55981,2336,2126,2023-10-25,2,609.51,Pending
55982,2960,2009,2023-11-10,3,632.31,Pending
55983,1825,2154,2023-10-03,1,211.42,Shipped
55984,3446,2002,2024-03-29,3,460.53,Pending
55985,3252,2168,2024-02-28,4,1517.9,Completed
55986,1206,2194,2023-11-29,5,2424.25,Pending
55987,3187,2032,2023-06-30,2,363.99,Completed
55988,1560,2151,2023-08-30,4,1694.33,Pending
55989,1524,2081,2023-10-18,4,1576.97,Completed
55990,1134,2145,2023-11-15,5,247.9,Completed
55991,1372,2200,2023-10-29,4,332.09,Completed
55992,3492,2120,2023-06-07,1,37.15,Cancelled
55993,1228,2009,2024-01-17,2,543.1,Completed
55994,2056,2101,2024-01-12,2,649.26,Shipped
55995,3033,2073,2023-10-03,4,1531.15,Completed
55996,3351,2163,2023-06-17,5,1560.41,Completed
55997,1863,2028,2024-03-21,5,880.15,Cancelled
55998,2549,2128,2023-07-05,5,645.21,Completed
55999,1824,2004,2023-11-27,3,254.34,Shipped
56000,3219,2164,2023-10-08,2,,Completed
56001,1425,2023,2024-03-25,1,118.25,Completed
56002,3463,2077,2023-06-08,5,822.79,Shipped
56003,3366,2073,2023-07-03,2,347.84,Pending
56004,3416,2010,2024-05-15,2,772.32,Completed
56005,2012,2143,2024-03-04,4,1390.82,Pending
56006,2595,2111,2023-06-19,4,1679.64,Shipped
56007,3145,2148,2023-11-11,1,449.77,Completed
56008,1069,2166,2023-09-17,5,1578.25,Pending
56009,3254,2056,2024-02-29,4,644.86,Shipped
56010,1797,2006,2024-02-26,1,267.5,Pending
56011,1979,2042,2024-05-19,5,1703.21,Shipped
56012,2834,2181,2023-06-05,2,415.59,Pending
56013,1993,2131,2023-08-25,1,249.16,Completed
56014,2266,2144,2023-07-11,5,898.55,Completed
56015,1915,2027,2023-07-10,4,1067.77,Completed
56016,2398,2113,2024-01-16,4,1700.21,Pending
56017,1293,2152,2023-08-09,5,1437.6,Completed
56018,1137,2059,2023-07-01,2,554.13,Pending
56019,2310,2113,2023-10-17,1,194.82,Cancelled
56020,1761,2061,2024-05-13,1,124.38,Completed
56021,2549,2113,2024-02-06,5,1270.16,Cancelled
56022,1696,2069,2024-04-01,4,1358.54,Completed
56023,2549,2083,2023-11-22,4,221.87,Pending
56024,2155,2148,2023-12-30,4,1901.25,Shipped
56025,2489,2025,2024-05-21,3,525.81,Pending
56026,2460,2196,2023-08-30,3,706.85,Completed
56027,2218,2174,2024-02-21,5,472.26,Completed
56028,1572,2185,2024-01-01,5,1486.93,Completed
56029,1461,2134,2023-12-05,1,386.9,Completed
56030,1460,2081,2024-01-08,4,1796.99,Completed
56031,3226,2089,2023-07-09,3,730.42,Completed
56032,2723,2127,2023-06-19,3,160.91,Pending
56033,3180,2003,2024-04-07,5,605.4,Shipped
56034,1859,2018,2024-03-25,2,296.22,Completed
56035,1248,2046,2024-02-04,3,800.53,Pending
56036,1212,2064,2024-04-16,3,1138.84,Completed
56037,2544,2052,2024-05-18,2,861.4,Cancelled
56038,3368,2039,2023-10-04,3,963.73,Completed
56039,1567,2072,2023-11-12,4,201.83,Completed
56040,2298,2087,2024-01-27,5,,Shipped
56041,1547,2104,2023-09-07,5,1416.8,Shipped
56042,1830,2043,2023-10-16,2,490.79,Pending
56043,1451,2171,2024-02-24,4,1568.51,Shipped
56044,3095,2162,2023-12-11,5,2346.87,Shipped
56045,2028,2124,2023-12-31,2,955.04,Completed
56046,2923,2007,2023-09-16,5,943.29,Completed
56047,2924,2144,2024-01-14,2,442.55,Completed
56048,3338,2049,2023-08-02,5,493.17,Shipped
56049,3343,2072,2023-07-17,2,936.5,Shipped
56050,1914,2036,2024-02-17,1,436.84,Pending
56051,1760,2090,2023-10-02,5,720.43,Shipped
56052,1389,2129,2023-12-02,3,561.96,Completed
56053,1264,2139,2024-04-09,2,352.38,Cancelled
56054,1980,2022,2023-10-12,1,49.3,Completed
56055,2422,2103,2023-09-24,1,121.44,Completed
56056,3069,2039,2024-01-07,4,462.49,Shipped
56057,2241,2157,2023-06-05,3,1476.99,Cancelled
56058,3240,2098,2023-12-02,4,290.5,Cancelled
56059,3393,2183,2024-01-10,2,137.76,Completed
56060,2502,2016,2024-02-24,4,427.98,Cancelled
56061,2671,2138,2023-11-08,4,655.13,Shipped
56062,1862,2077,2024-01-11,4,196.02,Shipped
56063,3146,2138,2023-08-29,2,69.27,Completed
56064,2481,2140,2024-01-11,2,544.63,Shipped
56065,2186,2102,2024-01-26,2,423.29,Completed
56066,2625,2052,2023-10-03,1,429.67,Completed
56067,2587,2011,2023-07-23,4,399.63,Pending
56068,1624,2132,2023-06-08,2,947.45,Shipped
56069,2660,2080,2024-04-07,1,269.89,Completed
56070,3047,2073,2024-03-19,1,325.05,Pending
56071,1982,2066,2024-04-29,2,865.53,Shipped
56072,1142,2059,2023-07-19,1,363.83,Shipped
56073,1402,2100,2023-12-28,2,780.17,Pending
56074,1733,2193,2023-08-13,5,776.04,Completed
56075,2254,2019,2023-10-27,1,278.38,Completed
56076,2859,2158,2023-12-11,2,204.7,Cancelled
56077,2442,2020,2023-07-24,1,267.94,Cancelled
56078,2749,2021,2023-06-19,4,1489.12,Pending
56079,1180,2190,2024-05-03,1,111.76,Pending
56080,1026,2076,2024-01-01,5,,Completed
56081,2812,2068,2024-04-09,3,358.93,Shipped
56082,1434,2185,2023-12-12,2,906.45,Completed
56083,1298,2007,2023-12-31,4,1290.32,Cancelled
56084,3230,2074,2023-11-11,4,1759.92,Completed
56085,1605,2020,2024-01-07,3,154.77,Completed
56086,2122,2040,2023-09-17,5,1484.06,Completed
56087,2090,2191,2023-10-09,1,243.93,Completed
56088,1063,2176,2024-01-24,2,635.72,Completed
56089,1099,2044,2023-10-03,1,495.47,Shipped
56090,1125,2109,2024-01-09,4,279.14,Cancelled
56091,2392,2060,2023-09-22,2,787.39,Pending
56092,1331,2066,2024-01-20,5,1930.85,Completed
56093,2047,2189,2023-07-04,2,584.76,Cancelled
56094,1680,2075,2024-03-23,2,198.78,Completed
56095,3080,2172,2024-03-08,1,194.36,Shipped
56096,1742,2013,2024-02-16,5,2166.37,Shipped
56097,2451,2036,2023-07-27,4,1758.58,Cancelled
56098,1015,2031,2023-08-20,4,1253.83,Completed
56099,2369,2012,2023-11-15,1,251.68,Completed
56100,1557,2072,2024-04-03,1,135.05,Cancelled
56101,2210,2062,2023-06-28,2,827.42,Shipped
56102,1692,2094,2023-06-24,2,512.03,Cancelled
56103,2628,2039,2023-10-01,5,672.09,Completed
56104,2212,2013,2024-05-13,2,507.74,Pending
56105,2454,2066,2023-09-16,5,1512.08,Completed
56106,1633,2188,2024-03-14,3,1125.76,Completed
56107,1783,2058,2023-06-14,5,1100.86,Completed
56108,1394,2074,2024-03-11,4,1345.19,Completed
56109,3420,2167,2023-06-24,5,883.39,Completed
56110,2363,2015,2023-10-18,5,2155.48,Shipped
56111,1434,2086,2024-03-26,1,422.23,Completed
56112,3282,2033,2023-09-17,4,1027.63,Completed
56113,1244,2158,2023-06-27,4,580.96,Completed
56114,2928,2147,2024-05-19,2,589.6,Shipped
56115,1294,2121,2023-08-03,4,1885.34,Shipped
56116,1041,2008,2023-09-11,3,583.08,Cancelled
56117,3065,2177,2023-10-20,5,1065.8,Shipped
56118,2994,2194,2023-09-15,4,658.17,Completed
56119,3453,2097,2023-12-25,4,1896.69,Pending
56120,1554,2057,2023-12-19,4,,Completed
56121,2925,2068,2023-07-24,2,56.35,Completed
56122,3226,2001,2023-09-07,4,1081.84,Completed
56123,3053,2164,2023-08-18,3,1272.28,Completed
56124,3186,2174,2024-03-26,3,81.76,Completed
56125,3380,2064,2023-12-04,1,216.02,Completed
56126,2622,2156,2024-05-28,3,763.49,Pending
56127,2530,2034,2024-05-19,4,895.6,Completed
56128,3290,2014,2023-09-20,1,227.99,Pending
56129,2925,2134,2023-07-06,4,698.69,Completed
56130,3268,2018,2023-10-06,3,422.85,Pending
56131,2097,2041,2024-04-08,5,671.34,Cancelled
56132,1902,2003,2023-09-16,5,1936.82,Completed
56133,1985,2154,2023-12-05,2,753.47,Pending
56134,1172,2134,2024-04-30,5,2456.5,Completed
56135,1741,2154,2024-03-13,4,1771.36,Completed
56136,1124,2024,2023-07-14,3,957.65,Cancelled
56137,3003,2185,2023-11-03,4,1958.72,Completed
56138,3005,2052,2024-05-10,4,1726.81,Completed
56139,2129,2195,2024-03-28,5,219.65,Pending
56140,2880,2137,2023-07-05,5,861.32,Pending
56141,2378,2148,2024-02-01,4,542.73,Pending
56142,1386,2200,2023-06-17,2,784.65,Completed
56143,1087,2088,2024-01-27,2,913.1,Pending
56144,3218,2187,2024-03-24,1,463.19,Cancelled
56145,1083,2076,2023-07-27,4,1936.11,Completed
56146,2759,2160,2024-04-23,3,1343.83,Completed
56147,2941,2183,2023-08-22,1,451.48,Cancelled
56148,3074,2117,2024-05-04,4,1623.57,Shipped
56149,2739,2148,2024-03-28,1,208.92,Cancelled
56150,2895,2047,2023-09-27,4,569.77,Completed
56151,1487,2009,2023-10-14,5,2165.15,Pending
56152,3278,2183,2024-01-01,4,1872.78,Completed
56153,1596,2099,2023-11-15,4,1419.05,Cancelled
56154,1274,2142,2023-08-13,5,2120.16,Completed
56155,3010,2195,2024-03-14,5,1648.18,Cancelled
56156,3085,2094,2024-04-28,2,295.34,Shipped
56157,3386,2017,2024-04-15,4,149.08,Cancelled
56158,2197,2026,2024-05-22,3,1040.28,Cancelled
56159,2372,2095,2023-09-07,4,1455.2,Completed
56160,2140,2055,2024-01-20,4,,Cancelled
56161,2315,2095,2024-03-16,4,1944.79,Completed
56162,3020,2032,2024-01-09,5,2107.2,Completed
56163,3243,2182,2023-07-19,3,1143.37,Completed
56164,1020,2016,2023-10-18,1,397.56,Completed
56165,2681,2012,2023-08-16,2,785.51,Completed
56166,1209,2187,2024-01-03,3,1455.81,Completed
56167,2821,2197,2024-04-06,4,401.92,Pending
56168,3147,2190,2023-08-22,2,746.33,Cancelled
56169,2353,2192,2023-11-04,2,480.78,Completed
56170,2096,2067,2024-03-28,4,1193.87,Shipped
56171,3455,2039,2023-12-09,1,403.56,Shipped
56172,3444,2123,2024-05-19,2,821.83,Pending
56173,2318,2071,2024-01-15,3,799.94,Pending
56174,3295,2180,2024-05-07,2,957.01,Pending
56175,1275,2016,2024-05-24,3,342.21,Cancelled
56176,1586,2091,2024-04-27,5,255.97,Pending
56177,3030,2118,2023-08-01,5,894.05,Shipped
56178,2644,2001,2024-04-21,1,250.85,Completed
56179,1083,2066,2023-07-02,2,382.68,Completed
56180,1192,2076,2023-08-01,2,905.36,Pending
56181,2626,2127,2024-01-25,3,285.41,Completed
56182,2794,2029,2023-08-19,4,1193.74,Shipped
56183,2920,2027,2024-01-11,4,504.68,Completed
56184,1038,2106,2023-10-30,2,999.6,Pending
56185,1645,2146,2024-04-07,1,351.59,Completed
56186,3097,2141,2024-04-18,1,256.36,Shipped
56187,2668,2119,2023-12-21,2,936.28,Completed
56188,2796,2009,2023-08-13,3,519.62,Completed
56189,2624,2164,2023-09-27,5,283.52,Cancelled
56190,2266,2108,2023-10-18,4,339.61,Pending
56191,1222,2073,2023-12-14,4,1978.78,Cancelled
56192,1646,2168,2023-06-23,2,464.05,Completed
56193,2601,2178,2023-07-26,3,1086.79,Shipped
56194,2438,2009,2024-05-05,2,423.23,Completed
56195,1974,2066,2023-06-16,5,2193.26,Pending
56196,1928,2024,2023-08-09,2,803.31,Shipped
56197,1228,2183,2024-01-08,4,934.2,Pending
56198,2323,2074,2024-05-01,1,179.05,Shipped
56199,1733,2072,2023-08-20,1,353.51,Pending
56200,3316,2072,2023-09-22,3,,Completed
56201,3051,2191,2024-01-09,1,246.52,Shipped
56202,1050,2094,2024-03-10,1,138.89,Cancelled
56203,1132,2086,2024-01-18,2,227.45,Completed
56204,2549,2199,2024-01-14,5,1923.37,Shipped
56205,3295,2099,2023-10-30,3,548.45,Completed
56206,1547,2105,2023-07-27,3,244.78,Pending
56207,1046,2189,2023-11-26,3,1474.03,Completed
56208,2492,2041,2024-04-14,3,126.47,Pending
56209,3178,2127,2023-10-15,3,206.97,Completed
56210,2408,2173,2024-03-27,5,2113.76,Shipped
56211,3238,2151,2024-01-09,2,936.14,Completed
56212,3300,2102,2024-04-01,2,880.54,Completed
56213,2285,2111,2023-06-13,1,206.87,Completed
56214,2372,2171,2023-11-25,1,198.95,Pending
56215,3406,2194,2024-01-15,3,182.67,Cancelled
56216,1823,2122,2024-02-22,3,912.85,Completed
56217,1275,2045,2024-01-19,2,303.76,Completed
56218,2370,2136,2024-04-26,1,342.79,Cancelled
56219,3018,2109,2024-05-18,2,156.4,Completed
56220,2708,2196,2023-07-16,4,626.74,Pending
56221,1316,2082,2023-08-16,4,1563.04,Completed
56222,1620,2037,2023-08-05,3,1361.7,Pending
56223,1161,2190,2024-05-12,5,350.1,Completed
56224,1440,2070,2024-02-26,1,104.72,Shipped
56225,2814,2019,2024-04-11,5,1396.2,Completed
56226,3276,2154,2024-05-03,3,425.92,Completed
56227,3269,2171,2024-04-27,1,409.51,Pending
56228,3111,2029,2024-02-05,5,718.13,Shipped
56229,1059,2134,2023-06-10,3,808.85,Cancelled
56230,3491,2004,2023-11-16,5,224.28,Completed
56231,2097,2005,2023-09-07,2,318.49,Completed
56232,2393,2009,2024-03-10,1,355.07,Completed
56233,2389,2097,2024-05-29,2,374.21,Shipped
56234,3123,2185,2024-05-02,4,1639.68,Cancelled
56235,3418,2010,2024-04-20,2,963.36,Completed
56236,1281,2025,2023-12-28,4,1179.95,Pending
56237,1091,2036,2024-04-21,1,101.36,Completed
56238,2762,2115,2024-01-03,3,280.47,Completed
56239,1611,2181,2024-05-16,3,881.52,Completed
56240,2625,2199,2023-08-21,1,,Completed
56241,3086,2144,2023-10-13,5,2265.95,Shipped
56242,2315,2154,2023-07-09,2,419.35,Cancelled
56243,1609,2001,2023-10-04,2,125.08,Completed
56244,2773,2095,2023-12-31,3,781.0,Completed
56245,2719,2101,2023-11-29,4,1716.18,Cancelled
56246,1396,2055,2023-06-12,3,1471.46,Cancelled
56247,2415,2015,2023-11-03,2,930.76,Cancelled
56248,2623,2075,2024-04-28,1,214.02,Completed
56249,1162,2136,2023-12-15,2,881.86,Shipped
56250,3309,2083,2023-09-06,2,780.42,Completed
56251,1095,2121,2023-08-15,3,1348.02,Cancelled
56252,3004,2099,2023-10-09,1,460.51,Pending
56253,1405,2056,2024-05-08,5,989.68,Completed
56254,3008,2065,2023-11-12,5,1067.54,Cancelled
56255,1055,2177,2023-11-13,5,600.18,Completed
56256,2280,2010,2024-02-21,2,400.54,Shipped
56257,2144,2037,2024-05-11,4,1078.42,Completed
56258,3313,2140,2024-02-17,1,305.02,Completed
56259,2776,2157,2023-12-14,3,617.77,Completed
56260,1729,2095,2024-05-06,5,1110.12,Completed
56261,2878,2112,2024-05-18,2,181.91,Pending
56262,3208,2061,2023-07-13,2,496.51,Completed
56263,2042,2032,2024-02-28,2,632.37,Cancelled
56264,2411,2087,2024-04-21,4,1686.55,Shipped
56265,1135,2042,2023-08-08,5,167.15,Pending
56266,3037,2021,2024-05-13,1,224.74,Cancelled
56267,2214,2093,2023-06-10,2,761.46,Shipped
56268,3341,2074,2023-10-15,4,524.1,Completed
56269,1875,2072,2023-07-19,3,1067.54,Cancelled
56270,1300,2008,2023-09-20,2,952.29,Shipped
56271,1507,2136,2024-01-07,4,1936.03,Cancelled
56272,1205,2109,2024-01-03,4,1923.43,Completed
56273,2928,2124,2024-04-26,2,763.6,Shipped
56274,1400,2021,2024-05-04,1,165.26,Cancelled
56275,1944,2131,2023-10-07,2,754.6,Cancelled
56276,1711,2101,2023-06-10,1,330.15,Pending
56277,2921,2183,2024-01-30,5,1913.22,Shipped
56278,1909,2049,2023-10-23,2,176.59,Completed
56279,3423,2058,2024-04-11,2,177.24,Completed
56280,2475,2196,2024-02-08,4,,Completed
56281,2868,2117,2023-10-08,3,710.41,Completed
56282,1197,2043,2023-07-25,5,1373.16,Completed
56283,1765,2024,2023-07-22,3,825.02,Pending
56284,1143,2059,2024-05-30,4,460.25,Completed
56285,3386,2102,2024-05-30,5,1286.82,Cancelled
56286,2220,2046,2023-06-09,3,733.52,Shipped
56287,3408,2198,2024-03-13,2,400.08,Cancelled
56288,3434,2080,2024-01-15,4,206.36,Pending
56289,3361,2180,2023-10-04,5,546.94,Completed
56290,1989,2034,2024-04-26,1,96.35,Completed
56291,2272,2105,2023-07-12,4,1454.11,Shipped
56292,2943,2152,2023-10-27,4,1517.65,Pending
56293,2853,2135,2024-05-06,1,271.91,Cancelled
56294,3117,2112,2023-09-19,4,1517.96,Completed
56295,1921,2147,2023-11-14,5,1831.79,Shipped
56296,2344,2150,2023-08-09,1,79.51,Cancelled
56297,2374,2192,2024-01-11,2,268.17,Shipped
56298,2361,2162,2023-06-27,1,318.92,Pending
56299,1876,2127,2024-02-05,5,1128.48,Pending
56300,1806,2130,2024-03-25,4,1778.35,Completed
56301,2197,2197,2024-03-15,5,2209.91,Shipped
56302,2904,2146,2023-07-14,4,1152.51,Shipped
56303,1630,2035,2023-06-11,1,286.32,Shipped
56304,1506,2006,2023-06-16,1,377.62,Completed
56305,3067,2105,2024-05-07,4,1232.69,Pending
56306,1747,2082,2023-07-14,3,771.03,Cancelled
56307,2394,2028,2023-10-08,5,1947.15,Completed
56308,3315,2180,2023-12-21,4,286.49,Shipped
56309,1058,2170,2024-02-17,1,25.74,Completed
56310,2447,2132,2024-05-21,4,1810.4,Completed
56311,1642,2169,2023-08-29,4,1729.84,Shipped
56312,2201,2185,2024-05-20,5,2401.69,Pending
56313,2432,2181,2024-05-03,2,638.2,Cancelled
56314,1813,2012,2023-11-24,1,241.9,Cancelled
56315,2904,2040,2023-11-17,1,110.52,Completed
56316,2049,2053,2023-09-29,3,405.62,Pending
56317,2898,2096,2024-05-11,4,1391.71,Pending
56318,2820,2055,2023-10-07,2,418.6,Completed
56319,3180,2124,2023-11-13,1,123.24,Completed
56320,1038,2077,2024-05-28,5,,Completed
56321,2052,2001,2024-01-27,4,242.52,Shipped
56322,1747,2131,2023-06-16,4,262.14,Shipped
56323,3362,2153,2023-06-19,4,1700.5,Pending
56324,2610,2182,2023-12-29,5,1937.0,Shipped
56325,2119,2122,2023-08-17,1,243.25,Completed
56326,2188,2197,2023-09-26,3,630.82,Cancelled
56327,2004,2189,2023-06-26,2,195.96,Completed
56328,2585,2147,2023-12-08,2,889.4,Completed
56329,3180,2115,2023-12-12,4,493.07,Shipped
56330,1044,2122,2024-03-13,1,379.41,Shipped
56331,3045,2046,2024-02-23,2,669.84,Completed
56332,2890,2099,2023-10-16,4,1523.41,Completed
56333,1752,2175,2023-12-11,1,148.65,Shipped
56334,3489,2053,2024-05-02,4,1373.34,Completed
56335,1440,2198,2024-03-20,4,434.5,Pending
56336,2368,2101,2024-05-23,3,439.32,Cancelled
56337,1157,2150,2023-11-11,1,324.03,Completed
56338,2611,2103,2023-09-20,1,54.29,Pending
56339,1823,2100,2023-08-14,1,401.46,Completed
56340,2470,2174,2023-07-10,4,592.06,Pending
56341,3091,2119,2024-05-30,1,438.77,Cancelled
56342,1443,2024,2023-09-13,3,1165.34,Completed
56343,2952,2192,2024-04-19,2,624.13,Completed
56344,1656,2124,2024-04-17,2,777.15,Cancelled
56345,2299,2149,2024-03-05,4,937.27,Pending
56346,1251,2086,2023-12-02,3,811.48,Cancelled
56347,1152,2122,2023-07-16,2,708.73,Cancelled
56348,2574,2156,2024-04-03,1,179.69,Shipped
56349,3250,2047,2024-01-31,1,48.57,Completed
56350,3351,2064,2023-09-20,1,125.77,Completed
56351,2602,2131,2024-03-19,2,497.42,Completed
56352,2724,2006,2023-08-20,1,143.61,Cancelled
56353,3195,2074,2023-07-09,3,787.1,Completed
56354,1555,2190,2024-04-07,1,274.99,Completed
56355,2534,2017,2024-03-29,3,1210.01,Completed
56356,2938,2112,2024-05-07,3,553.8,Cancelled
56357,1642,2040,2023-09-21,3,590.18,Completed
56358,3240,2083,2024-03-11,4,1369.54,Pending
56359,1799,2002,2024-05-07,2,779.39,Cancelled
56360,1727,2156,2023-09-23,2,,Completed
56361,3225,2113,2024-02-25,5,1307.4,Completed
56362,1795,2090,2024-04-02,4,670.61,Completed
56363,2682,2135,2024-05-06,3,1286.95,Pending
56364,2090,2106,2023-10-20,3,532.37,Pending
56365,1619,2134,2023-10-04,1,385.14,Completed
56366,3256,2091,2024-05-16,1,275.01,Completed
56367,3212,2123,2023-11-09,4,1506.07,Completed
56368,1105,2192,2024-05-12,3,848.68,Shipped
56369,1050,2082,2024-02-27,1,76.71,Cancelled
56370,3278,2175,2024-01-02,4,1229.63,Completed
56371,2039,2128,2024-01-09,1,304.43,Pending
56372,3177,2198,2024-03-07,4,816.16,Pending
56373,2212,2100,2023-11-17,2,939.22,Completed
56374,2231,2114,2024-01-13,3,1134.85,Pending
56375,1938,2051,2024-02-01,5,2248.64,Completed
56376,1640,2178,2024-01-07,2,526.9,Cancelled
56377,1305,2089,2023-06-01,2,257.65,Completed
56378,1847,2141,2024-04-23,4,565.26,Completed
56379,1206,2083,2023-08-24,1,310.14,Completed
56380,2309,2163,2023-06-02,3,749.36,Pending
56381,1109,2160,2024-01-31,5,1139.29,Cancelled
56382,1312,2070,2023-11-29,5,1281.18,Completed
56383,2679,2097,2023-06-09,5,1390.0,Shipped
56384,2299,2149,2023-07-29,5,1447.04,Pending
56385,2221,2125,2023-09-27,4,928.09,Completed
56386,2808,2166,2024-02-26,5,956.43,Pending
56387,2227,2130,2024-03-31,3,1362.0,Completed
56388,2855,2030,2023-10-04,1,404.9,Cancelled
56389,3193,2065,2023-10-13,3,1440.29,Shipped
56390,3462,2100,2023-07-04,4,562.0,Cancelled
56391,2312,2047,2023-11-21,4,576.85,Pending
56392,2980,2072,2023-09-30,4,1316.4,Completed
56393,1581,2057,2024-02-15,3,809.18,Pending
56394,2513,2099,2023-07-08,5,318.29,Cancelled
56395,3306,2133,2024-01-27,3,606.97,Cancelled
56396,3204,2057,2023-08-04,2,823.28,Completed
56397,1117,2016,2023-11-13,5,154.2,Completed
56398,2437,2190,2023-07-29,4,537.22,Completed
56399,3255,2094,2023-10-24,1,178.2,Cancelled
56400,1276,2147,2023-09-23,3,,Completed
56401,2190,2105,2023-08-04,4,295.98,Completed
56402,1772,2157,2023-09-28,2,940.85,Completed
56403,2665,2087,2023-09-30,2,403.27,Completed
56404,2510,2157,2024-01-28,3,1404.1,Cancelled
56405,3219,2006,2024-03-19,4,1995.31,Completed
56406,3064,2048,2024-05-26,1,307.35,Completed
56407,3152,2126,2024-03-13,4,1551.42,Completed
56408,2928,2130,2024-04-29,5,472.46,Shipped
56409,2951,2049,2024-01-25,4,570.35,Cancelled
56410,2921,2117,2023-09-21,5,1647.91,Cancelled
56411,2013,2112,2023-12-15,4,151.73,Pending
56412,3333,2128,2024-02-13,3,1400.15,Completed
56413,1227,2176,2024-04-25,3,470.35,Completed
56414,1190,2114,2024-05-26,2,620.57,Completed
56415,3498,2187,2023-06-14,1,33.18,Pending
56416,1948,2182,2023-09-02,2,434.52,Completed
56417,2838,2133,2023-08-21,3,487.75,Completed
56418,1065,2086,2024-04-14,3,1030.76,Shipped
56419,2439,2109,2024-02-11,1,57.15,Pending
56420,2309,2053,2024-03-26,5,2120.39,Shipped
56421,2812,2043,2023-10-21,3,863.9,Shipped
56422,3418,2142,2024-01-22,1,491.55,Shipped
56423,3052,2078,2023-06-04,4,725.73,Completed
56424,1822,2177,2024-03-08,1,198.17,Shipped
56425,2606,2087,2024-04-12,4,369.68,Cancelled
56426,1889,2159,2023-12-07,1,390.48,Shipped
56427,1099,2090,2023-07-13,2,859.45,Pending
56428,3483,2107,2024-01-16,2,111.58,Completed
56429,3191,2028,2023-11-10,4,1140.27,Cancelled
56430,2843,2008,2023-09-02,4,1743.6,Cancelled
56431,2367,2058,2024-01-17,5,2208.87,Cancelled
56432,1638,2029,2023-10-26,5,530.29,Completed
56433,1913,2122,2023-07-23,4,558.53,Pending
56434,1788,2145,2023-06-19,5,1008.45,Completed
56435,1137,2105,2024-03-13,3,1048.94,Cancelled
56436,1837,2109,2024-02-20,1,226.11,Completed
56437,1815,2138,2023-12-20,4,738.35,Pending
56438,1189,2103,2024-01-30,4,805.65,Completed
56439,3311,2092,2024-01-16,2,748.26,Completed
56440,2191,2026,2023-06-02,3,,Shipped
56441,2811,2124,2024-05-03,2,386.1,Completed
56442,2203,2011,2023-08-31,3,1056.04,Shipped
56443,3184,2167,2024-04-10,5,1426.79,Completed
56444,3215,2082,2023-11-14,5,1187.94,Completed
56445,2404,2125,2024-02-13,3,1152.4,Pending
56446,1611,2012,2024-02-25,1,97.64,Completed
56447,1068,2074,2023-07-14,3,159.46,Pending
56448,2241,2149,2023-10-04,1,217.88,Completed
56449,3143,2172,2023-07-31,4,1556.4,Completed
56450,1353,2088,2024-04-21,3,972.3,Pending
56451,1366,2060,2024-04-27,3,98.72,Completed
56452,2805,2170,2024-05-01,3,139.18,Completed
56453,2278,2086,2024-03-09,3,123.33,Shipped
56454,3269,2151,2023-08-10,2,644.88,Completed
56455,2664,2147,2024-04-14,1,465.26,Pending
56456,2271,2156,2023-11-05,5,699.74,Pending
56457,2427,2190,2024-05-22,5,2370.4,Shipped
56458,1923,2168,2023-12-19,2,584.3,Pending
56459,2200,2125,2023-08-11,2,339.18,Completed
56460,3089,2191,2023-07-20,4,172.92,Shipped
56461,1905,2061,2023-11-26,1,396.62,Completed
56462,1754,2067,2023-10-18,5,1622.85,Shipped
56463,2667,2103,2024-05-25,2,687.63,Completed
56464,1167,2187,2023-06-18,3,583.68,Cancelled
56465,3248,2005,2023-10-18,5,2185.98,Cancelled
56466,2709,2127,2024-04-19,2,850.06,Completed
56467,2236,2003,2024-05-17,5,1019.14,Shipped
56468,2793,2014,2024-03-16,5,1317.16,Pending
56469,1864,2019,2024-02-10,1,477.39,Cancelled
56470,1474,2102,2023-12-26,5,2288.7,Completed
56471,1913,2005,2023-09-26,5,823.39,Cancelled
56472,1445,2174,2023-09-01,5,352.83,Completed
56473,1415,2098,2023-10-08,3,447.08,Pending
56474,2578,2040,2023-12-07,4,540.1,Completed
56475,2431,2057,2024-01-02,1,85.43,Pending
56476,3431,2129,2024-01-18,4,427.21,Completed
56477,3393,2091,2024-02-11,5,2361.82,Pending
56478,2148,2094,2023-06-20,5,267.33,Cancelled
56479,3071,2158,2024-01-18,1,246.47,Completed
56480,1904,2023,2023-11-20,4,,Pending
56481,1151,2072,2023-08-28,4,1881.86,Completed
56482,2086,2198,2023-10-08,4,266.37,Pending
56483,2364,2010,2023-10-14,3,1166.64,Completed
56484,1760,2111,2023-10-12,3,1455.18,Shipped
56485,3049,2190,2024-04-20,2,619.62,Pending
56486,3442,2074,2023-12-06,3,197.99,Shipped
56487,3349,2030,2023-09-21,4,1159.64,Completed
56488,3437,2130,2024-02-04,4,356.57,Cancelled
56489,1776,2141,2023-09-07,4,568.41,Pending
56490,2333,2189,2023-08-24,3,1356.01,Pending
56491,2708,2001,2024-05-26,4,634.5,Shipped
56492,1496,2080,2024-01-10,3,1278.92,Completed
56493,1014,2044,2024-01-09,1,115.41,Completed
56494,2157,2040,2023-11-14,3,561.62,Completed
56495,3282,2051,2023-08-13,4,1467.76,Completed
56496,1852,2137,2023-10-09,1,434.97,Completed
56497,2412,2019,2023-06-05,5,1709.16,Completed
56498,1543,2161,2023-12-03,2,872.96,Completed
56499,1028,2095,2023-12-23,5,1320.38,Completed
56500,3092,2071,2024-04-27,5,2316.32,Shipped
56501,1055,2113,2023-08-20,4,236.46,Pending
56502,1771,2053,2023-11-05,1,353.83,Completed
56503,1868,2126,2024-02-27,1,373.32,Completed
56504,1621,2105,2024-01-27,2,478.74,Completed
56505,1634,2105,2023-08-04,4,949.6,Shipped
56506,2760,2113,2023-10-28,4,1775.97,Completed
56507,3076,2131,2023-08-03,5,1632.08,Completed
56508,2577,2138,2024-01-15,4,1529.87,Cancelled
56509,1619,2148,2023-10-27,3,940.11,Completed
56510,1299,2052,2023-12-31,4,758.5,Pending
56511,1644,2187,2023-12-24,4,1058.8,Shipped
56512,3473,2002,2024-05-17,3,402.62,Shipped
56513,2732,2113,2024-04-26,5,621.94,Completed
56514,1131,2049,2023-07-09,4,334.54,Shipped
56515,1846,2028,2024-02-03,4,1234.06,Completed
56516,1997,2078,2023-06-22,2,576.85,Cancelled
56517,1908,2049,2023-09-11,1,335.74,Shipped
56518,1393,2132,2023-06-09,1,214.06,Completed
56519,3215,2003,2023-08-20,2,452.21,Cancelled
56520,1239,2031,2024-04-01,2,,Shipped
56521,2497,2050,2023-07-07,1,192.97,Shipped
56522,1988,2145,2024-02-03,5,2284.09,Completed
56523,2986,2063,2023-10-12,1,433.62,Cancelled
56524,1346,2006,2024-05-10,4,1572.31,Completed
56525,3049,2108,2023-09-02,2,729.94,Completed
56526,1245,2075,2023-12-21,1,476.52,Pending
56527,1716,2037,2023-11-07,4,1149.17,Cancelled
56528,1540,2038,2023-11-20,1,328.21,Cancelled
56529,1600,2110,2024-04-24,1,472.81,Completed
56530,2382,2012,2023-12-30,2,111.81,Cancelled
56531,2185,2009,2023-07-10,3,1309.69,Cancelled
56532,3384,2128,2024-04-29,1,212.47,Shipped
56533,3145,2017,2023-06-20,5,2497.23,Pending
56534,2450,2048,2024-01-03,5,1064.69,Completed
56535,1204,2137,2023-09-18,4,1149.46,Pending
56536,3283,2173,2023-08-23,1,163.18,Pending
56537,1926,2121,2023-09-09,1,274.59,Pending
56538,1339,2072,2023-09-10,5,167.49,Cancelled
56539,1042,2155,2023-08-19,1,458.87,Completed
56540,2603,2046,2023-12-21,1,254.13,Shipped
56541,1727,2167,2023-10-24,4,642.29,Completed
56542,2839,2160,2024-02-23,5,2127.4,Cancelled
56543,1704,2017,2023-09-27,2,488.75,Cancelled
56544,1481,2085,2023-08-29,2,616.25,Completed
56545,1709,2035,2024-03-21,4,1374.18,Completed
56546,2344,2066,2023-06-20,1,165.94,Shipped
56547,2020,2141,2024-05-16,3,772.26,Completed
56548,2195,2061,2024-04-24,1,265.28,Pending
56549,2276,2093,2024-04-03,3,722.69,Completed
56550,1236,2122,2024-04-18,5,537.54,Completed
56551,2756,2056,2023-12-22,4,1975.28,Cancelled
56552,1992,2123,2023-11-27,3,1468.75,Shipped
56553,2498,2166,2023-06-09,3,1260.0,Completed
56554,3229,2063,2024-03-03,4,785.65,Completed
56555,3048,2192,2024-01-24,1,318.11,Completed
56556,1772,2030,2024-01-14,2,140.24,Completed
56557,1930,2197,2023-12-03,5,1803.21,Completed
56558,2159,2050,2023-09-16,2,154.49,Completed
56559,2723,2149,2024-01-02,3,101.2,Completed
56560,1342,2080,2023-12-25,1,,Cancelled
56561,1819,2054,2023-11-15,2,56.78,Pending
56562,1682,2045,2023-12-14,1,351.12,Completed
56563,1317,2100,2023-10-20,2,772.51,Pending
56564,1929,2060,2023-07-30,4,279.53,Completed
56565,3252,2040,2023-09-06,1,28.71,Pending
56566,1352,2177,2024-01-16,1,310.98,Cancelled
56567,2209,2082,2024-01-25,3,140.84,Completed
56568,3473,2171,2024-04-22,5,984.7,Cancelled
56569,1302,2154,2024-05-29,1,27.7,Completed
56570,2692,2198,2024-01-12,2,655.8,Completed
56571,2709,2058,2023-12-04,5,1001.57,Pending
56572,2771,2062,2023-12-03,2,300.55,Completed
56573,1116,2039,2024-05-26,2,815.97,Cancelled
56574,2542,2123,2023-07-21,1,213.5,Completed
56575,2735,2006,2023-08-26,3,903.1,Completed
56576,2501,2115,2024-01-12,4,646.34,Shipped
56577,2233,2149,2023-06-23,3,745.92,Pending
56578,2381,2050,2023-08-17,2,727.69,Shipped
56579,3021,2178,2024-05-12,3,307.58,Completed
56580,2294,2135,2024-01-24,5,1608.06,Cancelled
56581,3437,2183,2023-07-30,4,1649.78,Cancelled
56582,2022,2026,2024-01-31,1,175.69,Completed
56583,1384,2018,2023-10-11,2,737.15,Completed
56584,1644,2075,2024-05-25,5,865.42,Completed
56585,2251,2107,2024-01-12,2,120.64,Shipped
56586,1836,2114,2023-07-09,4,1801.83,Shipped
56587,2081,2024,2024-03-20,1,349.14,Pending
56588,3446,2083,2023-11-06,3,1007.88,Cancelled
56589,2442,2122,2023-06-03,2,291.46,Completed
56590,1372,2127,2023-12-24,1,244.22,Pending
56591,1428,2053,2024-04-28,1,78.84,Shipped
56592,1515,2116,2023-09-18,5,651.43,Completed
56593,3140,2162,2024-04-28,1,241.16,Completed
56594,2002,2082,2024-01-27,5,1029.12,Pending
56595,2064,2004,2023-06-16,1,295.62,Shipped
56596,2300,2075,2023-08-06,4,1473.32,Shipped
56597,2793,2142,2023-08-16,3,182.05,Pending
56598,2148,2053,2023-10-17,2,337.81,Shipped
56599,1286,2032,2023-10-08,4,702.5,Completed
56600,2622,2112,2023-08-13,3,,Cancelled
56601,1598,2033,2023-09-26,1,331.0,Completed
56602,1518,2191,2023-07-08,1,225.8,Cancelled
56603,2072,2103,2023-06-29,2,542.59,Cancelled
56604,2425,2026,2024-04-17,3,949.07,Completed
56605,2144,2177,2024-01-03,4,705.34,Completed
56606,3029,2074,2024-01-04,3,537.77,Completed
56607,1404,2111,2023-10-17,5,2007.21,Completed
56608,2762,2009,2023-11-13,3,222.35,Shipped
56609,1874,2122,2024-04-30,1,467.39,Shipped
56610,2191,2165,2024-01-04,2,651.1,Shipped
56611,1049,2128,2024-03-05,5,2138.6,Completed
56612,2981,2138,2024-01-06,5,2109.58,Shipped
56613,2316,2116,2023-12-10,1,77.95,Cancelled
56614,1932,2004,2023-10-19,1,355.36,Completed
56615,2140,2164,2023-10-24,4,682.24,Pending
56616,1985,2061,2023-10-15,2,402.56,Shipped
56617,3494,2121,2023-10-06,4,1542.21,Pending
56618,1142,2025,2024-05-06,4,1053.73,Completed
56619,1640,2093,2023-10-02,1,341.24,Shipped
56620,2982,2082,2023-06-25,3,1476.47,Cancelled
56621,1878,2122,2023-06-10,1,458.17,Completed
56622,3124,2084,2024-04-14,4,1158.32,Shipped
56623,2834,2069,2024-04-25,1,375.43,Completed
56624,1693,2145,2023-06-11,3,1107.07,Shipped
56625,2452,2009,2024-04-02,3,763.41,Cancelled
56626,1628,2129,2023-07-05,5,758.89,Shipped
56627,1628,2100,2023-12-21,5,242.86,Completed
56628,3484,2156,2024-04-21,2,323.62,Pending
56629,1389,2024,2024-04-01,3,1303.12,Completed
56630,2562,2046,2024-02-05,5,1659.44,Cancelled
56631,1107,2131,2024-02-28,1,212.03,Completed
56632,1365,2196,2023-08-02,2,962.03,Completed
56633,2886,2150,2023-11-18,5,456.42,Cancelled
56634,1609,2200,2023-08-22,2,279.35,Completed
56635,1760,2085,2023-12-17,4,1046.9,Completed
56636,1010,2177,2024-05-28,2,543.15,Completed
56637,2757,2032,2024-01-04,2,704.61,Shipped
56638,1476,2067,2023-07-18,2,315.31,Completed
56639,3035,2168,2024-05-28,4,458.4,Completed
56640,2293,2167,2024-02-07,2,,Completed
56641,1737,2026,2024-05-12,3,1104.46,Completed
56642,3496,2065,2023-09-03,1,233.66,Completed
56643,2971,2067,2023-07-28,3,1000.51,Pending
56644,1269,2159,2024-05-28,5,807.78,Completed
56645,1207,2170,2023-11-16,5,447.86,Completed
56646,1927,2165,2023-06-02,5,989.82,Shipped
56647,3243,2126,2024-02-09,5,2026.73,Shipped
56648,3486,2058,2023-12-20,3,1031.75,Completed
56649,3002,2054,2024-01-22,5,952.06,Completed
56650,1912,2134,2024-04-16,1,225.58,Shipped
56651,1293,2033,2024-03-25,2,130.81,Completed
56652,1425,2027,2024-05-03,1,138.71,Completed
56653,1208,2028,2023-06-16,4,723.53,Completed
56654,1182,2046,2023-10-12,4,1951.26,Completed
56655,3152,2199,2023-10-26,1,106.0,Completed
56656,1517,2047,2023-09-25,2,911.03,Cancelled
56657,2983,2064,2024-02-24,3,1338.24,Pending
56658,1243,2197,2024-03-21,3,370.26,Completed
56659,2019,2123,2023-06-07,5,2440.49,Cancelled
56660,2801,2133,2023-09-14,4,1274.14,Completed
56661,1923,2029,2024-01-04,5,566.28,Pending
56662,1222,2133,2023-06-04,5,2489.35,Cancelled
56663,1857,2115,2023-07-05,3,227.06,Completed
56664,1306,2115,2024-03-05,3,459.69,Cancelled
56665,3231,2144,2023-10-05,5,132.39,Pending
56666,2140,2167,2024-01-11,2,566.54,Completed
56667,1915,2054,2024-01-15,1,343.79,Cancelled
56668,2092,2102,2023-08-26,3,1275.3,Completed
56669,2264,2008,2024-01-12,4,1776.43,Completed
56670,1064,2083,2023-09-28,3,533.72,Cancelled
56671,3125,2034,2023-09-13,3,861.27,Completed
56672,1510,2200,2024-02-17,1,342.18,Completed
56673,3313,2167,2023-09-27,5,2482.03,Completed
56674,1559,2187,2024-02-29,3,776.32,Cancelled
56675,3267,2196,2023-08-24,3,809.51,Shipped
56676,2451,2057,2024-01-24,1,496.25,Pending
56677,2208,2026,2023-11-12,2,255.55,Completed
56678,2828,2198,2023-06-09,4,880.83,Shipped
56679,3022,2016,2024-04-26,4,505.01,Completed
56680,1372,2026,2024-03-20,1,,Shipped
56681,1383,2027,2024-03-29,3,555.17,Completed
56682,1105,2153,2023-10-04,4,490.57,Completed
56683,1780,2066,2024-05-16,1,134.42,Pending
56684,1317,2120,2023-06-05,2,511.36,Shipped
56685,1866,2008,2023-12-30,1,410.11,Cancelled
56686,1562,2014,2023-06-08,3,1478.58,Completed
56687,3120,2034,2023-06-24,4,373.37,Completed
56688,2603,2047,2023-10-17,4,1950.17,Completed
56689,1521,2077,2024-01-07,5,766.29,Pending
56690,1999,2038,2023-12-02,3,161.38,Pending
56691,2346,2035,2024-03-21,5,182.18,Shipped
56692,1897,2099,2024-01-12,5,1634.87,Completed
56693,1100,2116,2023-08-21,1,320.16,Pending
56694,3248,2170,2024-04-05,1,427.38,Completed
56695,2315,2003,2024-03-02,1,294.98,Pending
56696,3211,2192,2023-10-13,3,533.61,Completed
56697,2830,2191,2024-05-22,5,1977.0,Shipped
56698,2832,2068,2023-10-29,2,81.94,Completed
56699,2067,2015,2024-04-21,3,1363.46,Completed
56700,2335,2108,2024-02-03,3,88.71,Completed
56701,1199,2030,2023-12-19,4,1617.9,Cancelled
56702,3445,2174,2023-10-03,1,464.26,Completed
56703,1294,2058,2023-10-10,1,169.03,Completed
56704,2430,2189,2024-04-18,5,248.89,Shipped
56705,2961,2005,2024-03-19,1,425.38,Completed
56706,2776,2092,2023-11-06,5,736.28,Completed
56707,1056,2011,2023-10-29,1,35.69,Shipped
56708,2689,2066,2023-12-01,3,963.16,Pending
56709,3165,2055,2023-10-30,5,2048.11,Completed
56710,1698,2093,2023-12-26,1,158.98,Cancelled
56711,3380,2155,2023-08-12,3,639.75,Completed
56712,2296,2114,2024-01-03,1,64.5,Completed
56713,3173,2011,2024-05-22,4,1244.63,Shipped
56714,1325,2023,2024-02-15,1,106.05,Completed
56715,2574,2091,2023-08-30,3,160.33,Shipped
56716,1482,2095,2024-03-16,3,932.37,Completed
56717,1985,2028,2023-11-21,1,233.62,Completed
56718,3037,2066,2023-07-07,4,1399.15,Pending
56719,2984,2197,2024-05-04,4,1768.38,Completed
56720,1164,2177,2023-09-26,2,,Completed
56721,3392,2118,2023-12-23,4,210.03,Completed
56722,2259,2097,2023-07-22,4,1068.8,Completed
56723,2139,2098,2024-03-30,4,637.43,Shipped
56724,3069,2156,2023-09-01,3,1048.54,Completed
56725,3222,2059,2023-09-03,5,2249.99,Completed
56726,1361,2062,2024-01-14,2,308.26,Shipped
56727,2143,2197,2024-02-08,5,2065.42,Completed
56728,3369,2118,2023-11-14,5,344.25,Completed
56729,2227,2136,2024-03-21,3,103.52,Completed
56730,3353,2170,2023-11-06,4,745.54,Cancelled
56731,2045,2104,2023-09-29,5,492.33,Shipped
56732,2185,2144,2024-02-13,4,1164.28,Shipped
56733,2953,2193,2023-10-03,4,854.86,Shipped
56734,2956,2108,2023-10-09,5,1241.3,Completed
56735,2855,2136,2023-06-24,3,428.73,Completed
56736,2437,2029,2024-03-15,1,431.13,Pending
56737,1503,2109,2023-08-04,5,1482.67,Completed
56738,2809,2112,2024-01-21,4,907.7,Pending
56739,1235,2178,2024-04-08,1,304.46,Cancelled
56740,1778,2094,2023-08-23,4,1693.35,Completed
56741,2403,2148,2024-05-02,5,625.16,Pending
56742,2783,2149,2024-02-10,1,277.2,Completed
56743,2723,2193,2024-01-16,3,894.61,Completed
56744,2536,2168,2024-01-10,2,806.68,Shipped
56745,3422,2167,2024-05-09,4,1021.38,Shipped
56746,2242,2072,2024-01-15,4,1935.35,Completed
56747,2113,2009,2023-11-29,4,1707.15,Pending
56748,1227,2035,2023-12-04,1,356.18,Completed
56749,2510,2073,2023-10-10,5,795.16,Shipped
56750,3205,2083,2024-01-21,3,263.36,Pending
56751,1887,2126,2023-10-11,3,1405.65,Cancelled
56752,2103,2092,2023-11-20,3,1086.06,Shipped
56753,2940,2100,2024-05-10,4,499.99,Completed
56754,2113,2048,2023-06-02,3,112.6,Cancelled
56755,2399,2056,2023-06-06,4,405.04,Shipped
56756,2926,2034,2024-02-26,2,501.06,Cancelled
56757,2340,2173,2024-02-15,5,1307.7,Shipped
56758,3275,2149,2023-10-18,2,748.61,Shipped
56759,2747,2104,2023-06-12,2,439.26,Pending
56760,3500,2139,2023-06-16,2,,Pending
56761,2255,2068,2024-03-03,2,659.35,Cancelled
56762,2170,2051,2024-05-20,3,140.81,Pending
56763,3471,2102,2023-07-23,4,774.29,Pending
56764,3031,2200,2024-01-26,5,733.12,Completed
56765,3012,2028,2024-01-02,3,879.06,Completed
56766,3402,2029,2023-12-17,2,947.6,Pending
56767,3384,2086,2023-06-12,4,1625.35,Completed
56768,3488,2046,2023-11-24,1,72.08,Cancelled
56769,1303,2090,2024-01-05,5,1256.53,Completed
56770,2968,2160,2024-02-16,2,247.75,Pending
56771,1189,2006,2024-02-24,1,118.42,Shipped
56772,2262,2189,2024-03-23,1,92.17,Pending
56773,2228,2060,2023-08-31,4,1191.01,Shipped
56774,1720,2195,2023-10-21,5,793.34,Cancelled
56775,1016,2024,2024-05-22,4,1378.21,Shipped
56776,2444,2157,2024-04-09,1,81.04,Shipped
56777,1715,2147,2023-11-01,4,1812.11,Completed
56778,2013,2018,2023-07-25,5,494.76,Pending
56779,3456,2025,2023-10-13,4,1838.2,Cancelled
56780,2430,2025,2023-07-13,2,76.12,Completed
56781,1945,2145,2023-07-01,3,933.9,Pending
56782,2771,2175,2024-01-08,5,727.79,Completed
56783,3351,2075,2023-09-05,5,1729.7,Shipped
56784,2973,2092,2024-05-12,3,1338.43,Cancelled
56785,3052,2077,2023-12-15,2,500.34,Pending
56786,1989,2079,2024-04-17,5,1621.05,Completed
56787,1220,2189,2023-10-03,1,412.74,Shipped
56788,1735,2115,2024-01-30,2,699.6,Completed
56789,2860,2148,2023-09-13,1,215.49,Completed
56790,1191,2085,2023-11-28,2,200.04,Pending
56791,3484,2038,2023-10-21,3,1037.69,Shipped
56792,3094,2063,2024-05-19,4,372.81,Cancelled
56793,2890,2196,2024-05-28,4,1219.45,Completed
56794,3090,2171,2024-02-25,5,2101.27,Cancelled
56795,1325,2044,2024-02-25,4,940.64,Cancelled
56796,2998,2123,2023-10-10,4,1598.06,Pending
56797,1342,2014,2023-10-29,1,235.48,Shipped
56798,1678,2153,2023-12-11,5,2398.34,Pending
56799,2285,2047,2023-10-23,1,378.24,Pending
56800,1903,2020,2024-05-06,5,,Completed
56801,2171,2006,2023-10-14,1,359.57,Completed
56802,2885,2027,2024-03-17,1,88.96,Completed
56803,2022,2177,2023-10-06,4,206.84,Completed
56804,2730,2094,2024-01-11,5,2317.51,Completed
56805,2621,2057,2023-12-01,3,117.7,Cancelled
56806,1859,2095,2023-09-16,1,339.32,Completed
56807,1467,2185,2023-11-13,5,842.59,Pending
56808,2815,2058,2023-07-17,2,503.29,Shipped
56809,1190,2186,2024-05-23,1,493.87,Shipped
56810,2889,2071,2024-03-17,2,137.66,Pending
56811,2473,2107,2023-06-15,4,1997.96,Completed
56812,1758,2027,2024-05-27,4,504.91,Completed
56813,1967,2153,2024-02-02,1,64.63,Completed
56814,1401,2170,2023-10-27,5,533.04,Completed
56815,1315,2142,2024-04-11,2,923.37,Completed
56816,2070,2004,2023-06-01,4,246.96,Cancelled
56817,2562,2086,2023-10-17,5,1137.6,Pending
56818,1218,2044,2024-04-28,3,1293.62,Completed
56819,2023,2088,2024-03-04,1,421.41,Pending
56820,1342,2017,2024-03-12,1,497.1,Completed
56821,2241,2087,2023-06-27,1,449.74,Shipped
56822,1993,2018,2024-05-28,1,296.78,Completed
56823,2665,2015,2023-08-17,4,871.85,Completed
56824,2123,2194,2024-02-09,4,1253.21,Pending
56825,1204,2084,2023-10-10,5,2126.36,Completed
56826,2541,2039,2023-11-10,4,764.88,Completed
56827,1693,2046,2023-11-06,4,1743.34,Completed
56828,2585,2152,2023-10-13,5,1110.7,Completed
56829,3016,2087,2023-10-11,1,375.9,Completed
56830,3043,2199,2024-02-11,1,401.83,Completed
56831,3301,2143,2023-07-20,4,205.48,Cancelled
56832,1087,2020,2024-03-17,4,1375.21,Completed
56833,2451,2126,2023-06-22,5,529.71,Pending
56834,3247,2098,2023-11-14,1,149.76,Shipped
56835,2187,2024,2023-11-01,3,1138.9,Cancelled
56836,2068,2197,2023-08-14,4,1038.0,Shipped
56837,1077,2136,2024-03-02,1,357.49,Completed
56838,1266,2085,2023-08-03,2,466.34,Cancelled
56839,2701,2198,2023-08-30,4,1068.71,Cancelled
56840,2820,2012,2023-10-29,2,,Pending
56841,3308,2171,2024-02-14,1,165.04,Completed
56842,2824,2098,2024-05-03,5,311.67,Shipped
56843,1044,2012,2024-01-06,5,309.8,Completed
56844,1901,2110,2023-12-02,5,1246.97,Shipped
56845,1925,2153,2024-04-29,4,843.72,Shipped
56846,1430,2175,2023-06-25,3,433.49,Pending
56847,1343,2083,2023-06-20,1,403.35,Pending
56848,1057,2021,2024-05-18,4,760.94,Completed
56849,3200,2002,2023-06-03,4,1833.92,Cancelled
56850,2026,2046,2024-02-15,3,1462.83,Completed
56851,2871,2112,2023-07-23,5,1609.69,Pending
56852,2976,2012,2024-01-08,4,1027.4,Shipped
56853,1379,2155,2023-08-21,2,575.57,Completed
56854,2227,2151,2023-07-31,3,367.55,Shipped
56855,3425,2039,2023-07-27,3,300.78,Completed
56856,2490,2160,2024-02-04,5,652.36,Pending
56857,2900,2072,2024-05-18,1,450.27,Shipped
56858,3361,2027,2023-08-27,1,189.01,Cancelled
56859,2097,2074,2024-05-18,4,1293.3,Pending
56860,3421,2189,2024-02-29,5,194.48,Completed
56861,1677,2088,2023-12-25,2,107.79,Completed
56862,2700,2025,2023-06-08,5,1406.83,Completed
56863,2466,2126,2024-05-02,1,401.26,Pending
56864,1690,2184,2023-06-25,4,1464.71,Pending
56865,1256,2058,2023-12-08,3,957.15,Cancelled
56866,1433,2082,2023-08-03,4,932.41,Pending
56867,1315,2112,2024-05-27,4,388.18,Cancelled
56868,2663,2089,2024-03-04,4,1855.01,Shipped
56869,1790,2099,2023-06-28,2,791.52,Completed
56870,2539,2132,2024-02-05,2,929.82,Completed
56871,1607,2046,2023-11-15,3,587.41,Cancelled
56872,1081,2100,2024-04-10,3,101.14,Pending
56873,3291,2119,2023-09-13,5,1307.79,Completed
56874,3195,2052,2024-04-21,3,1346.15,Completed
56875,1209,2164,2023-06-03,4,840.07,Cancelled
56876,2200,2132,2023-10-26,2,859.07,Cancelled
56877,1948,2007,2023-06-03,3,688.6,Completed
56878,2283,2167,2024-05-31,4,102.49,Cancelled
56879,3496,2179,2024-04-17,4,1786.41,Pending
56880,2131,2145,2024-05-15,2,,Cancelled
56881,1022,2073,2023-10-23,4,1778.8,Completed
56882,2290,2192,2024-03-10,2,104.8,Pending
56883,1061,2033,2024-02-06,5,1495.26,Completed
56884,2866,2109,2023-10-13,3,236.85,Completed
56885,1018,2176,2023-06-25,3,1387.61,Completed
56886,1485,2160,2024-03-06,3,1379.67,Completed
56887,2224,2124,2023-09-16,5,1331.36,Completed
56888,3220,2073,2023-09-01,4,684.17,Pending
56889,1656,2131,2023-08-24,5,898.07,Completed
56890,2821,2042,2023-11-24,3,393.77,Completed
56891,2518,2178,2023-08-11,5,981.73,Completed
56892,2515,2015,2023-07-30,2,363.0,Completed
56893,2918,2021,2023-07-18,4,1150.43,Pending
56894,2416,2004,2023-12-03,1,123.93,Cancelled
56895,1494,2136,2024-04-21,3,200.11,Completed
56896,2470,2192,2023-07-18,3,220.11,Completed
56897,1014,2127,2023-10-11,1,489.33,Shipped
56898,2531,2018,2023-11-17,4,1202.91,Completed
56899,1886,2198,2023-08-18,4,873.62,Cancelled
56900,1596,2199,2023-12-13,5,1482.89,Cancelled
56901,2087,2115,2023-09-24,5,1230.49,Cancelled
56902,1832,2011,2024-03-17,2,690.67,Completed
56903,1835,2155,2023-06-25,4,1959.64,Completed
56904,2691,2051,2023-12-28,1,233.5,Completed
56905,2236,2032,2023-09-13,4,489.85,Completed
56906,1355,2036,2024-04-26,3,837.66,Completed
56907,3325,2057,2024-01-07,4,1199.34,Completed
56908,2765,2077,2023-09-15,4,764.89,Shipped
56909,1799,2022,2024-05-02,3,1359.11,Completed
56910,3442,2072,2023-12-08,4,1148.65,Completed
56911,2508,2009,2024-03-05,5,884.08,Completed
56912,2203,2098,2024-05-25,2,800.28,Completed
56913,3188,2115,2024-04-12,5,1499.98,Pending
56914,1935,2062,2024-05-10,1,86.15,Completed
56915,2152,2040,2023-09-16,2,822.29,Shipped
56916,3123,2135,2024-04-19,2,148.46,Cancelled
56917,2584,2002,2023-08-14,3,113.61,Shipped
56918,1629,2127,2023-06-09,3,83.22,Completed
56919,2005,2199,2024-03-06,4,1864.87,Pending
56920,3110,2078,2024-01-26,1,,Shipped
56921,1626,2100,2023-06-22,2,490.9,Pending
56922,3074,2156,2024-01-01,4,484.82,Cancelled
56923,1119,2092,2023-09-14,4,467.71,Completed
56924,3273,2199,2024-02-25,2,241.19,Completed
56925,3312,2118,2023-06-16,1,314.14,Cancelled
56926,3221,2044,2023-10-29,4,1049.97,Shipped
56927,2912,2093,2023-07-21,5,1769.44,Pending
56928,1568,2027,2023-06-02,5,1329.15,Shipped
56929,2696,2049,2023-12-24,4,1102.06,Shipped
56930,1713,2130,2024-04-28,1,442.7,Cancelled
56931,3352,2100,2023-06-06,1,204.74,Pending
56932,3066,2175,2024-02-24,1,440.74,Completed
56933,2993,2151,2023-06-25,3,1110.85,Completed
56934,2514,2044,2024-03-05,3,612.84,Cancelled
56935,1096,2109,2024-03-06,1,346.87,Cancelled
56936,1550,2041,2024-04-19,3,218.73,Cancelled
56937,3498,2117,2024-04-05,4,115.94,Completed
56938,1170,2143,2023-07-02,5,628.8,Cancelled
56939,1018,2159,2024-03-06,3,1336.17,Completed
56940,2055,2136,2024-01-20,5,1487.1,Completed
56941,3188,2064,2023-09-07,3,668.48,Completed
56942,3209,2097,2024-05-20,4,1840.37,Shipped
56943,1555,2100,2023-07-01,2,144.96,Completed
56944,3066,2177,2023-06-16,4,1436.14,Shipped
56945,2700,2077,2023-06-29,3,1388.71,Cancelled
56946,3368,2122,2024-04-21,3,392.16,Completed
56947,3176,2128,2024-03-11,1,424.89,Completed
56948,2824,2135,2023-08-28,3,1081.11,Completed
56949,2798,2028,2023-08-04,4,1496.41,Cancelled
56950,3161,2128,2023-06-12,3,1489.96,Completed
56951,2367,2082,2024-02-05,5,2382.33,Completed
56952,1963,2162,2024-01-12,2,728.69,Completed
56953,1685,2031,2024-01-31,3,627.47,Completed
56954,2107,2124,2024-03-31,5,779.42,Shipped
56955,2033,2064,2023-09-09,1,260.97,Cancelled
56956,1652,2116,2023-09-24,1,192.13,Cancelled
56957,2957,2105,2024-01-09,2,80.42,Completed
56958,1058,2113,2024-02-22,3,1093.85,Pending
56959,2037,2004,2023-07-29,3,705.16,Completed
56960,2665,2099,2023-08-11,1,,Shipped
56961,2990,2131,2024-05-05,3,1275.56,Completed
56962,1513,2081,2023-11-23,3,288.31,Completed
56963,3303,2109,2023-12-23,4,431.59,Completed
56964,3346,2156,2023-06-29,4,407.83,Shipped
56965,2721,2121,2024-04-11,3,137.23,Shipped
56966,1097,2026,2023-11-08,3,223.5,Cancelled
56967,1671,2113,2023-09-28,5,1091.99,Cancelled
56968,3153,2056,2023-09-30,5,445.53,Completed
56969,3198,2171,2024-04-06,5,1051.91,Completed
56970,2467,2166,2023-10-08,4,1333.45,Shipped
56971,2726,2048,2024-03-15,4,1797.54,Completed
56972,1248,2059,2023-12-02,4,808.56,Completed
56973,3272,2014,2024-03-13,3,361.1,Shipped
56974,1325,2181,2023-11-04,5,507.21,Completed
56975,2971,2060,2024-04-16,3,80.8,Pending
56976,1129,2014,2023-07-10,2,830.83,Pending
56977,2169,2100,2024-04-21,1,303.1,Pending
56978,1310,2073,2024-04-05,1,294.12,Completed
56979,1027,2013,2024-04-01,1,229.1,Completed
56980,3429,2083,2023-11-06,3,1418.44,Shipped
56981,2019,2010,2023-06-28,1,250.42,Cancelled
56982,2101,2103,2023-08-06,4,1481.64,Shipped
56983,1641,2002,2024-04-27,3,332.78,Shipped
56984,1535,2088,2024-05-06,5,1480.2,Pending
56985,1809,2015,2024-02-11,2,199.95,Pending
56986,2626,2096,2023-12-22,5,2230.75,Completed
56987,2833,2016,2024-04-17,5,1737.04,Pending
56988,1270,2031,2024-02-09,1,126.36,Completed
56989,1004,2164,2023-08-15,3,122.77,Completed
56990,2668,2070,2023-08-30,2,979.81,Pending
56991,2054,2063,2023-11-06,5,1660.1,Shipped
56992,2696,2087,2023-08-11,4,1380.04,Completed
56993,1250,2082,2023-09-07,3,786.2,Pending
56994,2079,2021,2023-07-12,4,128.26,Cancelled
56995,2532,2180,2024-03-20,3,348.95,Cancelled
56996,3202,2185,2024-02-11,3,586.79,Shipped
56997,3298,2127,2023-11-10,5,2338.48,Completed
56998,1244,2067,2023-07-06,3,1331.29,Completed
56999,3169,2189,2023-08-24,2,97.25,Completed
57000,2636,2071,2023-09-27,1,,Completed
57001,1549,2155,2024-02-09,4,1439.32,Completed
57002,2177,2059,2023-09-25,2,613.49,Completed
57003,2414,2174,2024-01-20,5,1142.89,Pending
57004,2157,2182,2023-06-28,3,1495.89,Pending
57005,2862,2034,2023-10-13,4,1466.81,Cancelled
57006,2970,2039,2024-02-17,2,678.42,Completed
57007,1421,2145,2023-06-06,4,956.3,Shipped
57008,1306,2006,2023-06-17,5,1484.23,Cancelled
57009,2195,2075,2023-08-28,5,1331.17,Cancelled
57010,3335,2064,2023-07-04,4,1308.5,Completed
57011,1497,2033,2024-02-13,2,452.49,Cancelled
57012,2429,2155,2024-01-27,1,484.57,Completed
57013,2165,2133,2024-03-30,1,25.84,Shipped
57014,2490,2121,2024-03-15,5,1473.71,Completed
57015,3166,2191,2023-10-12,2,301.27,Completed
57016,2552,2090,2023-07-30,2,994.21,Completed
57017,2175,2053,2023-10-14,3,154.62,Pending
57018,1110,2132,2023-06-11,4,1721.31,Completed
57019,1292,2188,2023-10-01,5,905.85,Shipped
57020,2198,2062,2023-11-13,4,1125.77,Shipped
57021,2104,2084,2024-04-13,1,377.65,Completed
57022,1506,2040,2024-02-23,2,119.66,Completed
57023,1293,2047,2023-12-19,3,983.28,Completed
57024,3093,2021,2023-11-11,3,449.17,Pending
57025,3268,2130,2024-03-25,2,778.85,Shipped
57026,2867,2014,2024-02-05,1,200.71,Completed
57027,2819,2007,2024-04-14,3,1424.48,Shipped
57028,1082,2164,2023-12-23,2,415.59,Completed
57029,1760,2114,2023-12-25,2,935.09,Shipped
57030,1829,2034,2024-01-05,3,720.53,Completed
57031,3032,2156,2024-02-24,1,146.28,Pending
57032,1165,2124,2024-02-18,5,2497.02,Shipped
57033,1990,2113,2024-04-05,5,1309.55,Shipped
57034,2347,2042,2024-05-24,2,639.3,Cancelled
57035,2781,2050,2023-12-17,5,2038.15,Cancelled
57036,2232,2093,2023-10-20,3,228.37,Shipped
57037,3402,2140,2024-05-10,2,982.71,Completed
57038,2853,2184,2024-03-18,2,550.94,Pending
57039,1602,2191,2024-04-05,1,72.79,Completed
57040,1429,2081,2024-04-04,5,,Pending
57041,2164,2115,2024-03-05,4,1919.71,Completed
57042,2358,2189,2023-09-23,2,963.13,Completed
57043,2827,2147,2023-09-25,1,401.66,Completed
57044,2224,2127,2023-11-16,4,1771.73,Cancelled
57045,2733,2192,2023-07-19,4,820.97,Shipped
57046,1208,2037,2023-07-28,1,405.84,Completed
57047,1703,2128,2024-02-26,4,684.61,Cancelled
57048,3307,2092,2024-02-23,4,207.16,Completed
57049,2438,2031,2024-04-21,2,945.18,Completed
57050,3101,2167,2023-06-28,4,467.23,Cancelled
57051,1012,2085,2023-09-19,4,1685.9,Pending
57052,3450,2054,2023-08-27,5,1235.7,Cancelled
57053,1688,2182,2024-02-10,3,1037.62,Pending
57054,1768,2046,2023-12-20,5,1731.27,Pending
57055,2300,2050,2023-07-16,1,379.76,Completed
57056,1670,2172,2023-10-12,2,562.11,Completed
57057,1108,2114,2023-11-14,4,1244.92,Shipped
57058,1398,2080,2024-04-29,3,432.81,Cancelled
57059,2097,2030,2024-03-30,5,1017.07,Completed
57060,2293,2174,2024-03-21,4,434.04,Completed
57061,1830,2142,2023-10-21,1,483.78,Shipped
57062,1578,2197,2024-02-08,4,1888.38,Completed
57063,2454,2116,2023-09-26,4,1103.09,Completed
57064,2822,2016,2023-11-12,1,450.46,Completed
57065,2432,2023,2024-04-26,1,400.4,Completed
57066,1368,2168,2024-02-28,4,960.57,Completed
57067,2954,2091,2024-03-23,1,155.1,Shipped
57068,2529,2107,2024-01-06,1,319.14,Pending
57069,2881,2176,2023-12-10,1,485.1,Shipped
57070,2364,2014,2023-10-17,2,308.51,Completed
57071,1333,2001,2023-09-03,4,1342.69,Completed
57072,2858,2097,2024-05-21,3,732.55,Pending
57073,2618,2093,2024-01-21,2,738.86,Cancelled
57074,2953,2123,2023-11-02,1,388.14,Completed
57075,1012,2111,2024-02-22,3,950.39,Shipped
57076,1623,2062,2023-10-03,1,315.68,Completed
57077,2746,2195,2024-05-25,2,161.42,Shipped
57078,2988,2163,2023-06-12,4,1691.93,Pending
57079,2370,2057,2024-01-23,2,844.54,Completed
57080,2319,2053,2023-10-30,2,,Completed
57081,3011,2182,2024-02-26,1,326.6,Pending
57082,1611,2149,2023-09-12,1,468.91,Shipped
57083,2548,2029,2023-11-28,1,252.53,Completed
57084,2769,2102,2023-08-02,4,1247.41,Completed
57085,2776,2118,2023-06-30,3,896.06,Completed
57086,1486,2031,2024-01-22,5,1644.49,Shipped
57087,2923,2114,2024-04-07,4,1381.99,Completed
57088,3435,2148,2023-10-24,4,942.01,Cancelled
57089,2587,2173,2023-06-25,5,1220.32,Cancelled
57090,2722,2018,2023-08-16,2,624.83,Cancelled
57091,1897,2005,2024-02-18,4,1128.01,Completed
57092,2922,2116,2024-03-15,5,1332.55,Cancelled
57093,1628,2066,2023-09-19,4,761.61,Pending
57094,3176,2190,2023-12-18,5,1755.58,Completed
57095,2831,2065,2024-02-13,2,941.87,Completed
57096,1051,2200,2023-06-19,5,1818.45,Completed
57097,2329,2066,2024-02-05,3,916.33,Completed
57098,1066,2030,2023-09-08,2,415.41,Completed
57099,1360,2017,2023-11-15,4,947.55,Shipped
57100,3138,2017,2023-10-20,1,279.46,Cancelled
57101,1748,2076,2023-12-25,3,1411.94,Shipped
57102,1488,2165,2023-10-01,4,251.49,Completed
57103,1230,2146,2023-10-21,2,680.71,Completed
57104,1434,2096,2024-03-18,4,1313.5,Pending
57105,3207,2022,2023-09-23,1,443.94,Cancelled
57106,1257,2094,2023-07-25,5,1851.92,Shipped
57107,1989,2098,2024-03-24,1,37.51,Pending
57108,3434,2013,2023-11-03,4,1493.95,Completed
57109,3452,2068,2023-07-01,3,1047.35,Cancelled
57110,1266,2085,2023-07-21,5,1931.39,Cancelled
57111,2045,2040,2024-02-09,5,1466.0,Completed
57112,1298,2160,2024-05-17,2,462.31,Cancelled
57113,3444,2014,2023-06-11,5,1313.77,Pending
57114,1205,2164,2024-01-03,5,297.46,Completed
57115,2263,2021,2024-01-06,4,1755.07,Pending
57116,1394,2027,2024-01-31,4,1401.19,Cancelled
57117,2140,2042,2023-06-02,4,1788.29,Pending
57118,1206,2143,2023-06-16,3,1130.04,Shipped
57119,2412,2142,2023-08-18,3,1498.47,Completed
57120,2045,2160,2024-04-27,4,,Shipped
57121,3415,2180,2023-11-13,4,435.62,Completed
57122,1138,2060,2023-07-01,2,129.34,Completed
57123,3130,2106,2023-07-18,4,760.34,Cancelled
57124,3494,2112,2023-08-31,2,701.95,Cancelled
57125,2245,2163,2024-01-26,4,601.54,Completed
57126,3499,2070,2024-03-28,3,1305.98,Completed
57127,1742,2093,2023-07-09,5,1484.9,Completed
57128,1042,2035,2023-12-24,2,251.64,Cancelled
57129,1549,2038,2024-01-13,4,1424.98,Pending
57130,1225,2137,2023-11-15,5,851.62,Shipped
57131,1678,2109,2024-02-15,2,273.05,Shipped
57132,2477,2190,2023-12-07,3,357.87,Completed
57133,2049,2138,2023-09-02,1,139.49,Shipped
57134,1018,2031,2023-08-01,3,998.33,Completed
57135,2955,2104,2024-04-04,3,1184.61,Shipped
57136,2519,2027,2023-09-16,5,1420.96,Completed
57137,2510,2064,2023-08-20,2,497.02,Completed
57138,3066,2195,2023-09-19,5,1300.56,Completed
57139,2896,2082,2023-08-25,3,288.26,Shipped
57140,1903,2038,2023-10-21,2,288.56,Completed
57141,1394,2190,2023-09-13,5,954.91,Shipped
57142,2977,2148,2024-01-08,3,1418.97,Completed
57143,3260,2002,2024-02-07,2,892.16,Completed
57144,1078,2004,2024-01-02,3,1295.78,Completed
57145,2336,2185,2024-02-23,1,499.53,Completed
57146,3124,2044,2024-04-09,3,134.38,Shipped
57147,3217,2041,2024-02-21,4,455.65,Shipped
57148,2423,2134,2024-01-12,2,597.71,Shipped
57149,2851,2006,2024-01-06,2,648.53,Completed
57150,3076,2119,2023-09-20,4,136.99,Completed
57151,2505,2091,2024-03-02,2,835.1,Completed
57152,2713,2037,2023-09-12,1,486.68,Pending
57153,2529,2006,2023-07-03,1,200.79,Completed
57154,2841,2192,2023-06-13,2,843.77,Completed
57155,2170,2114,2024-01-31,3,1153.9,Shipped
57156,3232,2131,2024-05-22,4,501.93,Pending
57157,1368,2061,2024-01-12,5,1521.15,Pending
57158,1033,2135,2023-06-16,3,428.65,Completed
57159,3211,2150,2024-03-08,1,404.09,Shipped
57160,1615,2168,2023-09-23,5,,Completed
57161,2856,2177,2023-12-04,2,771.49,Pending
57162,2594,2070,2023-10-26,3,237.13,Shipped
57163,2343,2099,2023-08-19,2,195.53,Cancelled
57164,1842,2072,2023-12-26,3,1039.17,Completed
57165,3409,2145,2024-05-17,4,331.85,Cancelled
57166,1233,2115,2023-07-09,5,1734.72,Pending
57167,1182,2187,2024-01-08,5,1532.48,Shipped
57168,1830,2155,2024-04-02,3,559.31,Completed
57169,2575,2169,2024-02-26,2,542.76,Completed
57170,1578,2019,2023-12-13,2,975.64,Cancelled
57171,2548,2004,2023-11-04,2,510.51,Completed
57172,3030,2028,2023-06-30,2,450.43,Completed
57173,1052,2093,2023-12-10,5,916.01,Shipped
57174,2701,2046,2023-11-09,1,351.13,Pending
57175,2230,2019,2023-08-11,2,353.15,Cancelled
57176,3166,2140,2024-04-10,5,1728.39,Completed
57177,3247,2132,2024-02-21,4,1548.8,Cancelled
57178,1281,2024,2023-06-02,4,288.98,Cancelled
57179,1715,2053,2024-05-26,4,148.77,Pending
57180,3095,2008,2024-02-15,3,1473.72,Shipped
57181,3071,2074,2023-10-12,3,373.42,Pending
57182,1551,2200,2023-07-28,2,215.1,Shipped
57183,3025,2127,2023-12-31,2,870.79,Completed
57184,1298,2184,2024-03-27,1,349.88,Cancelled
57185,1225,2078,2023-09-28,5,2243.28,Shipped
57186,1986,2012,2024-03-29,4,1182.99,Pending
57187,2350,2198,2023-12-10,5,1825.43,Completed
57188,1724,2031,2024-03-11,1,289.17,Completed
57189,1270,2135,2024-01-28,3,734.28,Cancelled
57190,1375,2183,2024-05-20,2,149.56,Completed
57191,2583,2092,2024-04-12,4,687.42,Completed
57192,1890,2015,2023-08-07,2,151.54,Completed
57193,3005,2136,2023-07-29,4,1594.45,Completed
57194,2264,2046,2024-05-26,2,875.23,Pending
57195,2290,2135,2024-03-05,5,343.24,Completed
57196,3184,2082,2024-04-08,2,72.97,Completed
57197,1100,2067,2023-07-30,4,753.73,Pending
57198,1686,2102,2023-07-16,5,2234.46,Completed
57199,1040,2148,2023-11-24,2,142.02,Completed
57200,1077,2018,2024-01-22,5,,Completed
57201,2327,2017,2023-09-24,4,1748.14,Completed
57202,1640,2050,2024-03-05,1,60.7,Shipped
57203,2839,2009,2023-08-30,1,429.02,Shipped
57204,3294,2024,2024-04-01,3,81.96,Completed
57205,2590,2158,2023-12-16,1,436.02,Completed
57206,2651,2010,2024-01-25,4,371.37,Pending
57207,1642,2010,2024-04-19,3,594.36,Shipped
57208,3341,2142,2023-06-04,4,1498.06,Completed
57209,2438,2059,2023-10-02,2,394.3,Completed
57210,2648,2182,2023-09-04,4,350.89,Completed
57211,1147,2080,2024-03-22,3,613.46,Completed
57212,2988,2063,2023-06-19,3,1023.4,Shipped
57213,2385,2026,2023-09-14,2,674.65,Completed
57214,3424,2102,2024-01-13,2,102.35,Cancelled
57215,1614,2076,2023-06-01,4,687.86,Shipped
57216,1826,2087,2024-03-17,4,888.26,Completed
57217,1969,2145,2023-06-26,2,805.59,Completed
57218,3120,2093,2024-02-02,3,360.87,Cancelled
57219,1415,2151,2023-11-11,5,171.15,Completed
57220,1114,2142,2023-10-31,1,211.13,Shipped
57221,2545,2125,2023-12-02,1,68.95,Completed
57222,2764,2133,2023-10-02,1,152.3,Completed
57223,1023,2005,2023-09-24,5,732.23,Shipped
57224,2517,2093,2024-02-17,3,628.63,Shipped
57225,2178,2165,2023-08-22,1,71.4,Completed
57226,3449,2006,2023-08-11,2,210.72,Completed
57227,2538,2090,2023-07-24,5,1365.47,Cancelled
57228,1029,2104,2023-06-09,5,391.22,Pending
57229,2430,2009,2024-01-20,3,245.98,Shipped
57230,3370,2042,2023-12-17,4,999.0,Completed
57231,1086,2072,2023-12-23,1,445.56,Shipped
57232,1654,2170,2023-08-14,5,1614.82,Completed
57233,1804,2188,2024-04-05,4,756.98,Cancelled
57234,3286,2195,2024-04-23,4,1590.71,Completed
57235,1042,2037,2023-06-02,3,1279.58,Cancelled
57236,2992,2021,2023-06-16,2,414.28,Shipped
57237,2391,2059,2023-10-24,4,815.53,Completed
57238,1363,2065,2023-10-28,2,736.45,Shipped
57239,2922,2030,2024-05-17,5,2347.07,Completed
57240,2381,2056,2023-07-03,3,,Completed
57241,2455,2004,2024-03-13,1,48.63,Shipped
57242,1076,2110,2024-03-25,3,509.64,Completed
57243,2291,2109,2023-10-09,2,820.88,Shipped
57244,1570,2152,2023-10-09,2,442.19,Completed
57245,1156,2157,2023-06-13,5,1361.68,Completed
57246,2070,2083,2023-06-30,5,401.52,Shipped
57247,2764,2171,2023-10-31,4,178.29,Completed
57248,2714,2002,2024-01-12,3,235.09,Completed
57249,2753,2004,2023-08-25,2,394.86,Completed
57250,2324,2052,2024-05-04,1,114.4,Shipped
57251,1383,2116,2024-01-02,2,994.26,Cancelled
57252,1116,2148,2023-11-25,3,1394.7,Pending
57253,2516,2069,2024-05-13,1,70.7,Completed
57254,2840,2158,2023-06-19,3,1174.19,Completed
57255,3272,2043,2024-03-10,1,236.67,Cancelled
57256,1837,2055,2024-04-08,4,1275.03,Completed
57257,1108,2195,2024-03-05,2,811.29,Pending
57258,2450,2112,2023-07-26,2,821.58,Pending
57259,2167,2099,2023-10-21,4,1689.76,Pending
57260,2541,2067,2024-01-24,5,2064.41,Pending
57261,1695,2085,2023-06-25,5,746.02,Completed
57262,1238,2191,2024-05-14,1,333.17,Completed
57263,2016,2147,2024-03-24,5,493.7,Pending
57264,1064,2149,2024-03-23,2,538.91,Completed
57265,1034,2037,2024-02-22,3,970.82,Completed
57266,2028,2062,2024-02-26,2,356.22,Completed
57267,1578,2003,2023-10-05,2,941.89,Shipped
57268,3219,2195,2023-12-27,3,1261.86,Completed
57269,3199,2196,2023-08-02,5,2005.18,Cancelled
57270,1145,2200,2023-11-26,2,553.58,Completed
57271,3477,2198,2023-06-22,3,352.54,Pending
57272,3003,2057,2023-06-08,5,659.33,Completed
57273,1930,2144,2024-02-25,3,101.45,Shipped
57274,2765,2164,2024-01-30,4,1604.32,Cancelled
57275,1583,2179,2024-05-18,1,301.3,Shipped
57276,1504,2189,2023-06-09,3,93.1,Pending
57277,1416,2149,2024-01-21,1,310.89,Pending
57278,2202,2195,2023-11-04,3,1409.09,Completed
57279,1101,2112,2024-03-29,1,447.57,Completed
57280,3089,2117,2024-01-09,4,,Shipped
57281,2251,2063,2023-07-30,3,1136.78,Completed
57282,2693,2127,2024-01-04,5,871.85,Pending
57283,1670,2145,2023-12-11,2,750.02,Completed
57284,1673,2184,2024-01-30,2,209.03,Completed
57285,1936,2126,2023-06-22,2,692.57,Shipped
57286,1323,2147,2024-05-07,1,180.07,Pending
57287,2316,2175,2023-07-26,3,164.62,Completed
57288,2263,2049,2023-06-11,4,854.63,Shipped
57289,1945,2039,2024-03-22,5,1179.4,Shipped
57290,3242,2022,2024-04-24,4,163.45,Completed
57291,1356,2150,2023-07-23,4,1605.64,Completed
57292,2098,2048,2023-09-30,4,1523.77,Pending
57293,2026,2187,2024-05-04,2,489.37,Cancelled
57294,1186,2018,2023-09-20,1,274.63,Completed
57295,1790,2074,2023-07-09,2,377.24,Shipped
57296,2973,2184,2023-08-01,4,1524.26,Completed
57297,2696,2032,2023-07-04,1,376.71,Completed
57298,2890,2098,2023-08-27,1,236.49,Completed
57299,2890,2138,2024-02-02,2,746.34,Completed
57300,1496,2072,2023-11-13,3,1205.74,Pending
57301,2251,2116,2023-09-08,1,334.66,Pending
57302,3097,2137,2023-11-15,5,543.29,Pending
57303,1948,2122,2024-04-22,1,31.55,Shipped
57304,3141,2155,2023-10-16,2,571.38,Completed
57305,1511,2077,2024-03-07,3,750.34,Shipped
57306,1427,2104,2023-12-09,4,118.57,Cancelled
57307,1194,2174,2023-10-14,1,266.42,Cancelled
57308,1155,2193,2024-05-09,2,317.24,Pending
57309,1757,2143,2024-02-25,2,460.62,Pending
57310,1841,2068,2024-05-20,4,164.57,Cancelled
57311,2874,2056,2024-01-09,2,124.28,Cancelled
57312,1800,2177,2023-07-18,5,327.79,Pending
57313,1548,2196,2023-08-17,5,1878.07,Cancelled
57314,1029,2079,2023-11-21,1,333.72,Completed
57315,3149,2190,2023-09-26,3,883.95,Shipped
57316,1332,2103,2023-10-25,4,883.6,Cancelled
57317,1758,2186,2024-01-31,2,582.82,Pending
57318,3274,2025,2023-09-13,2,929.55,Pending
57319,1539,2179,2023-08-22,4,1638.68,Cancelled
57320,1423,2143,2023-07-09,3,,Completed
57321,3375,2048,2023-12-04,5,1395.46,Completed
57322,1717,2023,2023-09-11,4,1024.7,Pending
57323,1211,2167,2023-10-01,2,528.47,Completed
57324,2940,2195,2024-02-22,4,866.96,Completed
57325,3093,2127,2023-11-06,5,2485.98,Pending
57326,1655,2106,2024-05-19,3,831.32,Completed
57327,1016,2087,2024-05-21,1,142.89,Completed
57328,2710,2124,2024-03-01,1,107.48,Cancelled
57329,1997,2114,2024-04-08,2,621.65,Cancelled
57330,2348,2163,2024-03-17,2,944.68,Completed
57331,3279,2040,2023-09-03,4,1327.87,Cancelled
57332,1395,2071,2024-01-04,5,952.38,Cancelled
57333,2298,2063,2024-01-02,5,1351.88,Completed
57334,1996,2199,2023-08-29,1,233.37,Shipped
57335,2231,2131,2023-12-30,1,433.41,Completed
57336,2396,2111,2024-05-10,2,269.64,Completed
57337,2593,2128,2024-03-09,1,55.65,Cancelled
57338,2145,2099,2024-02-07,1,497.61,Completed
57339,1318,2039,2024-03-14,1,146.28,Pending
57340,1431,2041,2023-06-20,5,603.67,Pending
57341,1525,2073,2024-03-07,4,684.38,Completed
57342,2650,2048,2023-09-18,4,1134.62,Cancelled
57343,2744,2180,2023-07-06,4,1860.67,Completed
57344,2852,2118,2023-12-26,1,359.16,Completed
57345,2360,2164,2023-07-04,2,437.26,Cancelled
57346,3385,2013,2024-01-05,3,1175.96,Completed
57347,1305,2179,2023-12-29,5,1428.35,Shipped
57348,1899,2107,2023-12-25,2,691.68,Pending
57349,2522,2107,2023-07-14,5,771.85,Completed
57350,2404,2124,2024-01-18,4,1457.5,Cancelled
57351,2484,2145,2023-08-10,5,781.87,Completed
57352,3069,2060,2023-12-29,1,279.47,Shipped
57353,3102,2179,2023-09-07,4,654.11,Cancelled
57354,3317,2043,2023-09-06,5,2230.88,Pending
57355,1154,2073,2023-08-06,3,455.45,Completed
57356,1748,2090,2023-12-17,4,1316.82,Completed
57357,1494,2123,2024-02-20,2,636.96,Cancelled
57358,3275,2140,2023-07-07,4,1542.15,Shipped
57359,1014,2060,2024-01-11,4,495.81,Completed
57360,3413,2075,2023-06-02,2,,Cancelled
57361,1127,2078,2023-09-18,4,585.38,Shipped
57362,1643,2112,2024-04-08,5,2352.31,Cancelled
57363,2538,2082,2023-11-11,1,32.21,Pending
57364,1417,2158,2024-03-30,4,1844.09,Completed
57365,3032,2186,2024-02-13,2,643.41,Completed
57366,1328,2061,2023-08-05,5,846.98,Completed
57367,2930,2094,2024-03-28,3,333.8,Completed
57368,1271,2104,2023-12-09,4,792.44,Completed
57369,2945,2078,2024-02-22,4,503.16,Completed
57370,3275,2019,2023-06-06,4,1372.31,Completed
57371,2397,2101,2023-07-01,3,1486.79,Pending
57372,1861,2134,2024-04-16,3,240.01,Cancelled
57373,2658,2002,2023-06-15,4,1863.41,Completed
57374,2672,2173,2023-07-05,3,350.99,Completed
57375,2805,2097,2023-12-25,1,407.14,Completed
57376,2202,2075,2024-05-21,3,611.66,Pending
57377,3417,2024,2024-02-17,1,164.34,Completed
57378,2586,2159,2024-01-18,3,727.89,Completed
57379,2077,2101,2023-06-09,4,1157.53,Completed
57380,1740,2107,2023-06-11,3,351.96,Cancelled
57381,3239,2041,2024-04-18,3,941.4,Cancelled
57382,2783,2151,2023-12-22,4,1479.28,Cancelled
57383,1473,2132,2024-01-25,3,812.48,Completed
57384,2182,2028,2023-10-27,1,116.66,Completed
57385,2253,2135,2024-01-14,3,550.44,Completed
57386,2599,2031,2024-03-15,2,873.25,Cancelled
57387,1232,2043,2023-08-20,5,619.68,Completed
57388,3461,2166,2024-05-18,3,494.39,Completed
57389,1669,2022,2023-09-10,3,1490.93,Shipped
57390,2326,2085,2024-01-12,5,1575.72,Completed
57391,1168,2122,2023-09-03,3,646.53,Cancelled
57392,2988,2034,2023-10-06,1,206.26,Completed
57393,2717,2090,2024-01-15,5,2441.12,Pending
57394,1302,2166,2024-05-14,3,230.55,Completed
57395,2167,2026,2023-09-29,4,1022.8,Pending
57396,2556,2125,2024-04-06,3,1221.47,Shipped
57397,1827,2191,2023-08-05,2,307.74,Cancelled
57398,2569,2123,2023-09-20,4,251.17,Pending
57399,2932,2081,2023-11-16,4,1206.98,Completed
57400,1542,2008,2024-04-05,3,,Shipped
57401,1098,2042,2024-03-02,5,2223.08,Completed
57402,2222,2053,2024-03-13,5,453.34,Cancelled
57403,2831,2104,2024-03-19,3,1437.24,Completed
57404,2592,2100,2024-02-05,3,1167.31,Cancelled
57405,2747,2130,2024-04-05,5,1053.26,Completed
57406,3128,2197,2024-02-01,5,1131.71,Cancelled
57407,1323,2077,2023-08-02,5,1770.17,Completed
57408,3393,2010,2024-04-15,3,944.11,Shipped
57409,2153,2075,2023-10-12,4,629.79,Pending
57410,1219,2116,2023-08-10,3,502.72,Completed
57411,1617,2123,2024-03-14,4,221.11,Cancelled
57412,2369,2065,2024-01-22,2,572.13,Completed
57413,1225,2117,2023-11-10,1,439.24,Completed
57414,1508,2065,2023-12-13,1,138.64,Cancelled
57415,1690,2144,2023-06-16,2,348.44,Cancelled
57416,3451,2156,2024-05-18,1,346.08,Completed
57417,3294,2167,2024-04-27,3,837.29,Pending
57418,2881,2001,2024-01-27,3,116.9,Completed
57419,3359,2168,2024-05-10,5,636.79,Cancelled
57420,1711,2083,2023-12-19,4,1691.3,Pending
57421,2248,2198,2024-05-12,4,1647.5,Completed
57422,2963,2200,2024-02-02,1,271.42,Completed
57423,2665,2105,2024-01-12,5,1101.51,Pending
57424,1953,2058,2024-03-14,4,494.5,Cancelled
57425,1489,2062,2023-06-06,2,185.29,Pending
57426,1532,2078,2024-05-16,5,1349.82,Completed
57427,1112,2157,2023-10-08,4,853.36,Completed
57428,3323,2125,2024-01-18,1,394.42,Completed
57429,2615,2077,2023-10-16,2,826.27,Cancelled
57430,2379,2074,2023-07-23,2,153.49,Pending
57431,2558,2044,2023-06-25,5,1673.85,Completed
57432,1724,2136,2024-04-11,2,901.9,Cancelled
57433,1670,2137,2023-06-05,1,400.18,Cancelled
57434,1668,2005,2023-11-29,2,865.57,Completed
57435,1107,2074,2024-04-20,3,644.13,Pending
57436,2716,2154,2023-06-21,1,465.51,Cancelled
57437,1694,2056,2023-09-05,1,398.18,Completed
57438,1545,2077,2023-06-08,3,1346.59,Completed
57439,2284,2164,2024-01-20,3,807.49,Completed
57440,1596,2119,2024-01-03,5,,Completed
57441,1715,2123,2024-01-16,5,1889.06,Completed
57442,1990,2058,2023-10-01,3,696.14,Cancelled
57443,2273,2040,2023-06-11,1,286.92,Completed
57444,2313,2115,2023-12-19,4,259.55,Shipped
57445,1718,2148,2023-12-04,1,372.39,Completed
57446,1268,2004,2023-09-18,1,278.95,Completed
57447,2995,2063,2024-05-08,2,656.52,Completed
57448,1576,2055,2023-10-09,4,801.96,Completed
57449,2153,2110,2023-07-03,2,827.3,Completed
57450,1903,2195,2024-03-04,3,1125.83,Pending
57451,2864,2173,2023-08-28,4,594.59,Shipped
57452,1213,2020,2024-04-04,5,1591.92,Shipped
57453,3090,2155,2023-07-29,3,1043.5,Completed
57454,1869,2087,2024-04-23,3,1251.41,Completed
57455,2761,2033,2024-02-28,4,1631.6,Shipped
57456,1010,2128,2024-05-21,5,326.06,Completed
57457,3076,2073,2024-05-30,4,1610.67,Completed
57458,2003,2190,2023-10-10,1,245.02,Completed
57459,1362,2129,2023-11-10,1,202.79,Cancelled
57460,1568,2172,2023-10-12,1,385.15,Shipped
57461,2292,2197,2023-10-16,4,1453.59,Completed
57462,1538,2016,2023-12-23,5,179.82,Shipped
57463,2765,2028,2023-07-20,5,2373.64,Shipped
57464,2429,2198,2024-03-30,4,515.2,Pending
57465,1638,2085,2023-10-01,1,135.22,Completed
57466,3192,2070,2023-12-11,3,399.76,Cancelled
57467,2026,2070,2023-08-05,5,164.01,Completed
57468,2042,2173,2023-06-09,1,302.62,Completed
57469,1864,2028,2024-03-21,3,1406.08,Completed
57470,2935,2144,2024-02-10,2,64.34,Completed
57471,1774,2149,2023-06-14,1,138.95,Completed
57472,1857,2048,2024-04-14,2,885.94,Completed
57473,1103,2085,2024-05-14,3,1170.79,Completed
57474,2419,2186,2023-12-13,2,893.71,Completed
57475,3487,2128,2023-12-08,4,1613.65,Shipped
57476,2813,2140,2024-05-20,2,842.59,Completed
57477,3435,2063,2024-04-04,5,1960.59,Completed
57478,1294,2008,2024-03-23,3,188.21,Cancelled
57479,3067,2131,2023-11-28,4,1139.2,Cancelled
57480,1766,2136,2023-06-08,5,,Completed
57481,3088,2063,2024-04-05,4,1085.02,Completed
57482,1292,2144,2024-04-04,5,1151.39,Completed
57483,3411,2197,2024-05-14,5,819.47,Shipped
57484,1073,2116,2023-10-28,3,1313.48,Completed
57485,2309,2174,2023-12-11,4,106.73,Completed
57486,1642,2115,2023-07-21,5,2042.18,Cancelled
57487,2832,2092,2024-02-22,4,1662.82,Completed
57488,3375,2142,2023-06-17,2,82.83,Completed
57489,1520,2012,2023-10-08,4,1606.98,Cancelled
57490,1193,2119,2023-10-26,2,601.96,Shipped
57491,2634,2067,2024-02-28,3,759.01,Pending
57492,1779,2158,2023-08-25,1,95.8,Shipped
57493,2047,2200,2023-10-16,1,348.98,Completed
57494,1415,2147,2024-02-03,1,456.74,Shipped
57495,1002,2031,2023-07-05,2,105.03,Completed
57496,2629,2126,2023-09-01,5,1742.68,Shipped
57497,1295,2189,2023-12-20,5,2037.99,Completed
57498,1514,2111,2023-07-13,4,888.71,Pending
57499,2125,2124,2023-07-04,1,257.14,Cancelled
57500,1901,2089,2023-09-02,4,749.14,Completed
57501,1554,2180,2024-05-28,1,283.26,Completed
57502,1790,2003,2024-04-29,1,60.74,Pending
57503,1328,2163,2024-02-24,2,219.55,Completed
57504,1649,2146,2023-06-24,1,423.58,Pending
57505,2210,2018,2023-12-14,4,1451.55,Completed
57506,1864,2010,2024-03-08,4,145.98,Completed
57507,1608,2143,2024-05-05,2,141.6,Pending
57508,1575,2055,2023-08-06,3,619.33,Shipped
57509,2033,2072,2024-01-29,1,43.11,Completed
57510,2612,2016,2024-01-07,4,1922.84,Completed
57511,3013,2117,2024-02-26,5,2228.17,Completed
57512,1297,2066,2023-08-02,5,404.96,Completed
57513,2881,2042,2024-04-07,1,264.3,Completed
57514,2929,2159,2024-02-28,1,370.05,Shipped
57515,1390,2117,2023-07-02,3,1168.54,Completed
57516,2905,2164,2024-05-13,4,1506.38,Cancelled
57517,2518,2117,2023-12-04,4,1225.88,Completed
57518,1922,2103,2024-04-17,4,1754.3,Completed
57519,3413,2193,2023-10-22,4,1870.17,Completed
57520,1085,2150,2024-04-12,5,,Shipped
57521,1891,2191,2024-02-03,5,795.59,Shipped
57522,2648,2081,2023-08-23,2,782.37,Cancelled
57523,1019,2074,2023-11-09,2,233.92,Completed
57524,1102,2068,2024-04-09,5,538.48,Pending
57525,1133,2001,2023-06-13,2,423.02,Pending
57526,2432,2087,2023-10-13,4,759.71,Shipped
57527,2779,2075,2024-05-30,1,475.53,Completed
57528,3167,2036,2023-11-22,1,74.45,Completed
57529,1829,2014,2023-09-07,3,797.41,Completed
57530,2945,2045,2023-12-16,2,700.9,Completed
57531,3229,2197,2023-06-28,3,863.58,Shipped
57532,1054,2138,2024-05-19,5,1819.52,Shipped
57533,1324,2028,2023-08-25,3,790.52,Completed
57534,2248,2180,2023-09-27,1,213.96,Completed
57535,2903,2124,2023-08-04,1,72.46,Pending
57536,1439,2180,2023-12-25,5,376.04,Cancelled
57537,3175,2025,2024-05-03,4,1998.56,Pending
57538,1955,2095,2023-08-05,1,183.57,Pending
57539,2983,2052,2024-04-30,4,317.64,Completed
57540,2852,2196,2023-06-04,4,1114.85,Cancelled
57541,2775,2071,2024-01-01,3,218.71,Pending
57542,1964,2090,2024-04-06,3,684.52,Cancelled
57543,2375,2050,2024-04-21,4,654.46,Completed
57544,2405,2045,2023-11-10,4,944.09,Pending
57545,3206,2150,2024-03-18,4,1463.15,Completed
57546,3346,2096,2023-07-16,4,1290.33,Pending
57547,1140,2058,2023-08-22,2,673.76,Shipped
57548,1124,2026,2023-10-14,1,443.88,Completed
57549,1254,2174,2024-01-12,1,191.79,Completed
57550,3499,2098,2024-05-07,2,183.79,Completed
57551,2258,2125,2024-02-07,2,369.95,Cancelled
57552,2715,2020,2024-05-25,1,196.66,Shipped
57553,3493,2181,2023-11-24,2,268.6,Cancelled
57554,2193,2024,2023-12-19,2,927.87,Shipped
57555,3375,2175,2023-06-09,4,451.85,Shipped
57556,3085,2023,2023-11-12,4,855.45,Shipped
57557,1791,2007,2024-03-21,5,262.71,Completed
57558,3139,2056,2023-10-13,2,310.41,Cancelled
57559,1839,2105,2023-10-06,3,695.04,Completed
57560,3140,2128,2024-01-13,5,,Completed
57561,2165,2125,2023-08-14,3,1360.5,Completed
57562,1386,2181,2024-01-04,4,836.52,Completed
57563,3199,2126,2023-10-27,2,69.56,Pending
57564,2172,2128,2023-11-02,2,622.57,Completed
57565,1574,2101,2024-02-26,2,742.9,Cancelled
57566,2979,2007,2024-04-05,2,604.52,Completed
57567,1427,2108,2024-05-10,2,582.14,Cancelled
57568,1166,2143,2023-11-07,3,452.36,Completed
57569,2547,2036,2024-01-11,4,1820.98,Completed
57570,1419,2048,2023-11-20,5,353.42,Shipped
57571,3296,2120,2023-12-19,4,523.59,Completed
57572,2050,2027,2024-04-14,4,1951.99,Shipped
57573,2034,2067,2024-01-26,4,748.04,Completed
57574,1529,2078,2023-12-23,5,1077.65,Completed
57575,1471,2106,2024-03-30,2,113.2,Completed
57576,1296,2119,2023-07-24,2,402.99,Shipped
57577,1589,2162,2024-03-10,3,541.98,Shipped
57578,2861,2008,2024-05-30,3,85.12,Completed
57579,2452,2113,2023-10-12,3,1085.65,Completed
57580,2986,2107,2024-01-01,3,836.92,Cancelled
57581,2222,2030,2023-09-24,5,1707.91,Completed
57582,1733,2117,2024-01-10,1,260.32,Completed
57583,1805,2090,2024-04-06,3,845.44,Shipped
57584,1523,2066,2023-12-03,2,322.59,Cancelled
57585,3199,2031,2023-12-16,1,340.1,Completed
57586,2018,2080,2023-07-26,4,905.44,Completed
57587,2276,2105,2023-07-25,3,215.66,Shipped
57588,3371,2168,2023-07-26,1,335.71,Completed
57589,2895,2057,2024-03-17,1,323.94,Cancelled
57590,3075,2167,2023-09-29,3,815.68,Completed
57591,3294,2182,2023-06-05,1,88.97,Pending
57592,1301,2035,2024-01-13,4,1424.88,Completed
57593,2578,2166,2024-02-12,3,352.36,Cancelled
57594,1019,2152,2023-07-20,4,635.39,Pending
57595,3335,2065,2023-06-08,5,129.73,Completed
57596,1118,2194,2024-03-02,5,1867.36,Completed
57597,3320,2163,2023-06-23,4,596.71,Completed
57598,3479,2159,2023-12-17,3,867.08,Completed
57599,1135,2040,2024-05-21,5,707.12,Pending
57600,2032,2083,2023-08-04,4,,Cancelled
57601,2855,2034,2024-02-24,1,466.18,Completed
57602,3254,2099,2023-11-11,4,439.0,Pending
57603,1180,2004,2024-03-10,1,198.4,Cancelled
57604,1106,2172,2023-08-01,5,1949.96,Cancelled
57605,1056,2002,2024-05-23,2,50.05,Completed
57606,1800,2117,2024-03-02,2,568.85,Pending
57607,3146,2189,2024-02-01,2,796.68,Shipped
57608,1634,2014,2023-09-06,1,240.79,Completed
57609,3222,2017,2024-01-04,5,1877.61,Completed
57610,1840,2182,2024-03-29,4,819.08,Shipped
57611,2604,2043,2023-07-28,3,458.49,Completed
57612,1278,2149,2024-03-14,1,236.54,Shipped
57613,1520,2117,2023-08-08,5,1699.99,Shipped
57614,3435,2079,2023-08-19,5,1096.14,Completed
57615,3204,2197,2023-09-30,3,906.85,Shipped
57616,2600,2052,2024-03-13,5,1956.98,Shipped
57617,3215,2125,2024-04-26,3,952.47,Completed
57618,3495,2023,2023-06-28,5,459.39,Shipped
57619,1941,2062,2023-12-02,3,1285.08,Cancelled
57620,2428,2117,2023-08-16,5,1667.47,Completed
57621,2639,2168,2023-09-19,5,2063.1,Completed
57622,2781,2021,2024-05-05,5,188.52,Completed
57623,3274,2125,2023-12-05,2,67.62,Shipped
57624,1613,2151,2023-12-27,1,154.14,Cancelled
57625,3464,2172,2023-06-30,5,831.93,Pending
57626,2917,2145,2023-11-15,2,669.48,Completed
57627,2902,2153,2024-02-16,5,1745.29,Shipped
57628,1393,2071,2023-11-16,3,1389.05,Completed
57629,1291,2144,2024-04-11,1,249.77,Completed
57630,3103,2072,2023-11-20,5,839.52,Shipped
57631,2982,2070,2024-03-27,3,136.17,Completed
57632,3361,2045,2024-01-02,2,575.0,Cancelled
57633,2630,2089,2024-03-03,1,490.52,Pending
57634,1760,2006,2023-06-29,5,1639.62,Completed
57635,2457,2117,2023-06-11,1,295.68,Pending
57636,2169,2054,2024-05-02,3,711.07,Shipped
57637,1602,2169,2024-04-11,2,363.67,Shipped
57638,2531,2163,2024-01-02,5,183.17,Shipped
57639,3242,2069,2024-01-04,5,1856.18,Completed
57640,1426,2087,2024-05-21,5,,Completed
57641,2558,2040,2023-10-18,2,328.73,Shipped
57642,2170,2124,2024-05-13,1,27.22,Completed
57643,1476,2147,2024-05-20,1,211.74,Shipped
57644,2837,2036,2023-11-05,3,1188.07,Completed
57645,2473,2122,2024-05-18,4,1805.33,Completed
57646,3182,2123,2024-02-04,3,727.76,Completed
57647,1223,2176,2024-02-28,2,366.64,Completed
57648,3198,2155,2023-06-16,5,349.41,Shipped
57649,1233,2010,2024-05-19,4,574.71,Shipped
57650,2885,2079,2024-04-17,1,264.82,Completed
57651,1552,2012,2024-05-13,2,199.04,Completed
57652,2295,2200,2024-03-15,4,1763.7,Pending
57653,2021,2055,2024-01-08,5,1964.75,Completed
57654,3054,2123,2023-12-11,3,1439.51,Completed
57655,2464,2089,2023-08-11,3,800.22,Cancelled
57656,2327,2099,2024-03-03,3,109.87,Pending
57657,2575,2069,2024-02-12,4,1097.77,Shipped
57658,2642,2080,2024-02-17,4,311.98,Completed
57659,1211,2014,2023-08-29,3,577.1,Pending
57660,2086,2088,2023-10-06,2,321.43,Cancelled
57661,3088,2090,2023-08-09,5,755.58,Shipped
57662,3084,2074,2023-10-26,4,111.5,Completed
57663,2276,2096,2023-06-19,3,1024.56,Pending
57664,1869,2196,2023-09-09,4,176.71,Cancelled
57665,2372,2167,2023-07-25,1,273.22,Cancelled
57666,2614,2166,2023-08-01,2,558.08,Pending
57667,2491,2168,2024-04-11,3,539.11,Completed
57668,1670,2046,2024-03-21,5,2355.62,Shipped
57669,1783,2064,2024-04-27,2,324.37,Cancelled
57670,2886,2119,2023-07-15,1,271.91,Completed
57671,2546,2114,2024-05-22,4,659.57,Completed
57672,2553,2014,2023-10-14,5,1606.34,Completed
57673,3430,2134,2023-11-17,5,493.72,Completed
57674,2058,2058,2024-05-16,4,1189.54,Completed
57675,2927,2065,2024-04-05,2,970.82,Completed
57676,2966,2100,2024-05-22,5,1391.38,Completed
57677,3072,2107,2023-07-12,4,1300.52,Completed
57678,3157,2171,2024-02-02,4,827.89,Shipped
57679,2296,2135,2024-05-11,1,281.34,Completed
57680,1333,2159,2023-12-30,3,,Completed
57681,2832,2145,2023-06-19,1,433.28,Completed
57682,1266,2035,2024-01-01,1,200.99,Shipped
57683,3008,2077,2023-07-02,2,911.35,Cancelled
57684,2237,2087,2024-04-14,3,841.3,Pending
57685,2735,2147,2023-11-12,3,880.52,Completed
57686,1699,2107,2024-02-20,1,132.9,Pending
57687,3124,2062,2024-01-17,2,153.74,Cancelled
57688,1991,2090,2024-03-24,3,230.49,Shipped
57689,1967,2196,2023-10-12,3,905.78,Completed
57690,1827,2046,2023-12-07,5,257.51,Shipped
57691,1742,2074,2023-11-25,3,1267.29,Completed
57692,1417,2197,2023-12-14,2,820.41,Pending
57693,2106,2198,2023-09-15,3,221.32,Completed
57694,3446,2033,2024-02-19,4,482.21,Pending
57695,1225,2040,2023-09-14,1,245.72,Shipped
57696,1137,2034,2024-02-24,1,46.12,Pending
57697,1012,2200,2024-04-19,4,836.95,Completed
57698,2122,2054,2023-09-15,3,1043.61,Completed
57699,1744,2167,2023-12-10,2,283.36,Completed
57700,2631,2072,2023-07-08,4,1312.8,Cancelled
57701,3242,2170,2024-02-09,1,410.48,Completed
57702,1618,2025,2023-12-02,1,152.77,Shipped
57703,1933,2090,2023-07-19,4,348.34,Completed
57704,2562,2130,2023-12-05,1,150.04,Shipped
57705,2278,2138,2023-12-04,2,419.04,Shipped
57706,1581,2185,2023-10-04,3,484.41,Pending
57707,1630,2044,2023-10-10,1,448.5,Shipped
57708,2476,2061,2023-06-24,4,1800.25,Completed
57709,1925,2157,2023-06-09,1,151.51,Shipped
57710,3175,2155,2023-08-09,4,791.2,Shipped
57711,1677,2051,2023-10-16,1,265.63,Completed
57712,2533,2108,2024-03-14,2,257.99,Completed
57713,2466,2103,2023-10-01,5,1005.26,Cancelled
57714,1260,2135,2023-08-18,5,744.01,Completed
57715,3310,2200,2024-01-11,3,830.07,Pending
57716,3376,2144,2023-06-22,1,440.26,Shipped
57717,2473,2126,2024-05-30,2,834.33,Completed
57718,3149,2001,2024-01-22,5,2437.28,Completed
57719,2664,2162,2023-12-16,1,299.55,Completed
57720,1042,2078,2023-10-07,4,,Completed
57721,1108,2027,2024-01-19,3,97.12,Pending
57722,2605,2089,2023-11-13,5,1538.73,Cancelled
57723,1160,2166,2023-12-21,3,837.24,Pending
57724,3420,2128,2024-05-30,2,205.61,Completed
57725,2186,2047,2023-06-22,3,417.33,Completed
57726,2636,2062,2024-05-19,1,297.72,Completed
57727,2760,2145,2024-01-27,1,376.02,Completed
57728,2564,2195,2023-10-02,3,918.22,Shipped
57729,1373,2078,2023-08-15,1,488.56,Completed
57730,3243,2102,2023-07-26,2,824.94,Completed
57731,1647,2142,2023-12-28,1,153.05,Shipped
57732,1540,2163,2023-10-26,3,499.57,Completed
57733,2071,2189,2024-03-31,2,212.27,Completed
57734,1092,2039,2023-09-27,2,785.3,Completed
57735,1062,2007,2023-07-20,2,172.94,Cancelled
57736,3473,2044,2024-03-05,2,301.52,Completed
57737,2364,2016,2024-04-24,5,2110.92,Cancelled
57738,1393,2183,2023-09-28,3,403.11,Completed
57739,3475,2083,2023-12-12,1,327.2,Pending
57740,2683,2048,2024-03-28,3,1349.34,Shipped
57741,3128,2071,2023-12-26,4,1619.71,Completed
57742,1230,2197,2024-03-02,5,2186.98,Pending
57743,3376,2093,2023-09-19,4,231.32,Completed
57744,1015,2142,2023-09-05,1,329.92,Completed
57745,3448,2014,2023-12-18,2,901.32,Completed
57746,2544,2015,2023-08-05,4,1901.99,Completed
57747,2370,2109,2024-01-27,2,450.33,Pending
57748,1811,2110,2023-09-04,5,470.75,Completed
57749,3451,2172,2024-03-06,5,1242.9,Pending
57750,2864,2051,2024-03-05,2,706.65,Completed
57751,3059,2040,2023-07-03,3,690.85,Cancelled
57752,1656,2043,2023-09-04,2,948.84,Completed
57753,1807,2134,2023-07-13,2,525.1,Completed
57754,1724,2185,2023-08-23,2,370.96,Completed
57755,2577,2038,2024-02-04,1,391.42,Shipped
57756,2194,2011,2024-05-17,1,499.37,Completed
57757,1305,2044,2023-11-07,3,1392.33,Completed
57758,3418,2040,2023-10-07,3,627.72,Shipped
57759,1108,2134,2024-05-06,5,648.73,Shipped
57760,1929,2179,2024-04-25,3,,Pending
57761,1641,2178,2024-04-10,2,236.79,Pending
57762,2141,2029,2023-11-28,2,866.11,Cancelled
57763,1960,2054,2024-02-23,4,1066.08,Cancelled
57764,2496,2160,2023-07-11,5,176.38,Completed
57765,1133,2149,2024-04-23,3,559.9,Pending
57766,2481,2147,2023-11-24,1,266.66,Completed
57767,2415,2123,2023-08-06,2,222.81,Shipped
57768,1783,2004,2023-06-03,4,108.51,Pending
57769,1287,2143,2024-01-10,5,2056.8,Cancelled
57770,2221,2101,2024-05-14,4,641.74,Shipped
57771,2434,2044,2024-04-13,1,152.72,Completed
57772,2503,2166,2023-12-12,3,133.91,Shipped
57773,2561,2147,2023-08-09,2,485.17,Shipped
57774,1003,2192,2023-08-28,3,1241.74,Shipped
57775,2512,2163,2024-05-08,3,1346.54,Completed
57776,1453,2191,2024-05-07,1,448.78,Completed
57777,2455,2190,2023-12-28,2,670.68,Completed
57778,1586,2109,2024-05-03,4,946.83,Shipped
57779,3079,2007,2024-04-27,5,2090.08,Completed
57780,2283,2146,2023-12-23,3,764.52,Completed
57781,1821,2109,2023-10-15,2,849.3,Completed
57782,1814,2184,2023-08-19,1,229.33,Completed
57783,1922,2036,2023-12-26,1,165.09,Completed
57784,2223,2016,2024-05-22,2,504.53,Completed
57785,1612,2183,2023-10-15,2,805.14,Completed
57786,3494,2017,2023-11-19,4,1113.64,Shipped
57787,1124,2159,2023-12-04,2,740.28,Completed
57788,1764,2042,2023-12-04,2,750.75,Pending
57789,2130,2151,2024-01-14,3,699.19,Pending
57790,1253,2112,2024-01-11,4,651.9,Completed
57791,3074,2106,2024-04-17,2,85.16,Shipped
57792,1123,2118,2024-02-24,1,373.91,Shipped
57793,1284,2188,2023-06-19,1,89.22,Completed
57794,3146,2198,2023-06-05,3,633.21,Shipped
57795,2218,2033,2023-07-24,1,375.97,Pending
57796,2260,2184,2024-03-27,1,37.12,Completed
57797,3393,2018,2023-06-28,1,233.68,Shipped
57798,1788,2177,2023-07-07,3,1382.46,Completed
57799,1127,2073,2024-03-18,5,619.0,Shipped
57800,2697,2075,2023-06-29,3,,Completed
57801,1242,2118,2023-06-21,3,1051.21,Completed
57802,1308,2008,2023-11-26,3,1194.83,Completed
57803,1362,2094,2024-02-23,5,1207.31,Completed
57804,1160,2100,2023-12-30,1,391.11,Pending
57805,2466,2166,2023-07-30,3,240.32,Cancelled
57806,1934,2089,2023-07-07,3,649.47,Cancelled
57807,2439,2031,2023-10-15,2,934.77,Pending
57808,1212,2176,2023-08-19,1,187.81,Completed
57809,3212,2100,2023-07-29,1,483.19,Completed
57810,1482,2021,2024-05-29,4,430.92,Shipped
57811,2929,2025,2023-10-10,2,763.83,Cancelled
57812,1790,2068,2023-07-28,1,211.62,Shipped
57813,2728,2084,2023-06-06,3,1434.13,Pending
57814,1766,2082,2023-11-26,2,165.41,Shipped
57815,1148,2128,2023-09-11,4,1803.71,Completed
57816,1597,2002,2024-01-11,2,355.81,Completed
57817,3236,2166,2023-11-04,3,1234.5,Shipped
57818,1725,2077,2023-06-11,5,1354.21,Shipped
57819,1142,2190,2024-04-08,4,1381.08,Completed
57820,2301,2197,2023-09-26,2,437.13,Completed
57821,1062,2150,2024-05-01,5,1490.84,Completed
57822,3420,2026,2024-05-27,3,1175.94,Completed
57823,3438,2157,2024-05-15,5,396.38,Shipped
57824,2851,2182,2023-07-27,5,447.33,Shipped
57825,1757,2133,2024-02-22,4,1729.48,Completed
57826,1315,2086,2024-05-29,5,2175.96,Completed
57827,1615,2092,2023-10-14,2,332.96,Completed
57828,1181,2039,2023-12-25,4,595.14,Completed
57829,2963,2063,2024-02-28,4,1288.17,Pending
57830,2792,2072,2024-03-07,1,442.4,Completed
57831,2370,2018,2023-08-27,5,1646.29,Completed
57832,2919,2038,2023-10-17,2,68.27,Pending
57833,3019,2121,2024-02-10,5,1352.06,Shipped
57834,2579,2117,2024-01-21,5,283.29,Pending
57835,1013,2131,2024-05-19,2,288.87,Completed
57836,3062,2157,2023-09-23,3,193.62,Shipped
57837,1897,2049,2023-07-20,3,722.53,Completed
57838,1225,2144,2023-09-01,2,801.88,Pending
57839,1344,2182,2023-12-16,2,65.34,Pending
57840,1619,2151,2023-11-14,1,,Pending
57841,2644,2015,2024-05-15,5,2301.04,Pending
57842,3403,2109,2023-07-27,1,429.16,Completed
57843,3272,2070,2023-06-01,2,643.55,Shipped
57844,3327,2047,2024-05-03,4,843.05,Pending
57845,1887,2194,2023-12-28,1,392.9,Pending
57846,1937,2053,2023-09-20,5,1539.38,Completed
57847,1181,2101,2023-12-18,4,1321.26,Pending
57848,2754,2003,2023-11-22,3,103.22,Shipped
57849,1109,2167,2023-06-19,3,1259.86,Completed
57850,3493,2014,2024-03-07,2,90.9,Shipped
57851,1766,2093,2023-06-25,5,1933.88,Completed
57852,2440,2095,2024-01-07,3,519.07,Completed
57853,3397,2147,2023-10-26,1,426.01,Completed
57854,1866,2107,2023-07-04,4,191.53,Completed
57855,1738,2153,2024-04-21,5,1573.8,Completed
57856,2804,2103,2023-07-18,5,404.42,Shipped
57857,3068,2029,2023-11-06,5,2208.74,Completed
57858,2692,2127,2024-02-23,3,944.13,Completed
57859,1549,2024,2024-01-17,4,630.26,Shipped
57860,1384,2031,2024-01-31,4,933.88,Completed
57861,1096,2178,2024-05-07,1,157.56,Pending
57862,2389,2165,2023-09-10,1,182.89,Pending
57863,2452,2166,2024-05-06,2,898.48,Cancelled
57864,2320,2014,2024-03-02,2,832.08,Pending
57865,1147,2051,2024-03-25,1,126.13,Pending
57866,2193,2143,2024-01-06,4,1715.62,Pending
57867,2934,2095,2023-09-13,3,1418.06,Completed
57868,2018,2067,2024-05-04,4,640.46,Cancelled
57869,1560,2128,2023-06-01,5,373.55,Completed
57870,2877,2140,2023-06-23,1,123.56,Cancelled
57871,1365,2001,2023-07-30,1,143.31,Completed
57872,1023,2129,2023-08-17,2,294.23,Completed
57873,2659,2003,2024-04-01,5,183.4,Pending
57874,2424,2126,2024-05-26,5,1395.08,Completed
57875,1467,2103,2023-12-22,1,292.19,Pending
57876,2624,2067,2023-11-07,3,1351.51,Completed
57877,2150,2058,2024-03-29,3,1136.42,Shipped
57878,2633,2184,2023-07-09,4,1921.36,Completed
57879,1513,2177,2023-08-26,4,1410.65,Pending
57880,1542,2111,2023-07-24,1,,Shipped
57881,1155,2044,2023-12-13,1,379.19,Completed
57882,3144,2167,2023-11-02,4,775.83,Completed
57883,3396,2037,2023-07-17,5,1520.91,Pending
57884,3216,2130,2023-12-23,3,1319.8,Cancelled
57885,3360,2056,2023-09-07,5,1193.25,Completed
57886,2443,2049,2024-04-06,1,277.81,Completed
57887,1956,2139,2023-10-29,5,1172.12,Completed
57888,2245,2078,2023-10-09,2,745.32,Completed
57889,2808,2060,2023-12-11,1,319.73,Completed
57890,3098,2085,2024-01-11,3,392.38,Shipped
57891,2917,2155,2023-11-04,4,845.46,Completed
57892,1429,2136,2023-09-20,3,331.1,Cancelled
57893,1066,2004,2023-08-21,3,1403.79,Completed
57894,2996,2138,2023-11-23,2,854.6,Completed
57895,2637,2186,2024-05-03,1,175.74,Completed
57896,1457,2194,2024-01-05,4,866.16,Completed
57897,3143,2156,2023-12-27,1,67.1,Pending
57898,2750,2082,2024-02-14,5,1183.73,Shipped
57899,1656,2181,2023-11-06,2,748.3,Pending
57900,2477,2142,2023-08-06,5,644.02,Completed
57901,2027,2180,2024-04-22,1,323.28,Completed
57902,2207,2161,2023-11-20,1,352.47,Cancelled
57903,3255,2103,2023-09-08,5,2223.5,Completed
57904,2040,2097,2023-12-17,5,1919.29,Cancelled
57905,1491,2066,2023-10-29,5,1386.26,Completed
57906,1563,2155,2024-05-30,4,1607.95,Completed
57907,1751,2176,2024-03-11,2,872.5,Completed
57908,1825,2006,2024-02-01,1,246.49,Cancelled
57909,1428,2159,2023-06-22,3,1080.29,Shipped
57910,3033,2133,2024-01-04,1,60.96,Completed
57911,3112,2182,2024-04-22,2,916.43,Completed
57912,2136,2082,2023-07-07,2,625.87,Completed
57913,3470,2166,2023-10-07,3,464.56,Completed
57914,3081,2054,2023-09-11,4,1164.13,Completed
57915,2247,2167,2024-02-07,3,281.21,Completed
57916,1097,2118,2023-11-05,2,550.04,Completed
57917,1188,2052,2024-03-31,3,1252.15,Completed
57918,1228,2114,2024-02-16,4,949.75,Completed
57919,2369,2001,2023-06-18,3,345.91,Shipped
57920,2306,2124,2024-04-22,4,,Shipped
57921,1901,2101,2024-01-18,2,256.41,Pending
57922,1279,2069,2023-09-01,3,747.26,Completed
57923,2460,2196,2023-07-18,4,1495.71,Completed
57924,2295,2112,2023-12-30,1,329.6,Cancelled
57925,1641,2180,2023-10-14,2,445.75,Cancelled
57926,2401,2020,2024-01-14,5,509.66,Pending
57927,2482,2191,2024-02-09,4,485.64,Pending
57928,1280,2067,2023-12-18,1,63.01,Shipped
57929,2045,2197,2023-07-15,5,1022.4,Completed
57930,1247,2016,2024-03-28,2,361.03,Shipped
57931,3093,2052,2024-05-12,3,1396.28,Shipped
57932,2748,2033,2024-01-15,5,717.34,Cancelled
57933,2941,2123,2024-02-01,4,724.12,Completed
57934,1550,2058,2023-10-31,4,1547.62,Completed
57935,2412,2030,2023-09-07,4,617.84,Completed
57936,1524,2137,2024-04-27,2,447.24,Completed
57937,2768,2088,2023-09-01,5,654.04,Shipped
57938,2542,2123,2023-12-03,4,439.62,Completed
57939,2032,2088,2024-05-11,3,94.77,Completed
57940,3393,2163,2024-02-17,5,711.15,Pending
57941,2480,2159,2023-12-01,3,412.53,Shipped
57942,2223,2161,2023-08-26,2,701.55,Cancelled
57943,2074,2113,2023-06-18,3,441.28,Completed
57944,3028,2102,2023-12-01,5,2206.26,Shipped
57945,1823,2157,2024-05-04,1,57.33,Cancelled
57946,2919,2099,2024-05-19,5,515.4,Pending
57947,1256,2070,2023-10-01,5,1407.91,Shipped
57948,1602,2133,2024-01-17,1,429.36,Completed
57949,3121,2060,2023-10-17,3,395.21,Completed
57950,3388,2159,2024-05-18,4,1807.32,Completed
57951,3250,2082,2023-11-07,3,1318.81,Completed
57952,2149,2016,2023-08-19,5,2255.37,Completed
57953,3194,2196,2023-06-04,3,1070.9,Cancelled
57954,3152,2099,2024-05-25,5,1814.21,Cancelled
57955,1192,2139,2024-05-30,4,861.08,Completed
57956,1714,2125,2023-08-24,3,700.85,Pending
57957,1425,2029,2023-11-27,4,1144.75,Completed
57958,2968,2138,2023-07-14,3,1342.17,Completed
57959,2654,2041,2023-07-04,4,502.09,Pending
57960,1352,2061,2024-02-26,4,,Completed
57961,1083,2179,2024-04-23,2,910.51,Cancelled
57962,1481,2102,2024-01-04,4,1747.55,Shipped
57963,1493,2109,2023-08-26,3,1139.09,Shipped
57964,2627,2159,2024-03-06,5,1842.08,Shipped
57965,2768,2123,2023-12-19,2,938.93,Completed
57966,3058,2036,2023-09-01,3,736.83,Shipped
57967,1743,2033,2023-10-10,4,869.16,Cancelled
57968,2736,2113,2023-06-22,4,294.75,Pending
57969,1377,2164,2023-10-16,5,1705.78,Completed
57970,2886,2157,2023-08-12,3,724.95,Completed
57971,1707,2050,2023-11-09,2,617.77,Completed
57972,1107,2159,2023-09-05,3,1155.81,Completed
57973,2809,2062,2023-10-07,3,458.88,Completed
57974,2960,2194,2023-07-20,1,189.28,Completed
57975,3122,2048,2023-09-01,1,289.75,Cancelled
57976,2365,2022,2024-01-14,1,396.54,Completed
57977,2848,2007,2024-01-09,4,997.09,Pending
57978,3482,2051,2023-07-30,2,142.33,Pending
57979,2220,2081,2023-10-03,5,591.55,Pending
57980,2213,2042,2023-11-26,3,1482.5,Completed
57981,2478,2063,2023-10-03,2,824.58,Completed
57982,1136,2026,2023-08-22,3,1425.82,Shipped
57983,2653,2116,2023-11-15,5,288.9,Cancelled
57984,3412,2172,2024-04-05,3,1284.93,Pending
57985,2931,2011,2023-09-28,1,358.87,Pending
57986,1008,2093,2024-01-06,5,1687.62,Completed
57987,2515,2142,2023-09-09,2,89.06,Completed
57988,1887,2085,2023-11-04,3,628.4,Completed
57989,2623,2121,2024-04-11,5,1349.59,Completed
57990,2790,2129,2024-01-08,2,448.39,Completed
57991,2278,2185,2023-11-06,5,1330.93,Completed
57992,1125,2170,2023-12-24,2,764.01,Pending
57993,2837,2195,2023-09-07,5,456.59,Completed
57994,2545,2182,2023-06-12,3,275.36,Cancelled
57995,2207,2038,2024-04-11,5,2176.48,Completed
57996,1367,2158,2023-08-29,3,711.83,Completed
57997,2398,2013,2024-01-07,5,1701.29,Cancelled
57998,1695,2016,2024-03-21,5,1877.42,Cancelled
57999,2967,2035,2023-07-31,1,90.74,Completed
58000,1883,2131,2023-08-17,5,,Completed
58001,3407,2194,2024-04-01,1,74.81,Completed
58002,2506,2160,2023-11-26,3,773.35,Pending
58003,1323,2112,2024-03-13,1,368.48,Pending
58004,3101,2009,2023-09-30,1,172.42,Completed
58005,1026,2084,2024-05-15,3,1314.99,Cancelled
58006,1070,2021,2024-05-24,2,162.58,Completed
58007,1866,2062,2023-12-31,1,459.97,Pending
58008,2074,2051,2023-09-04,1,374.3,Completed
58009,1491,2089,2023-10-15,5,914.39,Shipped
58010,1533,2148,2023-07-12,4,1230.95,Completed
58011,3443,2098,2024-04-14,1,311.08,Completed
58012,1963,2098,2023-10-28,1,257.8,Pending
58013,2299,2180,2024-03-18,2,67.17,Completed
58014,3351,2078,2024-03-04,2,796.87,Completed
58015,3335,2007,2023-07-09,4,1666.55,Completed
58016,1440,2194,2023-07-13,3,1348.73,Shipped
58017,1888,2190,2023-12-31,1,321.43,Completed
58018,1862,2156,2023-11-01,3,975.13,Completed
58019,2093,2156,2024-02-08,2,169.79,Completed
58020,3390,2106,2023-06-18,1,201.52,Completed
58021,1826,2162,2023-06-15,3,389.13,Completed
58022,2770,2191,2023-08-28,3,1039.95,Cancelled
58023,3240,2190,2024-03-14,5,166.42,Completed
58024,3441,2127,2023-06-23,3,661.82,Cancelled
58025,2354,2083,2023-11-30,1,349.5,Cancelled
58026,1862,2042,2023-10-23,1,425.61,Shipped
58027,2846,2194,2024-05-10,3,217.13,Shipped
58028,3318,2053,2023-12-07,2,588.47,Shipped
58029,1007,2061,2024-02-18,5,299.78,Pending
58030,2640,2128,2024-01-12,1,321.62,Shipped
58031,2476,2040,2023-07-08,5,2295.44,Completed
58032,3066,2097,2024-02-27,1,149.05,Completed
58033,3483,2067,2023-08-13,5,158.27,Cancelled
58034,3176,2151,2023-08-13,3,1177.47,Cancelled
58035,2329,2124,2024-02-19,2,628.3,Cancelled
58036,1185,2050,2024-01-31,1,126.82,Pending
58037,1845,2193,2023-07-13,2,99.16,Cancelled
58038,3274,2105,2024-03-17,3,815.09,Completed
58039,1253,2117,2023-10-08,5,1214.54,Cancelled
58040,1319,2049,2023-10-10,1,,Completed
58041,1482,2071,2023-06-08,3,156.64,Completed
58042,3268,2026,2023-10-03,4,242.43,Completed
58043,1010,2010,2023-10-20,5,2071.91,Completed
58044,1448,2186,2023-08-09,2,682.17,Cancelled
58045,1425,2003,2024-03-25,3,1041.7,Completed
58046,2304,2084,2023-10-06,5,1039.82,Completed
58047,2480,2111,2023-07-11,3,458.23,Completed
58048,3311,2139,2024-01-15,1,54.76,Completed
58049,1782,2170,2023-08-06,1,183.33,Cancelled
58050,2048,2028,2024-02-10,4,308.22,Completed
58051,2262,2132,2023-09-28,2,287.97,Shipped
58052,1155,2154,2023-12-25,3,1397.51,Completed
58053,2685,2020,2023-08-07,1,209.3,Pending
58054,3309,2077,2024-02-20,1,460.51,Shipped
58055,1248,2001,2023-07-10,1,103.23,Completed
58056,1899,2179,2023-06-12,1,224.39,Cancelled
58057,2563,2087,2023-12-06,4,1336.02,Completed
58058,1765,2057,2024-03-07,2,418.82,Completed
58059,1408,2076,2023-10-02,3,476.21,Completed
58060,1718,2130,2023-06-12,4,601.29,Cancelled
58061,1229,2081,2023-09-11,5,1725.58,Shipped
58062,3341,2200,2024-04-24,1,187.8,Cancelled
58063,2505,2002,2024-04-10,3,305.58,Shipped
58064,1282,2112,2024-03-05,2,427.39,Completed
58065,2826,2126,2023-08-31,1,37.48,Cancelled
58066,3009,2048,2024-01-26,3,1433.73,Completed
58067,1207,2096,2024-03-25,1,460.27,Completed
58068,2887,2147,2024-02-16,1,202.23,Completed
58069,1374,2142,2023-11-07,5,973.56,Completed
58070,1686,2160,2024-01-04,3,426.72,Completed
58071,1576,2036,2023-07-20,4,476.67,Cancelled
58072,2252,2037,2023-10-14,5,1263.92,Shipped
58073,1703,2146,2024-02-29,1,340.0,Completed
58074,1635,2159,2023-07-09,4,1979.07,Pending
58075,2288,2199,2023-07-25,2,733.04,Completed
58076,1135,2080,2024-04-16,3,1273.44,Cancelled
58077,1456,2063,2023-07-25,3,592.13,Pending
58078,1562,2185,2023-12-08,2,107.53,Completed
58079,1568,2072,2023-07-04,2,64.88,Completed
58080,1464,2054,2023-07-04,3,,Completed
58081,1758,2022,2023-10-23,2,491.72,Pending
58082,3057,2174,2024-05-12,1,483.15,Completed
58083,2376,2170,2024-04-11,2,752.04,Pending
58084,2943,2007,2024-05-04,2,456.05,Shipped
58085,2253,2145,2024-01-25,4,1283.61,Shipped
58086,2938,2157,2024-03-25,5,2349.27,Shipped
58087,1753,2090,2023-12-24,5,1160.58,Completed
58088,1319,2017,2023-09-17,3,96.97,Pending
58089,2780,2075,2024-04-12,5,1028.24,Completed
58090,2832,2181,2023-12-24,2,256.88,Pending
58091,3073,2007,2023-06-21,4,315.05,Completed
58092,2158,2128,2023-11-08,1,337.63,Completed
58093,1754,2033,2023-06-24,1,56.37,Pending
58094,1034,2188,2023-10-23,2,172.16,Shipped
58095,2513,2146,2023-09-23,2,666.5,Completed
58096,1862,2196,2024-03-09,1,408.89,Completed
58097,1870,2029,2023-12-26,1,229.91,Pending
58098,2932,2079,2024-05-13,3,1373.48,Pending
58099,3385,2125,2023-06-21,4,317.5,Cancelled
58100,3159,2184,2024-03-23,3,1353.96,Completed
58101,1483,2095,2024-02-08,5,2268.72,Completed
58102,1983,2150,2023-07-01,2,519.98,Completed
58103,2512,2133,2023-12-23,1,111.34,Completed
58104,1534,2054,2023-12-24,2,737.71,Completed
58105,2389,2131,2024-03-02,3,1088.55,Shipped
58106,3379,2053,2024-01-15,1,410.91,Pending
58107,3259,2128,2023-11-25,1,271.6,Completed
58108,2463,2166,2024-05-21,4,1291.44,Completed
58109,3039,2136,2023-10-11,3,472.71,Completed
58110,1640,2188,2024-02-05,3,1177.76,Cancelled
58111,2047,2044,2023-10-20,3,1410.49,Pending
58112,3489,2053,2023-12-25,4,912.75,Completed
58113,2174,2080,2024-03-02,4,1593.05,Shipped
58114,2879,2030,2023-08-01,5,1369.56,Pending
58115,1278,2135,2023-08-26,4,1462.01,Shipped
58116,1903,2076,2024-01-15,4,647.63,Pending
58117,2795,2133,2023-10-28,3,1072.87,Pending
58118,1963,2178,2023-10-03,1,329.28,Cancelled
58119,1429,2082,2023-12-30,4,721.47,Completed
58120,1496,2055,2023-11-19,3,,Shipped
58121,2442,2088,2024-05-04,4,1234.63,Shipped
58122,1123,2186,2024-01-22,5,1986.25,Completed
58123,2951,2114,2024-04-24,1,420.4,Shipped
58124,2529,2087,2023-09-16,1,495.73,Completed
58125,2987,2051,2023-07-24,3,223.67,Pending
58126,1705,2090,2024-03-27,2,153.02,Completed
58127,3354,2161,2024-03-10,3,619.2,Shipped
58128,1521,2067,2023-06-27,3,596.59,Shipped
58129,1666,2084,2023-07-24,4,991.38,Shipped
58130,3179,2091,2024-01-07,3,297.32,Shipped
58131,2653,2079,2023-08-19,3,382.84,Completed
58132,1633,2130,2023-08-09,2,72.49,Completed
58133,1211,2071,2023-07-08,1,223.73,Cancelled
58134,2663,2011,2024-01-21,2,407.19,Completed
58135,1253,2176,2023-07-25,3,806.81,Pending
58136,1193,2160,2023-12-28,4,1906.13,Pending
58137,1698,2096,2023-06-18,1,297.45,Completed
58138,1481,2189,2024-03-20,3,630.36,Cancelled
58139,1800,2046,2023-07-01,3,1118.77,Pending
58140,2423,2011,2023-12-21,5,1047.14,Shipped
58141,1465,2173,2023-11-19,5,1359.61,Completed
58142,2439,2033,2023-09-20,4,575.09,Completed
58143,1296,2027,2023-06-14,1,402.51,Shipped
58144,1699,2009,2024-03-02,5,1016.33,Pending
58145,1140,2077,2023-06-30,4,373.19,Completed
58146,1396,2093,2023-08-01,4,698.59,Cancelled
58147,2542,2122,2024-03-29,2,896.05,Pending
58148,1113,2087,2024-02-23,4,771.93,Completed
58149,2109,2174,2023-09-17,3,1355.82,Completed
58150,1135,2127,2023-06-24,3,384.21,Shipped
58151,1186,2117,2024-01-21,2,207.67,Cancelled
58152,2912,2065,2024-04-12,5,2192.14,Cancelled
58153,3321,2050,2023-12-22,4,1871.56,Completed
58154,3215,2187,2023-12-21,1,63.97,Pending
58155,2930,2171,2024-02-27,4,1915.3,Cancelled
58156,3114,2015,2023-07-31,1,55.28,Completed
58157,1136,2168,2023-11-27,2,702.69,Cancelled
58158,1617,2054,2024-02-27,2,395.9,Completed
58159,1606,2054,2024-01-25,4,737.31,Completed
58160,2174,2135,2023-06-16,4,,Shipped
58161,1767,2068,2023-10-21,5,1743.0,Pending
58162,3249,2065,2023-12-27,1,157.4,Completed
58163,1694,2108,2023-07-24,4,1475.53,Completed
58164,2331,2162,2023-11-07,2,493.73,Completed
58165,1805,2169,2024-03-28,5,1238.47,Completed
58166,1495,2077,2024-05-09,4,247.06,Pending
58167,1143,2080,2024-01-29,4,238.43,Completed
58168,2751,2170,2024-04-28,3,450.54,Completed
58169,3405,2192,2023-06-23,3,357.73,Pending
58170,1136,2043,2024-04-12,4,970.96,Completed
58171,2353,2003,2023-09-14,3,664.31,Completed
58172,1974,2116,2023-09-04,3,640.71,Completed
58173,2334,2102,2023-06-05,3,840.64,Completed
58174,1354,2022,2024-03-26,5,199.51,Pending
58175,2312,2193,2023-12-19,2,217.14,Completed
58176,2656,2125,2024-04-05,1,386.24,Completed
58177,3013,2131,2023-11-20,1,110.36,Cancelled
58178,1702,2175,2024-01-19,2,806.69,Cancelled
58179,1317,2104,2024-04-01,3,1420.39,Completed
58180,1536,2156,2023-08-12,3,426.64,Completed
58181,1290,2142,2024-01-13,3,1201.67,Pending
58182,2599,2023,2024-02-06,4,811.3,Pending
58183,1663,2041,2024-05-08,3,1304.53,Completed
58184,3134,2134,2023-09-29,4,922.49,Pending
58185,3398,2144,2023-09-19,2,997.23,Completed
58186,1196,2132,2023-09-11,2,498.31,Completed
58187,2608,2163,2023-07-28,3,1262.32,Cancelled
58188,1748,2100,2023-12-30,5,1088.8,Shipped
58189,3121,2007,2024-03-04,1,253.63,Completed
58190,2709,2086,2023-10-01,1,36.99,Completed
58191,1587,2125,2023-12-04,1,317.56,Shipped
58192,2676,2169,2023-06-09,3,745.23,Completed
58193,1637,2144,2023-06-19,2,900.04,Pending
58194,1357,2068,2023-08-12,1,127.56,Pending
58195,2183,2116,2023-08-30,4,1672.88,Completed
58196,3371,2045,2024-04-19,2,700.98,Shipped
58197,3062,2160,2023-10-21,5,903.35,Completed
58198,3043,2107,2023-08-04,5,710.15,Shipped
58199,2010,2102,2024-03-20,5,633.88,Completed
58200,1122,2174,2024-01-28,2,,Cancelled
58201,1351,2158,2023-11-24,5,1318.06,Shipped
58202,2706,2020,2024-05-06,5,185.46,Cancelled
58203,1127,2154,2024-02-29,5,1844.1,Completed
58204,1080,2160,2023-09-15,2,424.33,Completed
58205,2793,2038,2023-10-16,3,544.27,Completed
58206,1761,2124,2023-12-02,5,740.11,Pending
58207,3002,2060,2023-08-08,4,440.95,Completed
58208,1418,2081,2023-11-26,2,188.71,Completed
58209,1395,2101,2024-04-12,5,570.54,Completed
58210,3322,2114,2023-10-08,3,212.66,Shipped
58211,2617,2087,2024-05-25,1,225.49,Cancelled
58212,2635,2045,2023-10-30,5,1985.26,Completed
58213,1921,2052,2024-03-24,4,909.58,Shipped
58214,1020,2189,2023-11-22,4,715.04,Completed
58215,3356,2104,2023-12-20,3,1367.13,Pending
58216,1270,2175,2023-07-18,5,328.58,Completed
58217,1016,2117,2023-08-19,2,749.98,Completed
58218,3388,2182,2023-07-15,5,749.84,Pending
58219,2351,2094,2023-06-28,4,1880.8,Pending
58220,3377,2178,2024-05-06,5,933.02,Completed
58221,2550,2118,2024-01-02,3,581.15,Cancelled
58222,3378,2020,2024-04-01,4,1996.56,Pending
58223,3398,2114,2023-12-25,1,376.8,Completed
58224,1809,2097,2023-10-19,3,890.24,Cancelled
58225,2424,2176,2023-07-24,3,409.16,Shipped
58226,1019,2189,2023-10-16,2,893.0,Completed
58227,1636,2076,2024-04-06,1,429.49,Completed
58228,2761,2051,2023-08-01,4,989.04,Completed
58229,2120,2038,2023-09-01,2,143.83,Completed
58230,2236,2034,2024-04-26,1,409.79,Cancelled
58231,2965,2050,2024-02-18,1,342.37,Shipped
58232,3361,2008,2023-09-28,3,707.35,Completed
58233,2859,2084,2023-07-22,1,339.28,Cancelled
58234,2497,2139,2023-09-30,5,901.45,Cancelled
58235,1843,2061,2023-08-26,4,292.13,Completed
58236,2287,2054,2023-11-13,1,483.5,Completed
58237,2747,2188,2023-09-12,3,1494.62,Completed
58238,2801,2020,2024-04-05,1,449.57,Pending
58239,1944,2051,2023-11-26,3,710.89,Completed
58240,2469,2067,2023-09-17,2,,Shipped
58241,3073,2043,2023-11-13,3,228.55,Pending
58242,3231,2147,2023-08-12,2,80.98,Cancelled
58243,1545,2146,2024-04-26,5,2268.05,Completed
58244,2397,2198,2024-03-09,1,107.52,Cancelled
58245,2244,2089,2024-01-22,1,345.28,Pending
58246,3347,2176,2023-07-22,5,1701.55,Cancelled
58247,1350,2110,2023-08-30,3,1416.54,Cancelled
58248,3479,2051,2023-07-25,3,534.2,Shipped
58249,2714,2087,2023-07-22,2,256.14,Cancelled
58250,2777,2029,2023-09-23,4,985.3,Completed
58251,2582,2021,2024-01-07,1,228.94,Completed
58252,2306,2070,2023-10-02,2,480.04,Completed
58253,2983,2193,2024-05-08,2,413.43,Completed
58254,1521,2128,2024-05-24,3,764.53,Pending
58255,3481,2193,2023-12-09,2,814.36,Completed
58256,1443,2117,2024-02-26,5,843.62,Completed
58257,2589,2160,2024-01-17,2,987.91,Pending
58258,2829,2037,2023-06-27,3,201.93,Pending
58259,1696,2157,2023-09-09,1,317.53,Completed
58260,2545,2114,2024-03-09,4,695.69,Shipped
58261,3287,2099,2024-05-19,3,775.24,Completed
58262,1059,2200,2023-07-30,5,2074.08,Shipped
58263,2490,2089,2023-10-05,1,240.2,Completed
58264,2337,2001,2023-10-12,4,1692.06,Pending
58265,1460,2076,2024-05-27,2,564.43,Shipped
58266,2114,2013,2023-09-25,5,2198.48,Completed
58267,2551,2123,2023-11-20,3,567.61,Pending
58268,3413,2162,2023-06-30,5,823.9,Completed
58269,1531,2092,2024-05-03,1,317.84,Pending
58270,1806,2105,2024-05-12,1,128.58,Completed
58271,2320,2042,2024-02-15,5,566.85,Completed
58272,1861,2039,2024-04-12,5,2480.32,Pending
58273,3097,2056,2023-11-06,2,936.8,Cancelled
58274,2495,2159,2024-03-23,1,438.94,Pending
58275,2910,2105,2023-10-05,5,984.68,Pending
58276,3358,2038,2023-08-12,3,1090.49,Shipped
58277,2105,2059,2024-02-05,4,472.68,Pending
58278,1724,2129,2024-02-10,1,61.49,Completed
58279,2791,2095,2023-09-17,3,925.68,Completed
58280,2422,2050,2024-04-06,3,,Completed
58281,2741,2171,2024-03-17,5,1586.42,Cancelled
58282,1527,2156,2023-10-13,5,1105.89,Completed
58283,3486,2147,2024-01-23,2,544.48,Completed
58284,2134,2032,2024-01-15,5,610.39,Cancelled
58285,2226,2057,2023-07-14,3,1353.36,Shipped
58286,1487,2068,2023-08-21,1,194.21,Completed
58287,1136,2149,2023-12-23,4,1701.01,Completed
58288,2276,2037,2024-03-08,3,779.84,Completed
58289,2267,2006,2023-12-07,2,757.37,Shipped
58290,2987,2163,2024-05-19,4,1984.45,Completed
58291,1824,2095,2023-10-07,4,918.91,Completed
58292,1205,2116,2024-05-03,4,1183.64,Cancelled
58293,3001,2083,2023-07-10,1,301.82,Pending
58294,2449,2197,2023-07-21,5,2145.72,Completed
58295,2998,2044,2023-09-25,3,1429.62,Pending
58296,1421,2093,2023-06-22,3,243.64,Shipped
58297,1257,2128,2023-06-26,5,488.23,Completed
58298,1570,2014,2024-03-27,2,831.78,Completed
58299,1863,2159,2023-06-15,1,110.18,Shipped
58300,2458,2012,2023-07-03,1,169.33,Completed
58301,2826,2046,2024-04-11,5,255.18,Completed
58302,2517,2083,2023-08-04,2,507.5,Completed
58303,1115,2065,2024-04-09,4,755.37,Shipped
58304,2200,2081,2023-12-10,5,797.6,Completed
58305,2566,2060,2023-09-09,2,832.18,Completed
58306,3286,2140,2023-11-05,4,751.03,Cancelled
58307,1173,2054,2024-05-31,3,875.07,Completed
58308,3291,2036,2023-10-29,1,124.02,Completed
58309,2730,2013,2023-12-25,3,1017.61,Shipped
58310,2078,2149,2023-06-22,2,397.83,Shipped
58311,3319,2063,2023-10-27,1,483.47,Shipped
58312,2983,2190,2024-04-16,2,243.7,Shipped
58313,1958,2193,2024-05-28,1,479.63,Shipped
58314,2860,2029,2024-03-07,2,840.37,Completed
58315,3177,2041,2023-07-18,4,1374.02,Pending
58316,1772,2146,2023-08-24,2,113.68,Pending
58317,2890,2163,2024-05-06,5,394.54,Completed
58318,1112,2140,2023-07-02,2,929.17,Completed
58319,3219,2143,2023-10-02,4,1994.73,Shipped
58320,2965,2002,2024-05-11,2,,Shipped
58321,2458,2116,2024-04-07,3,416.67,Completed
58322,2733,2080,2023-10-17,1,454.17,Cancelled
58323,1776,2090,2023-10-28,4,1418.53,Cancelled
58324,2601,2064,2024-03-30,5,1790.84,Completed
58325,2255,2005,2024-05-05,2,269.96,Shipped
58326,2075,2160,2023-08-13,1,132.1,Pending
58327,2414,2160,2023-07-09,3,532.11,Cancelled
58328,1182,2154,2024-04-25,1,336.08,Cancelled
58329,2496,2197,2024-02-01,2,545.13,Pending
58330,1990,2158,2023-11-22,2,597.5,Shipped
58331,1368,2007,2023-12-14,4,530.31,Completed
58332,3129,2048,2024-01-14,4,1943.37,Completed
58333,1887,2195,2023-10-30,5,1715.88,Completed
58334,2229,2148,2023-12-17,4,1090.16,Cancelled
58335,1702,2061,2024-03-12,3,855.67,Shipped
58336,2357,2190,2023-09-02,1,59.88,Shipped
58337,1459,2163,2024-05-24,3,1041.94,Completed
58338,2263,2141,2023-11-06,4,1229.8,Completed
58339,2830,2070,2023-06-30,3,224.41,Shipped
58340,3251,2120,2023-06-08,2,694.6,Completed
58341,1421,2185,2024-04-29,4,966.9,Cancelled
58342,1224,2035,2023-11-24,3,1141.2,Shipped
58343,3446,2136,2023-10-02,5,301.79,Completed
58344,1721,2002,2024-05-19,3,225.8,Completed
58345,1941,2164,2024-02-05,2,532.79,Completed
58346,1225,2039,2024-04-01,4,427.41,Completed
58347,2836,2084,2023-11-30,1,98.99,Completed
58348,2898,2015,2024-04-25,1,259.59,Cancelled
58349,2747,2198,2024-05-01,2,247.46,Completed
58350,1741,2041,2023-11-26,1,246.81,Pending
58351,2790,2137,2024-04-14,5,538.92,Completed
58352,3004,2074,2023-12-31,2,143.72,Completed
58353,1877,2078,2023-12-04,5,2240.07,Completed
58354,3301,2046,2024-04-23,5,2374.04,Pending
58355,2436,2102,2023-08-21,1,300.53,Completed
58356,3450,2186,2023-11-14,5,203.08,Shipped
58357,3322,2078,2023-10-31,1,381.59,Pending
58358,2493,2054,2024-01-11,4,1707.35,Pending
58359,3276,2182,2023-08-29,3,1444.88,Completed
58360,3081,2091,2024-03-05,4,,Pending
58361,2790,2107,2024-03-25,3,1355.58,Completed
58362,3035,2125,2023-06-03,3,242.6,Pending
58363,2497,2014,2023-12-20,4,1238.25,Cancelled
58364,2694,2072,2023-11-20,1,72.23,Cancelled
58365,1022,2081,2024-04-11,2,879.83,Completed
58366,2691,2129,2024-01-20,1,172.44,Completed
58367,2740,2068,2023-12-11,5,1311.36,Completed
58368,1190,2187,2024-03-06,1,397.95,Completed
58369,2628,2105,2023-06-04,4,518.71,Shipped
58370,1752,2130,2023-12-08,1,365.11,Completed
58371,2711,2037,2024-01-24,3,75.08,Shipped
58372,1667,2008,2024-04-23,5,500.02,Completed
58373,1716,2029,2023-09-03,2,583.02,Completed
58374,3380,2173,2023-10-23,3,1072.41,Pending
58375,1551,2127,2023-12-11,2,357.97,Shipped
58376,1393,2076,2024-02-17,4,600.76,Pending
58377,1376,2081,2024-05-09,1,87.49,Cancelled
58378,2347,2071,2023-12-07,5,1545.95,Shipped
58379,3238,2081,2023-09-23,2,364.92,Shipped
58380,2202,2147,2024-04-07,5,1745.96,Completed
58381,2775,2152,2023-11-25,2,946.79,Shipped
58382,3458,2183,2023-11-21,2,176.8,Shipped
58383,2940,2167,2024-05-13,3,187.81,Completed
58384,3341,2178,2023-06-23,1,285.4,Pending
58385,2237,2194,2024-03-21,4,573.91,Completed
58386,1502,2021,2023-10-26,5,1130.27,Completed
58387,2736,2007,2024-03-16,5,1574.13,Completed
58388,1221,2081,2024-05-08,1,158.87,Completed
58389,3479,2193,2023-12-17,1,318.76,Pending
58390,2103,2016,2023-06-15,3,954.24,Completed
58391,3130,2054,2023-10-13,3,584.6,Shipped
58392,2117,2044,2023-07-16,1,365.14,Completed
58393,1069,2174,2024-02-16,3,1234.44,Cancelled
58394,1766,2140,2024-04-17,4,709.02,Cancelled
58395,1148,2120,2024-03-07,4,430.73,Completed
58396,1143,2181,2023-12-09,3,245.19,Completed
58397,3484,2013,2024-03-20,2,485.11,Pending
58398,2909,2001,2024-01-13,5,2488.86,Shipped
58399,1122,2175,2023-12-23,1,456.39,Pending
58400,3405,2071,2023-07-28,2,,Completed
58401,1704,2139,2023-10-13,5,611.83,Cancelled
58402,2283,2199,2023-12-02,5,2095.71,Cancelled
58403,1656,2125,2024-01-24,1,354.26,Cancelled
58404,1539,2035,2023-12-30,5,2117.16,Completed
58405,2535,2100,2024-03-15,3,927.19,Pending
58406,1086,2135,2024-04-26,2,522.46,Completed
58407,1080,2003,2023-08-26,2,386.41,Completed
58408,1564,2007,2024-04-15,3,595.75,Cancelled
58409,2572,2150,2023-07-27,3,1430.86,Pending
58410,1842,2181,2023-10-12,5,745.72,Completed
58411,3304,2089,2024-04-21,4,480.83,Pending
58412,2469,2146,2024-02-18,3,918.97,Completed
58413,1995,2188,2024-03-03,4,1792.14,Cancelled
58414,3040,2001,2023-07-28,5,1350.18,Shipped
58415,1359,2031,2023-09-27,2,806.55,Cancelled
58416,2335,2172,2023-08-21,2,241.93,Completed
58417,1964,2043,2023-10-20,1,324.01,Pending
58418,1052,2172,2024-01-25,1,93.66,Cancelled
58419,2988,2198,2024-04-04,4,555.98,Shipped
58420,3089,2125,2024-04-11,1,424.8,Shipped
58421,1281,2050,2024-05-11,2,214.04,Completed
58422,3079,2037,2023-09-01,1,169.99,Cancelled
58423,2204,2169,2023-10-01,3,234.91,Pending
58424,3110,2199,2024-03-14,1,222.31,Completed
58425,3401,2091,2024-01-30,1,406.48,Completed
58426,2192,2037,2024-05-08,3,1488.07,Cancelled
58427,1070,2004,2024-05-26,2,535.65,Completed
58428,1546,2071,2023-07-20,4,183.05,Completed
58429,3209,2200,2024-04-30,2,859.26,Completed
58430,1978,2127,2024-02-08,3,373.7,Completed
58431,1919,2016,2023-11-22,4,1190.55,Completed
58432,1373,2128,2023-09-23,2,283.63,Completed
58433,3133,2030,2023-09-28,4,1051.58,Completed
58434,1193,2021,2024-04-17,3,1295.75,Cancelled
58435,2993,2158,2024-01-01,5,999.04,Completed
58436,2655,2045,2023-07-12,1,208.05,Pending
58437,1036,2163,2023-06-28,4,411.84,Cancelled
58438,1561,2028,2023-08-07,3,89.05,Shipped
58439,2547,2111,2023-10-24,3,1026.64,Completed
58440,2593,2040,2024-03-21,2,,Shipped
58441,2005,2186,2023-11-18,1,325.67,Completed
58442,1430,2062,2023-10-17,3,1391.72,Pending
58443,3220,2177,2024-03-23,3,113.56,Completed
58444,3308,2022,2024-02-25,3,799.95,Cancelled
58445,3431,2066,2023-11-30,3,1027.76,Shipped
58446,3392,2072,2024-03-31,4,367.52,Completed
58447,2910,2038,2024-05-03,1,162.2,Completed
58448,2256,2033,2024-05-13,1,237.69,Completed
58449,2688,2060,2024-03-18,3,911.19,Completed
58450,2574,2084,2023-07-22,3,504.01,Completed
58451,2723,2178,2023-12-03,4,687.98,Completed
58452,2198,2190,2023-11-10,2,351.22,Shipped
58453,3096,2194,2024-02-17,5,1707.56,Pending
58454,2221,2098,2023-11-10,1,445.27,Cancelled
58455,1940,2007,2023-10-07,2,982.14,Pending
58456,3286,2076,2023-08-19,1,137.86,Cancelled
58457,1402,2058,2024-01-10,5,1591.45,Pending
58458,2394,2067,2024-02-25,2,634.48,Pending
58459,2987,2124,2023-08-07,4,1501.84,Completed
58460,2030,2039,2023-08-23,3,239.71,Completed
58461,1007,2184,2023-09-13,5,1733.82,Completed
58462,1402,2048,2023-10-26,4,361.14,Completed
58463,2865,2038,2023-06-23,4,665.29,Completed
58464,3455,2124,2023-11-24,2,831.94,Completed
58465,1213,2110,2023-09-29,2,273.0,Cancelled
58466,3282,2170,2024-04-17,5,2268.82,Pending
58467,1860,2058,2023-12-08,2,142.12,Completed
58468,3175,2088,2024-02-27,2,969.28,Pending
58469,2498,2092,2024-05-15,5,2244.79,Completed
58470,2701,2058,2023-08-21,1,275.54,Completed
58471,2514,2026,2023-07-02,5,1367.88,Cancelled
58472,3310,2181,2024-05-18,5,1350.25,Shipped
58473,1383,2136,2023-08-02,1,404.53,Cancelled
58474,2108,2047,2024-03-14,1,261.04,Shipped
58475,3295,2061,2023-10-25,2,791.03,Completed
58476,2687,2066,2023-09-06,2,675.12,Cancelled
58477,2308,2087,2023-09-05,3,353.54,Completed
58478,3310,2174,2024-01-19,1,390.11,Pending
58479,1523,2161,2023-06-07,3,146.94,Cancelled
58480,1884,2048,2023-10-28,2,,Completed
58481,1131,2007,2024-04-09,1,348.33,Pending
58482,1922,2029,2023-12-10,2,260.47,Completed
58483,1932,2001,2024-05-02,5,1681.42,Shipped
58484,3040,2196,2023-08-27,3,437.65,Cancelled
58485,1980,2147,2023-06-15,4,325.78,Completed
58486,1343,2043,2023-12-05,4,1276.9,Cancelled
58487,3409,2111,2024-04-03,1,48.68,Completed
58488,1457,2146,2024-02-13,2,497.22,Completed
58489,2151,2075,2024-04-29,5,979.89,Completed
58490,2805,2099,2024-03-19,5,1617.71,Completed
58491,2457,2037,2024-03-03,2,131.0,Cancelled
58492,2899,2127,2024-02-15,5,972.49,Pending
58493,2662,2092,2023-06-29,1,442.63,Completed
58494,1216,2096,2023-10-20,3,1462.21,Completed
58495,2912,2113,2023-12-17,1,80.64,Completed
58496,1911,2025,2023-12-17,2,372.53,Pending
58497,2507,2024,2023-06-13,1,34.19,Pending
58498,2684,2193,2024-03-02,3,746.85,Completed
58499,1980,2150,2024-01-30,2,571.26,Pending
58500,1374,2191,2024-05-20,5,765.02,Completed
58501,3060,2020,2023-12-16,2,867.94,Completed
58502,1439,2045,2024-03-30,1,279.58,Completed
58503,2668,2050,2024-01-29,2,363.69,Completed
58504,1383,2036,2024-04-01,5,2343.8,Shipped
58505,1843,2194,2023-07-15,1,98.26,Completed
58506,1953,2113,2023-06-13,3,127.81,Pending
58507,2208,2143,2023-08-29,3,303.1,Completed
58508,3359,2041,2023-11-14,3,1284.63,Pending
58509,2379,2194,2024-05-26,3,779.39,Completed
58510,1315,2111,2024-04-04,1,166.03,Completed
58511,3438,2014,2023-09-14,4,742.82,Completed
58512,2156,2041,2023-09-13,4,402.49,Completed
58513,2790,2109,2024-01-18,4,1516.18,Completed
58514,1686,2105,2024-05-23,4,840.7,Pending
58515,2246,2165,2024-01-12,5,153.19,Completed
58516,2374,2043,2023-08-13,3,1106.79,Completed
58517,1178,2093,2024-04-01,4,595.38,Completed
58518,2501,2074,2024-04-05,4,1111.56,Pending
58519,2114,2059,2024-02-02,1,318.26,Shipped
58520,2631,2011,2024-05-21,2,,Cancelled
58521,2990,2057,2023-07-06,1,228.39,Completed
58522,2426,2098,2023-11-23,2,893.59,Cancelled
58523,3470,2095,2023-09-03,1,70.54,Shipped
58524,2303,2072,2023-09-02,3,81.88,Completed
58525,1094,2174,2023-10-12,2,848.59,Pending
58526,1250,2181,2024-02-24,4,1691.71,Completed
58527,3176,2132,2023-10-02,3,826.41,Shipped
58528,2513,2091,2024-02-13,2,455.8,Completed
58529,2077,2163,2024-03-14,4,808.81,Cancelled
58530,2839,2148,2024-03-16,4,593.89,Completed
58531,2198,2042,2024-04-19,5,1663.94,Completed
58532,2243,2055,2023-12-14,5,522.99,Pending
58533,2338,2104,2024-02-19,3,908.9,Pending
58534,3163,2084,2023-07-02,4,1092.74,Shipped
58535,2766,2124,2023-09-01,3,406.41,Cancelled
58536,1439,2086,2024-02-27,1,283.08,Pending
58537,2799,2134,2024-05-11,5,746.16,Completed
58538,1441,2155,2023-09-22,2,813.29,Pending
58539,2976,2019,2024-04-26,5,1590.16,Completed
58540,2902,2087,2023-08-27,2,467.15,Completed
58541,1084,2003,2023-08-15,5,2408.19,Completed
58542,2580,2049,2023-11-10,1,405.76,Cancelled
58543,2991,2090,2024-01-18,1,198.96,Completed
58544,1171,2145,2023-10-04,4,244.98,Shipped
58545,1083,2017,2023-10-26,3,1224.97,Completed
58546,1444,2160,2024-02-02,2,724.54,Shipped
58547,2184,2019,2024-05-02,1,125.38,Pending
58548,2344,2136,2023-06-08,4,1179.75,Shipped
58549,1910,2040,2024-05-29,5,2244.59,Completed
58550,1164,2019,2023-07-17,4,247.46,Completed
58551,1139,2193,2023-10-06,4,153.12,Pending
58552,1416,2136,2023-10-14,4,1683.66,Cancelled
58553,1234,2142,2024-01-25,4,1619.4,Completed
58554,2949,2056,2024-04-22,1,487.98,Cancelled
58555,1587,2115,2023-11-24,5,527.31,Completed
58556,2695,2013,2023-07-14,1,32.71,Pending
58557,3496,2167,2024-01-13,4,654.91,Completed
58558,3435,2177,2024-01-23,1,54.92,Completed
58559,1542,2095,2024-04-18,4,824.43,Completed
58560,3229,2003,2023-12-11,1,,Completed
58561,1999,2117,2023-06-21,1,262.32,Completed
58562,1411,2002,2023-08-16,2,175.79,Completed
58563,1694,2180,2023-12-20,5,2093.32,Cancelled
58564,1172,2082,2023-07-20,1,82.9,Completed
58565,3237,2018,2023-12-11,5,590.34,Completed
58566,3409,2029,2023-06-03,4,1840.2,Pending
58567,3123,2123,2023-07-04,1,423.43,Completed
58568,2154,2158,2023-11-04,1,63.74,Pending
58569,1940,2046,2024-03-13,2,756.5,Completed
58570,1460,2146,2023-12-13,3,1176.54,Cancelled
58571,2350,2130,2024-04-19,4,330.93,Pending
58572,1598,2028,2023-07-03,4,137.55,Completed
58573,2339,2065,2023-11-02,5,1052.38,Completed
58574,1148,2041,2024-05-27,3,1391.06,Completed
58575,1343,2133,2024-05-05,2,920.14,Completed
58576,3150,2013,2023-11-17,4,1900.31,Cancelled
58577,2347,2001,2023-08-27,3,276.85,Completed
58578,1567,2108,2023-09-19,2,966.61,Completed
58579,1931,2030,2024-05-03,4,1295.78,Completed
58580,3062,2114,2024-02-10,1,425.84,Completed
58581,1630,2001,2023-08-19,1,215.29,Shipped
58582,1846,2158,2024-04-22,2,63.63,Completed
58583,3147,2107,2024-01-17,4,1680.23,Pending
58584,2148,2079,2024-02-21,2,218.99,Shipped
58585,3004,2142,2023-06-06,4,1832.84,Cancelled
58586,1254,2012,2023-11-01,5,1151.95,Completed
58587,3370,2099,2023-12-31,4,1747.23,Pending
58588,1716,2146,2023-12-11,1,325.56,Shipped
58589,3494,2112,2024-04-29,3,1278.19,Cancelled
58590,1288,2164,2023-06-22,3,1203.61,Pending
58591,1504,2107,2023-10-31,5,903.16,Completed
58592,2314,2164,2024-02-13,3,1119.39,Pending
58593,2410,2120,2024-01-23,1,141.43,Shipped
58594,2845,2029,2023-11-24,2,291.93,Pending
58595,3057,2192,2024-03-24,2,653.83,Completed
58596,3135,2119,2023-09-19,2,940.42,Completed
58597,2919,2197,2023-12-11,4,1925.64,Completed
58598,3189,2162,2023-10-27,2,524.64,Completed
58599,3434,2198,2023-10-27,4,1408.33,Completed
58600,2127,2166,2023-07-01,2,,Completed
58601,1115,2040,2024-04-25,1,428.65,Completed
58602,2576,2107,2023-11-15,5,822.98,Completed
58603,3270,2142,2023-08-28,2,179.63,Completed
58604,2252,2086,2023-10-04,2,381.65,Pending
58605,3109,2042,2023-08-07,5,1546.84,Shipped
58606,2702,2094,2024-02-03,3,507.15,Shipped
58607,1610,2171,2023-06-03,2,849.21,Cancelled
58608,3242,2001,2023-07-28,2,271.12,Shipped
58609,2912,2164,2023-12-21,1,401.36,Completed
58610,2497,2173,2024-01-20,4,1944.55,Completed
58611,2273,2023,2023-07-29,1,194.16,Cancelled
58612,1443,2163,2023-12-12,2,251.27,Completed
58613,1997,2157,2023-10-18,2,571.37,Completed
58614,2468,2140,2024-01-23,4,741.97,Cancelled
58615,1263,2097,2023-09-12,5,1190.16,Shipped
58616,2493,2006,2023-12-06,4,1658.52,Cancelled
58617,1562,2031,2023-12-07,1,43.27,Cancelled
58618,3281,2024,2023-07-02,1,331.12,Completed
58619,2208,2057,2023-06-08,1,91.09,Pending
58620,1923,2036,2023-06-08,4,738.21,Cancelled
58621,2185,2038,2024-01-15,4,1294.17,Cancelled
58622,1035,2163,2024-02-25,2,413.52,Completed
58623,1676,2101,2024-01-14,4,1499.52,Shipped
58624,1412,2023,2023-11-06,2,125.2,Completed
58625,2880,2087,2023-09-26,5,1319.48,Pending
58626,1322,2071,2023-07-26,3,1287.01,Completed
58627,2769,2185,2023-10-28,2,612.32,Completed
58628,2542,2172,2023-10-10,4,1788.36,Completed
58629,1815,2130,2023-09-12,5,2196.19,Completed
58630,2692,2128,2023-11-01,2,706.0,Shipped
58631,3438,2081,2023-11-07,1,193.99,Completed
58632,2944,2067,2023-10-05,5,2002.42,Completed
58633,3002,2087,2023-08-08,5,2378.03,Pending
58634,1664,2167,2023-11-04,3,1239.0,Pending
58635,3310,2143,2024-03-28,5,548.96,Completed
58636,2393,2089,2024-05-20,3,112.59,Shipped
58637,2146,2039,2023-08-02,1,29.48,Completed
58638,3423,2157,2023-12-22,1,77.02,Pending
58639,2825,2135,2023-11-12,3,604.76,Cancelled
58640,1129,2185,2023-11-25,4,,Cancelled
58641,2558,2099,2023-08-05,4,1229.66,Completed
58642,1971,2146,2023-11-21,2,930.07,Shipped
58643,1035,2009,2024-05-09,2,671.64,Shipped
58644,2439,2051,2024-03-31,3,1301.43,Completed
58645,2513,2103,2024-05-20,2,481.71,Pending
58646,1894,2028,2023-08-29,3,300.32,Completed
58647,3175,2185,2024-02-06,1,83.43,Completed
58648,1480,2017,2024-01-14,3,248.74,Completed
58649,1845,2094,2024-03-12,2,440.69,Completed
58650,3307,2162,2023-08-30,1,185.03,Completed
58651,2757,2149,2023-11-06,3,388.9,Pending
58652,3244,2122,2023-07-06,4,1870.44,Completed
58653,2326,2176,2024-04-07,2,381.11,Shipped
58654,3104,2175,2024-03-26,1,458.67,Completed
58655,2142,2138,2023-08-29,3,692.34,Shipped
58656,2983,2055,2024-04-08,4,1593.5,Completed
58657,1828,2032,2024-01-07,1,389.44,Completed
58658,3456,2158,2023-08-12,5,1124.16,Cancelled
58659,2949,2143,2023-10-29,2,683.31,Pending
58660,2972,2085,2023-07-23,3,391.68,Shipped
58661,2802,2036,2023-06-25,5,1169.01,Shipped
58662,2449,2010,2023-12-14,4,1270.32,Completed
58663,1527,2188,2024-03-06,3,1451.28,Shipped
58664,2622,2133,2023-11-16,5,2170.39,Completed
58665,1323,2108,2023-10-25,5,686.86,Completed
58666,1344,2023,2023-11-11,4,1537.89,Shipped
58667,3220,2082,2023-11-07,1,105.82,Shipped
58668,1513,2026,2024-02-21,1,211.76,Shipped
58669,1041,2184,2023-10-04,4,574.66,Completed
58670,2513,2190,2023-08-02,5,897.68,Completed
58671,1593,2153,2024-05-03,1,228.08,Completed
58672,2635,2024,2023-09-11,1,422.35,Shipped
58673,1985,2159,2024-02-19,4,249.22,Shipped
58674,2192,2131,2023-10-27,3,1433.36,Completed
58675,1815,2008,2023-06-03,4,1326.89,Completed
58676,2847,2189,2024-02-06,4,1848.53,Completed
58677,2203,2108,2023-11-25,1,263.18,Completed
58678,2645,2063,2023-09-11,2,891.37,Completed
58679,1993,2181,2024-01-08,2,87.77,Pending
58680,2447,2119,2024-05-18,5,,Pending
58681,1229,2117,2023-06-30,2,835.93,Completed
58682,1096,2117,2023-12-13,4,910.84,Pending
58683,3358,2165,2024-05-10,3,102.48,Completed
58684,1607,2110,2023-07-12,1,224.91,Cancelled
58685,2679,2096,2023-11-25,2,179.15,Completed
58686,3034,2070,2023-07-25,3,166.36,Shipped
58687,2115,2004,2024-05-11,3,353.58,Pending
58688,3132,2073,2024-02-19,2,352.44,Pending
58689,1206,2002,2023-06-03,1,287.28,Shipped
58690,1637,2002,2024-02-18,4,300.78,Shipped
58691,1888,2136,2024-03-09,1,306.4,Shipped
58692,3383,2162,2024-04-24,2,502.92,Cancelled
58693,1390,2130,2024-03-30,5,2041.12,Cancelled
58694,1434,2157,2024-02-29,4,1762.97,Completed
58695,1395,2106,2023-11-18,1,71.23,Cancelled
58696,1304,2120,2023-12-03,4,899.87,Completed
58697,1421,2131,2023-06-17,5,1148.72,Pending
58698,2309,2192,2023-08-04,2,440.92,Completed
58699,3446,2023,2023-11-18,2,701.82,Cancelled
58700,1921,2044,2024-02-17,1,455.81,Pending
58701,2788,2087,2023-07-12,4,1901.43,Completed
58702,1319,2053,2023-07-13,5,1948.41,Pending
58703,2187,2146,2023-10-04,1,138.66,Completed
58704,3003,2174,2024-01-05,2,794.25,Completed
58705,2404,2158,2023-10-05,4,903.84,Completed
58706,1257,2024,2024-02-21,2,354.46,Pending
58707,2383,2029,2023-12-14,2,616.33,Pending
58708,1695,2121,2023-07-19,3,433.86,Shipped
58709,1796,2106,2023-08-28,5,345.88,Shipped
58710,1800,2074,2023-08-02,2,795.0,Completed
58711,1770,2052,2023-10-24,4,123.51,Pending
58712,2275,2152,2023-12-30,5,1172.32,Pending
58713,2236,2166,2023-10-30,4,1429.71,Completed
58714,2037,2138,2023-08-12,1,269.76,Pending
58715,1892,2158,2024-03-12,2,150.45,Completed
58716,2352,2084,2024-02-17,5,2356.15,Pending
58717,2145,2011,2023-11-27,1,128.52,Completed
58718,2395,2017,2023-09-15,3,1163.91,Pending
58719,2530,2014,2024-03-06,4,714.11,Pending
58720,3305,2110,2024-05-19,2,,Completed
58721,2201,2123,2024-02-07,1,133.52,Completed
58722,1678,2087,2023-10-01,5,2110.12,Shipped
58723,2020,2068,2023-07-15,1,226.37,Pending
58724,1555,2157,2024-04-13,4,901.0,Pending
58725,2502,2108,2023-08-20,1,441.43,Pending
58726,1202,2061,2024-04-06,2,253.3,Pending
58727,2805,2175,2024-02-05,4,586.25,Completed
58728,1138,2189,2024-05-16,5,723.33,Cancelled
58729,2922,2032,2023-07-28,5,566.77,Shipped
58730,1226,2004,2023-09-20,3,125.12,Shipped
58731,2006,2086,2024-02-17,2,503.49,Shipped
58732,1465,2125,2023-09-10,2,824.76,Completed
58733,1865,2021,2024-05-06,1,232.64,Pending
58734,2153,2112,2024-05-25,3,212.43,Cancelled
58735,2093,2122,2024-02-16,5,1308.66,Shipped
58736,2913,2135,2024-03-08,5,2471.6,Completed
58737,3051,2161,2024-05-26,4,1276.51,Completed
58738,2906,2180,2024-03-24,4,262.07,Completed
58739,3453,2023,2024-01-21,5,2126.22,Pending
58740,1275,2166,2024-04-09,1,467.24,Cancelled
58741,1725,2058,2024-04-22,5,2032.2,Completed
58742,1085,2138,2024-04-28,2,950.84,Pending
58743,3117,2102,2023-12-18,5,2159.53,Cancelled
58744,3484,2147,2024-02-24,3,283.19,Completed
58745,1938,2048,2023-12-15,3,161.17,Completed
58746,1204,2082,2023-08-11,3,208.64,Completed
58747,1690,2011,2024-01-13,4,810.45,Completed
58748,1914,2056,2023-11-20,2,847.2,Completed
58749,3459,2096,2024-01-30,4,200.78,Shipped
58750,3334,2107,2024-05-18,1,497.07,Cancelled
58751,2108,2162,2024-05-14,5,515.89,Shipped
58752,3420,2123,2023-06-28,3,1176.2,Completed
58753,3137,2109,2024-03-04,4,857.02,Completed
58754,3326,2115,2023-12-28,4,815.82,Completed
58755,1804,2086,2023-11-01,3,650.74,Completed
58756,2150,2185,2023-09-25,1,188.61,Completed
58757,3098,2161,2023-09-06,3,870.82,Shipped
58758,3361,2151,2024-05-31,3,424.16,Completed
58759,1731,2013,2023-06-17,5,1944.16,Cancelled
58760,1175,2080,2023-06-25,1,,Completed
58761,1426,2174,2024-01-17,1,127.09,Shipped
58762,2031,2047,2023-10-03,4,1473.39,Completed
58763,1318,2053,2023-11-01,2,345.76,Completed
58764,2802,2032,2024-02-18,5,2259.19,Pending
58765,1666,2020,2024-02-01,4,1250.53,Shipped
58766,2206,2187,2023-08-12,5,546.93,Completed
58767,1425,2127,2023-08-09,4,1795.45,Cancelled
58768,1547,2021,2024-05-28,3,1348.07,Pending
58769,2381,2006,2024-02-07,5,1126.85,Completed
58770,1922,2037,2023-10-19,1,339.66,Shipped
58771,2125,2151,2023-12-17,1,320.6,Pending
58772,2307,2024,2024-04-08,4,845.12,Pending
58773,1377,2071,2023-11-27,4,197.88,Pending
58774,2297,2177,2024-02-28,4,1579.85,Pending
58775,1668,2198,2023-09-18,4,1071.89,Shipped
58776,2838,2119,2023-07-20,4,333.66,Completed
58777,3357,2152,2024-03-19,2,861.56,Shipped
58778,3479,2023,2024-02-08,4,1470.49,Pending
58779,1005,2171,2024-02-06,1,25.69,Completed
58780,2797,2148,2024-01-04,2,749.73,Completed
58781,2380,2047,2024-01-13,5,2477.25,Completed
58782,1803,2001,2024-05-24,1,129.22,Cancelled
58783,3036,2129,2024-04-22,1,224.52,Completed
58784,2736,2088,2024-03-15,3,1126.35,Completed
58785,3214,2107,2024-03-04,3,931.5,Cancelled
58786,2993,2179,2023-10-18,5,1812.01,Shipped
58787,1731,2002,2023-09-16,5,460.4,Pending
58788,3265,2104,2024-02-12,4,148.7,Shipped
58789,1848,2121,2023-12-05,3,1457.4,Shipped
58790,3012,2137,2023-12-06,3,541.94,Shipped
58791,2584,2084,2023-09-18,1,300.49,Completed
58792,2715,2074,2023-09-14,1,457.73,Completed
58793,1912,2034,2023-08-16,2,378.71,Pending
58794,2519,2005,2023-10-11,1,90.61,Pending
58795,2611,2079,2023-10-01,3,1116.56,Completed
58796,3343,2072,2023-11-09,3,1453.97,Shipped
58797,2817,2060,2023-07-21,3,1172.39,Completed
58798,2737,2109,2023-08-30,2,817.55,Completed
58799,3013,2113,2024-01-06,1,120.68,Cancelled
58800,1624,2175,2024-02-13,1,,Completed
58801,1250,2013,2023-08-13,3,525.48,Shipped
58802,3164,2174,2024-01-06,3,236.32,Pending
58803,3407,2062,2024-04-02,5,2115.11,Cancelled
58804,2960,2155,2023-10-04,2,768.06,Cancelled
58805,1832,2063,2024-02-14,2,738.22,Cancelled
58806,2828,2110,2024-03-10,5,624.35,Shipped
58807,2633,2134,2024-03-24,5,480.42,Cancelled
58808,1503,2115,2023-09-16,5,2192.56,Pending
58809,3206,2027,2023-12-11,3,332.27,Completed
58810,2022,2086,2023-06-20,4,1635.71,Shipped
58811,3471,2182,2024-04-19,5,684.61,Cancelled
58812,3010,2060,2024-04-19,3,264.62,Cancelled
58813,3473,2134,2023-06-13,4,1889.79,Completed
58814,3445,2104,2023-06-16,2,933.08,Completed
58815,1723,2153,2024-04-11,3,156.96,Pending
58816,2900,2040,2023-08-18,4,1359.07,Pending
58817,1759,2137,2023-07-16,1,238.52,Pending
58818,2872,2190,2024-01-14,5,2151.76,Pending
58819,1938,2180,2024-04-04,4,242.95,Completed
58820,3494,2012,2023-12-01,5,1164.89,Pending
58821,3054,2147,2024-03-18,2,256.35,Completed
58822,1883,2178,2024-02-04,3,136.14,Pending
58823,1647,2066,2023-08-11,4,322.96,Shipped
58824,1965,2062,2023-08-17,3,1477.09,Shipped
58825,2935,2128,2023-09-05,4,765.35,Cancelled
58826,3198,2071,2024-04-06,1,316.7,Pending
58827,2612,2021,2023-09-17,2,601.3,Completed
58828,2640,2061,2023-12-04,4,446.73,Pending
58829,2651,2053,2024-04-02,5,952.07,Completed
58830,2626,2170,2024-05-24,5,891.65,Completed
58831,2905,2036,2024-03-10,3,1276.97,Cancelled
58832,2454,2135,2023-06-05,1,300.0,Cancelled
58833,3093,2110,2024-01-09,5,507.49,Shipped
58834,2097,2166,2023-11-08,1,466.64,Completed
58835,2095,2158,2023-06-15,3,792.09,Pending
58836,1916,2089,2024-04-06,4,811.94,Completed
58837,2176,2083,2023-09-29,4,1697.66,Cancelled
58838,3316,2101,2023-07-22,1,256.48,Shipped
58839,3351,2155,2024-04-21,4,967.4,Completed
58840,1659,2037,2024-05-23,4,,Pending
58841,1347,2194,2023-11-13,2,275.1,Completed
58842,1043,2038,2024-02-10,1,89.51,Completed
58843,1246,2122,2024-01-01,5,1242.13,Shipped
58844,2790,2178,2024-03-15,2,863.57,Shipped
58845,1159,2082,2023-07-26,3,585.64,Cancelled
58846,2546,2167,2024-03-31,1,80.58,Pending
58847,3113,2019,2023-08-19,1,261.53,Completed
58848,1224,2007,2023-12-24,5,2164.35,Cancelled
58849,1332,2090,2023-12-05,5,2225.97,Completed
58850,3329,2057,2024-03-26,2,871.7,Completed
58851,2050,2082,2023-11-30,4,743.56,Completed
58852,1744,2033,2023-07-20,3,1133.87,Cancelled
58853,2267,2072,2023-07-13,2,640.81,Cancelled
58854,3354,2096,2024-05-01,1,457.22,Pending
58855,3311,2154,2023-09-10,2,940.88,Completed
58856,3260,2021,2023-11-10,4,1209.22,Cancelled
58857,1171,2124,2023-06-07,3,1126.66,Shipped
58858,2784,2154,2023-12-07,1,31.18,Pending
58859,1855,2106,2023-07-28,1,408.72,Cancelled
58860,2986,2075,2023-06-22,5,1664.3,Completed
58861,2858,2049,2023-06-13,4,1198.02,Cancelled
58862,1939,2136,2023-08-14,1,155.81,Completed
58863,3234,2113,2024-02-21,5,1555.93,Cancelled
58864,3315,2102,2023-08-09,5,1493.68,Completed
58865,1031,2200,2024-04-24,2,574.87,Completed
58866,2478,2037,2023-07-09,5,978.04,Completed
58867,2571,2014,2024-03-13,2,756.84,Cancelled
58868,1394,2039,2024-04-30,4,201.41,Shipped
58869,3238,2091,2024-02-26,5,1124.97,Completed
58870,3260,2018,2024-03-07,3,463.08,Completed
58871,3434,2062,2024-03-05,4,771.1,Completed
58872,2881,2018,2024-04-14,2,909.25,Shipped
58873,1211,2176,2023-12-08,3,802.25,Completed
58874,3169,2121,2023-06-19,3,643.73,Completed
58875,1922,2008,2023-06-25,3,634.31,Completed
58876,3394,2167,2023-11-06,3,967.26,Completed
58877,2478,2003,2023-07-20,2,848.05,Shipped
58878,1906,2086,2023-06-27,4,849.99,Completed
58879,2541,2111,2023-06-29,3,116.46,Completed
58880,1086,2131,2023-12-02,3,,Pending
58881,2351,2125,2024-03-02,5,630.31,Pending
58882,3347,2180,2023-10-06,5,353.52,Cancelled
58883,2264,2125,2023-10-15,2,488.59,Cancelled
58884,3432,2011,2024-05-26,2,359.33,Completed
58885,1339,2178,2024-03-17,4,1635.25,Completed
58886,3427,2032,2023-06-14,2,482.79,Completed
58887,3037,2019,2023-11-05,2,288.61,Shipped
58888,1934,2044,2023-07-12,1,60.28,Shipped
58889,3380,2013,2023-08-06,4,1331.27,Shipped
58890,1548,2061,2024-02-04,4,465.08,Shipped
58891,3262,2028,2023-09-21,2,57.06,Cancelled
58892,1997,2026,2023-10-13,3,1468.99,Completed
58893,3011,2137,2023-06-07,2,343.25,Completed
58894,1804,2189,2023-09-01,5,1177.07,Shipped
58895,1629,2094,2023-12-31,3,649.86,Cancelled
58896,2609,2106,2024-02-28,1,380.26,Completed
58897,3269,2011,2023-06-17,1,364.88,Cancelled
58898,3359,2169,2023-11-27,2,567.25,Completed
58899,2922,2096,2023-06-28,1,430.29,Completed
58900,1905,2176,2024-03-05,3,722.03,Completed
58901,3294,2163,2023-06-26,4,962.78,Shipped
58902,2122,2159,2023-07-25,3,1328.88,Cancelled
58903,1469,2089,2024-05-08,1,478.71,Completed
58904,2752,2105,2023-07-18,5,1687.31,Completed
58905,2035,2029,2024-01-19,1,41.88,Pending
58906,2489,2107,2023-08-12,4,842.69,Cancelled
58907,3267,2093,2023-10-27,3,1025.54,Completed
58908,2635,2057,2024-02-10,4,908.56,Completed
58909,3476,2159,2023-11-28,5,1548.88,Completed
58910,1937,2071,2023-10-23,2,271.34,Cancelled
58911,1419,2110,2023-09-01,2,412.14,Completed
58912,3091,2080,2024-04-10,1,275.08,Pending
58913,1397,2080,2023-12-15,2,571.23,Completed
58914,2655,2056,2024-05-30,3,840.93,Completed
58915,2533,2193,2023-09-14,2,132.37,Completed
58916,1337,2162,2023-09-11,1,346.84,Completed
58917,2416,2111,2023-07-29,1,474.46,Completed
58918,1672,2125,2024-02-15,3,751.62,Completed
58919,2257,2117,2024-03-22,2,473.33,Shipped
58920,1720,2059,2024-04-13,1,,Pending
58921,1312,2157,2024-05-23,4,1159.37,Completed
58922,2419,2134,2024-03-06,3,1024.45,Cancelled
58923,2120,2170,2023-09-09,1,127.35,Shipped
58924,2287,2179,2024-05-14,4,678.38,Cancelled
58925,2833,2079,2024-01-15,3,114.34,Pending
58926,1800,2157,2024-01-31,2,595.97,Pending
58927,1428,2191,2024-02-05,3,655.44,Pending
58928,2987,2151,2024-03-19,1,207.81,Cancelled
58929,1995,2190,2023-10-27,3,287.8,Completed
58930,1354,2130,2023-06-20,5,876.11,Completed
58931,2283,2020,2024-03-26,2,324.92,Completed
58932,1530,2132,2024-01-08,2,345.71,Completed
58933,1025,2018,2024-01-05,1,343.65,Completed
58934,2560,2065,2024-04-06,1,169.54,Completed
58935,1870,2063,2024-02-08,3,1276.49,Completed
58936,1395,2093,2023-12-13,5,352.12,Pending
58937,1448,2098,2024-05-16,3,1491.07,Completed
58938,2942,2059,2023-09-05,4,908.37,Cancelled
58939,2107,2002,2024-04-12,1,120.76,Completed
58940,3013,2130,2023-07-06,1,318.86,Pending
58941,1456,2147,2023-12-09,4,1320.47,Shipped
58942,2226,2089,2023-07-23,3,905.6,Completed
58943,2146,2150,2024-05-19,3,540.82,Completed
58944,3223,2125,2023-09-17,4,1143.18,Pending
58945,1717,2153,2023-12-19,4,1480.3,Cancelled
58946,1204,2137,2023-10-10,2,900.06,Cancelled
58947,1281,2098,2024-03-03,3,829.48,Pending
58948,1696,2051,2024-04-29,1,416.01,Cancelled
58949,1129,2117,2023-06-09,3,1105.93,Pending
58950,2129,2065,2023-11-22,1,137.15,Shipped
58951,1029,2097,2024-05-09,1,149.32,Shipped
58952,1510,2173,2024-04-08,5,238.0,Completed
58953,3103,2123,2023-09-27,2,100.12,Completed
58954,3020,2164,2023-12-11,2,728.77,Completed
58955,2872,2047,2023-08-25,2,793.06,Completed
58956,2748,2157,2023-11-13,1,149.32,Completed
58957,1599,2167,2023-12-15,1,182.68,Completed
58958,2067,2119,2023-09-28,3,375.45,Completed
58959,1673,2108,2024-05-02,3,445.75,Completed
58960,1215,2195,2023-11-24,2,,Cancelled
58961,2918,2049,2023-11-04,3,212.58,Shipped
58962,2421,2158,2024-03-27,4,662.36,Pending
58963,1243,2163,2023-12-12,1,364.63,Cancelled
58964,3301,2160,2024-05-27,4,397.04,Completed
58965,1046,2180,2023-11-08,1,147.72,Shipped
58966,1993,2030,2023-12-16,3,204.86,Completed
58967,3491,2158,2023-07-16,2,462.5,Pending
58968,2272,2184,2023-06-26,2,713.23,Completed
58969,1710,2110,2023-06-21,1,221.05,Cancelled
58970,3356,2169,2023-09-02,2,229.87,Completed
58971,1835,2093,2024-01-23,5,2293.87,Completed
58972,3203,2166,2024-04-01,3,1391.41,Completed
58973,2505,2144,2024-03-16,2,197.83,Completed
58974,2977,2072,2024-02-04,3,325.72,Completed
58975,2824,2118,2023-11-29,4,795.81,Completed
58976,1666,2132,2024-02-18,5,1719.28,Pending
58977,1827,2138,2023-09-05,4,1031.86,Pending
58978,2422,2198,2024-01-19,1,124.83,Shipped
58979,1014,2021,2023-08-25,2,646.04,Completed
58980,1920,2165,2024-05-24,5,1295.91,Completed
58981,2073,2046,2023-07-08,3,484.32,Cancelled
58982,1879,2086,2023-10-26,3,1150.19,Pending
58983,2182,2145,2024-02-15,5,1816.39,Completed
58984,2741,2134,2023-09-11,5,1771.19,Completed
58985,1618,2096,2023-10-25,2,84.12,Completed
58986,2400,2177,2023-10-06,3,321.35,Completed
58987,2442,2017,2024-02-06,2,696.26,Completed
58988,2556,2108,2023-06-11,4,1910.42,Shipped
58989,3352,2164,2024-03-16,2,973.52,Completed
58990,2927,2027,2023-12-01,4,1581.08,Pending
58991,1432,2005,2024-03-06,1,340.62,Completed
58992,1160,2055,2023-06-11,2,220.54,Completed
58993,1573,2054,2024-03-25,3,1444.68,Completed
58994,1733,2025,2023-12-31,5,1341.06,Completed
58995,1783,2040,2024-03-11,3,1373.49,Completed
58996,2073,2033,2023-08-24,4,1655.79,Shipped
58997,1546,2106,2023-08-05,1,165.11,Completed
58998,1832,2122,2023-07-25,3,995.55,Completed
58999,2319,2032,2024-04-12,4,1028.15,Pending
59000,3023,2141,2024-02-12,1,,Completed
59001,1511,2164,2023-11-28,5,363.49,Completed
59002,2732,2138,2023-10-31,2,235.91,Completed
59003,2611,2049,2023-11-20,3,1205.16,Pending
59004,1167,2054,2023-09-07,4,1662.65,Cancelled
59005,1772,2023,2023-06-18,3,708.32,Cancelled
59006,2864,2064,2023-08-30,2,718.04,Completed
59007,2451,2076,2023-11-22,3,271.15,Cancelled
59008,2923,2112,2024-04-23,2,648.5,Completed
59009,1747,2056,2023-11-16,4,639.95,Shipped
59010,3390,2060,2023-06-08,5,1578.4,Cancelled
59011,3188,2111,2024-02-16,5,2448.27,Cancelled
59012,2529,2004,2024-02-02,5,1161.99,Cancelled
59013,2606,2146,2024-03-19,5,1469.75,Shipped
59014,3149,2028,2024-03-18,1,446.29,Shipped
59015,3328,2075,2024-03-14,4,618.46,Completed
59016,1710,2061,2024-05-03,1,309.35,Shipped
59017,1036,2010,2023-08-12,3,204.74,Completed
59018,1464,2127,2023-11-15,5,1931.25,Completed
59019,2856,2054,2023-11-18,2,242.57,Pending
59020,1141,2034,2024-02-14,5,1560.77,Pending
59021,2780,2129,2024-01-08,5,1001.32,Cancelled
59022,2101,2055,2023-07-06,1,207.97,Completed
59023,1244,2183,2024-05-09,4,773.61,Completed
59024,2249,2180,2024-04-11,3,1275.38,Completed
59025,2649,2188,2023-12-04,3,1142.4,Completed
59026,1075,2088,2023-11-29,4,1041.01,Shipped
59027,1186,2053,2024-05-14,1,499.19,Completed
59028,2889,2085,2024-03-20,4,178.83,Shipped
59029,3236,2149,2023-11-17,5,1034.73,Pending
59030,3490,2049,2023-11-17,5,836.06,Completed
59031,1660,2049,2023-07-22,3,883.5,Completed
59032,1685,2190,2023-07-22,2,378.34,Cancelled
59033,2775,2012,2024-01-04,2,660.56,Completed
59034,3098,2028,2024-03-09,1,349.01,Completed
59035,3353,2185,2024-04-12,5,399.16,Completed
59036,2237,2191,2023-07-24,3,78.04,Completed
59037,3288,2090,2023-06-08,1,359.42,Shipped
59038,2091,2123,2024-04-18,3,1094.13,Cancelled
59039,2645,2057,2023-12-30,3,177.83,Completed
59040,1704,2106,2023-11-03,4,,Shipped
59041,2094,2177,2023-09-21,5,1882.03,Completed
59042,2169,2088,2023-09-17,5,2329.44,Pending
59043,1054,2075,2023-08-04,3,112.29,Completed
59044,2858,2073,2024-05-28,3,271.98,Shipped
59045,1972,2147,2024-05-24,4,1103.05,Completed
59046,1761,2116,2024-01-08,5,2158.35,Completed
59047,3329,2026,2024-03-07,5,367.5,Completed
59048,2257,2197,2023-12-14,4,333.57,Completed
59049,1654,2200,2024-03-01,1,312.59,Pending
59050,1007,2042,2023-06-05,5,1934.39,Pending
59051,3405,2181,2023-06-08,5,1158.89,Completed
59052,2467,2026,2024-05-17,3,962.42,Completed
59053,2922,2088,2024-04-28,2,273.95,Pending
59054,1225,2035,2024-05-09,3,1350.82,Completed
59055,3044,2154,2024-01-29,1,277.41,Completed
59056,2264,2166,2023-09-29,4,1550.35,Completed
59057,3255,2118,2023-09-01,3,357.6,Completed
59058,3017,2036,2023-06-19,1,178.58,Completed
59059,1931,2007,2023-06-04,2,928.71,Completed
59060,2379,2098,2024-03-21,4,616.05,Completed
59061,1276,2049,2023-09-29,1,463.41,Completed
59062,1375,2153,2023-12-30,5,663.66,Completed
59063,3210,2193,2024-05-20,3,299.98,Pending
59064,2771,2051,2023-07-15,3,506.25,Completed
59065,1073,2152,2024-04-10,1,498.48,Shipped
59066,2275,2178,2024-03-18,1,142.21,Completed
59067,2561,2164,2023-11-23,2,865.92,Shipped
59068,2554,2111,2024-02-10,1,123.4,Completed
59069,2716,2181,2023-09-09,3,193.94,Completed
59070,2331,2044,2023-09-03,5,1917.81,Completed
59071,1871,2036,2023-11-14,2,839.19,Cancelled
59072,2315,2186,2023-09-04,5,1186.28,Cancelled
59073,3328,2055,2024-05-30,3,924.43,Pending
59074,2456,2113,2024-01-20,3,858.44,Shipped
59075,1907,2089,2023-08-30,1,342.79,Pending
59076,1001,2175,2023-12-16,3,84.29,Pending
59077,2182,2023,2023-08-13,2,933.15,Shipped
59078,1313,2083,2023-10-22,1,98.89,Completed
59079,2886,2129,2023-09-13,1,444.67,Pending
59080,2369,2004,2023-07-25,4,,Pending
59081,1086,2049,2024-04-29,3,888.85,Completed
59082,1419,2005,2024-05-11,3,253.65,Cancelled
59083,2626,2052,2023-12-29,3,313.16,Completed
59084,1304,2048,2023-12-25,3,1050.0,Completed
59085,1831,2100,2024-02-05,4,1068.37,Pending
59086,2776,2123,2024-05-03,3,630.56,Shipped
59087,1762,2099,2024-04-01,5,1094.8,Completed
59088,1020,2023,2024-05-19,2,245.82,Completed
59089,3000,2158,2024-03-14,5,2379.35,Completed
59090,2853,2001,2023-08-27,4,1365.95,Pending
59091,1495,2155,2024-03-17,4,233.97,Cancelled
59092,2160,2160,2023-07-19,5,960.61,Completed
59093,2883,2091,2024-01-03,1,487.97,Shipped
59094,1171,2054,2024-03-05,3,906.0,Completed
59095,1616,2102,2023-06-15,4,1079.33,Completed
59096,1646,2129,2024-01-21,5,869.29,Pending
59097,1294,2079,2023-07-14,1,293.66,Pending
59098,2567,2018,2024-05-10,3,951.39,Cancelled
59099,1779,2041,2023-11-20,4,1102.87,Completed
59100,3242,2130,2023-11-19,1,226.19,Completed
59101,1784,2015,2024-05-26,2,321.32,Shipped
59102,2977,2189,2023-07-07,1,112.4,Completed
59103,2921,2055,2023-06-13,2,908.76,Cancelled
59104,2486,2164,2024-03-20,3,1075.68,Completed
59105,1571,2152,2024-04-16,2,982.47,Completed
59106,2904,2040,2023-08-15,2,93.42,Completed
59107,1994,2096,2024-03-10,2,261.46,Cancelled
59108,3216,2159,2024-05-11,3,171.36,Shipped
59109,1492,2062,2024-04-16,5,1508.59,Shipped
59110,2924,2063,2024-03-04,4,1243.06,Pending
59111,3259,2120,2023-12-17,4,1890.15,Completed
59112,2008,2101,2023-06-04,5,1821.41,Completed
59113,1534,2152,2023-12-14,4,725.17,Completed
59114,2048,2176,2023-10-12,5,1019.91,Pending
59115,2110,2051,2023-06-13,4,394.93,Completed
59116,2566,2136,2023-07-04,3,1038.21,Cancelled
59117,2224,2145,2024-04-10,1,304.11,Shipped
59118,2799,2037,2023-06-26,2,850.82,Cancelled
59119,1325,2017,2023-09-15,1,385.62,Cancelled
59120,2113,2061,2024-04-27,2,,Completed
59121,1345,2149,2024-05-27,5,400.95,Completed
59122,2795,2152,2023-12-28,2,898.18,Completed
59123,2383,2001,2024-01-19,3,889.33,Completed
59124,1217,2073,2023-10-23,2,854.56,Completed
59125,2807,2025,2024-03-29,2,591.86,Shipped
59126,1025,2037,2024-05-27,5,792.3,Shipped
59127,2081,2196,2023-07-28,4,264.29,Pending
59128,3425,2055,2024-05-16,4,1636.93,Completed
59129,1239,2134,2024-02-25,3,1473.99,Completed
59130,2753,2060,2023-08-07,2,530.64,Completed
59131,3008,2004,2023-11-11,4,1452.66,Completed
59132,1314,2010,2023-10-03,4,880.75,Completed
59133,1718,2107,2023-11-19,5,760.91,Shipped
59134,2337,2033,2023-12-02,5,624.55,Completed
59135,1343,2111,2023-09-28,3,777.62,Completed
59136,1486,2106,2023-10-23,3,1093.25,Pending
59137,3050,2071,2024-02-01,1,415.97,Completed
59138,1241,2026,2023-07-01,2,840.45,Shipped
59139,1414,2087,2024-02-22,3,1051.33,Completed
59140,3257,2095,2024-02-25,1,459.96,Completed
59141,1385,2074,2023-12-14,1,87.53,Shipped
59142,2519,2064,2023-11-20,5,2432.71,Cancelled
59143,1668,2131,2024-03-30,1,71.25,Completed
59144,1198,2138,2023-07-29,2,708.59,Completed
59145,2757,2059,2023-07-12,4,1040.84,Pending
59146,2619,2013,2023-08-13,4,280.65,Cancelled
59147,3389,2047,2024-01-24,5,2253.28,Cancelled
59148,3278,2071,2024-01-26,5,1957.25,Pending
59149,1368,2140,2023-07-10,5,597.05,Cancelled
59150,1941,2079,2024-02-11,4,1519.63,Completed
59151,1364,2004,2024-04-27,3,750.91,Completed
59152,3273,2008,2023-09-03,5,515.95,Completed
59153,1883,2030,2024-05-26,1,356.19,Cancelled
59154,1708,2080,2024-04-18,1,419.73,Completed
59155,1959,2006,2023-10-19,3,515.52,Cancelled
59156,2903,2137,2024-04-16,5,829.6,Completed
59157,3305,2106,2023-09-22,3,900.99,Completed
59158,1088,2024,2024-03-29,4,897.61,Shipped
59159,3495,2058,2023-10-05,3,587.58,Completed
59160,2059,2027,2024-04-12,3,,Completed
59161,1812,2162,2023-06-23,2,75.01,Pending
59162,2599,2019,2024-01-31,1,208.87,Completed
59163,2589,2176,2023-12-23,5,1867.58,Pending
59164,2274,2177,2024-03-02,2,806.12,Completed
59165,3455,2134,2024-02-06,2,554.38,Cancelled
59166,1291,2132,2023-07-25,5,1049.43,Pending
59167,3476,2036,2023-09-24,3,437.54,Completed
59168,1229,2084,2023-12-07,4,370.15,Completed
59169,3042,2194,2024-01-23,2,128.79,Completed
59170,3338,2105,2023-09-09,4,390.16,Shipped
59171,3388,2020,2023-12-26,1,476.41,Completed
59172,3393,2174,2023-10-29,1,251.61,Shipped
59173,1646,2050,2023-07-05,5,192.87,Pending
59174,1229,2179,2023-12-17,4,1978.45,Cancelled
59175,2540,2063,2024-01-11,2,144.88,Cancelled
59176,2487,2143,2024-03-21,2,850.19,Cancelled
59177,2025,2187,2024-05-01,1,408.18,Completed
59178,2972,2011,2023-12-05,4,267.87,Completed
59179,2707,2082,2023-12-16,3,622.34,Shipped
59180,2140,2026,2024-05-14,4,699.5,Pending
59181,2719,2118,2023-07-19,3,728.2,Completed
59182,1341,2031,2023-08-11,1,470.17,Completed
59183,1429,2134,2024-05-18,1,353.98,Shipped
59184,3157,2197,2024-03-17,2,776.94,Cancelled
59185,2732,2126,2024-04-19,5,2044.75,Pending
59186,1748,2093,2023-11-21,2,377.94,Pending
59187,1321,2090,2023-06-15,2,228.16,Cancelled
59188,3103,2166,2023-10-11,5,237.03,Cancelled
59189,2712,2017,2024-02-14,4,1377.36,Shipped
59190,3116,2190,2023-09-06,1,414.08,Completed
59191,2148,2038,2023-08-22,5,1556.93,Shipped
59192,3032,2139,2023-12-09,2,174.24,Completed
59193,1014,2017,2024-05-30,2,258.05,Cancelled
59194,3229,2145,2023-09-20,1,293.42,Completed
59195,1031,2013,2023-10-05,4,1871.38,Pending
59196,2412,2142,2023-11-06,5,1695.8,Completed
59197,1435,2078,2023-06-22,3,691.53,Shipped
59198,1002,2038,2023-11-28,4,1141.71,Completed
59199,3449,2012,2024-04-08,3,945.08,Completed
59200,2889,2189,2024-04-04,5,,Pending
59201,1791,2102,2024-04-05,1,394.43,Cancelled
59202,1457,2133,2023-09-07,5,1122.44,Completed
59203,3174,2194,2024-03-03,2,411.37,Pending
59204,3404,2107,2023-07-11,4,1430.9,Pending
59205,2824,2172,2024-01-30,1,241.32,Shipped
59206,2875,2082,2023-09-03,5,1101.24,Shipped
59207,3337,2181,2023-11-01,2,704.49,Cancelled
59208,1407,2092,2023-10-18,5,1627.23,Pending
59209,3212,2140,2023-07-16,3,212.21,Completed
59210,2057,2084,2023-08-23,4,1529.26,Pending
59211,1146,2093,2023-06-20,5,2036.02,Pending
59212,2384,2087,2023-06-21,3,687.69,Completed
59213,2210,2137,2023-07-12,5,1889.15,Shipped
59214,3199,2137,2024-05-03,4,939.62,Cancelled
59215,2508,2007,2023-07-22,2,892.79,Completed
59216,3364,2052,2024-02-25,4,218.25,Completed
59217,1331,2077,2023-08-26,1,73.09,Completed
59218,3204,2080,2023-09-17,5,2464.11,Shipped
59219,1715,2140,2024-05-05,1,469.41,Completed
59220,1069,2075,2023-12-17,2,346.36,Cancelled
59221,2792,2176,2023-09-09,3,1272.98,Completed
59222,1884,2106,2024-05-05,2,507.45,Completed
59223,1953,2013,2024-02-12,5,152.34,Completed
59224,2305,2199,2023-10-30,3,640.39,Cancelled
59225,2161,2064,2023-08-31,1,488.85,Completed
59226,3433,2083,2023-10-30,5,1044.2,Pending
59227,1417,2125,2024-01-22,2,104.38,Pending
59228,3320,2001,2024-03-20,5,305.47,Shipped
59229,3340,2157,2024-04-24,5,2132.32,Completed
59230,2626,2115,2024-01-01,1,246.05,Cancelled
59231,3353,2096,2023-07-31,1,382.37,Completed
59232,2439,2104,2023-08-23,3,762.47,Pending
59233,1545,2018,2023-06-30,5,204.97,Cancelled
59234,1106,2089,2024-01-19,5,2438.11,Completed
59235,2531,2006,2023-06-13,1,388.45,Completed
59236,2124,2019,2023-11-24,4,1717.75,Pending
59237,1976,2011,2023-12-09,4,1802.36,Pending
59238,2528,2112,2023-08-19,2,70.66,Completed
59239,2848,2082,2024-03-03,5,549.82,Cancelled
59240,1869,2145,2024-05-24,1,,Pending
59241,1120,2031,2023-09-25,4,1446.84,Shipped
59242,1119,2171,2024-01-20,2,54.57,Completed
59243,1626,2188,2023-10-21,5,2453.4,Completed
59244,1577,2059,2024-04-27,4,1793.22,Pending
59245,2498,2108,2024-02-07,4,1261.54,Completed
59246,2540,2100,2024-03-06,3,366.42,Completed
59247,2136,2030,2023-10-29,5,796.93,Pending
59248,3301,2155,2024-02-16,5,1854.39,Pending
59249,2808,2092,2024-01-30,3,698.03,Completed
59250,3170,2087,2024-05-12,4,1143.37,Pending
59251,2226,2094,2023-07-15,5,551.28,Completed
59252,2837,2146,2023-10-02,3,624.93,Shipped
59253,1522,2168,2024-04-11,5,2387.61,Completed
59254,2633,2089,2023-08-13,2,683.67,Pending
59255,1852,2084,2023-07-26,1,286.61,Pending
59256,3173,2101,2023-10-02,3,1491.26,Completed
59257,2122,2073,2024-03-13,4,1363.76,Pending
59258,2232,2114,2023-12-26,2,604.98,Shipped
59259,1317,2005,2023-09-07,1,273.84,Pending
59260,1734,2128,2024-02-05,5,2378.77,Completed
59261,2679,2171,2024-03-03,5,2012.11,Shipped
59262,2565,2113,2024-05-07,3,1115.86,Completed
59263,1038,2085,2024-05-17,1,340.72,Completed
59264,2928,2137,2023-10-30,4,433.34,Completed
59265,2660,2054,2023-10-13,4,727.87,Cancelled
59266,2658,2082,2023-07-29,3,406.62,Completed
59267,1261,2076,2023-07-07,2,726.68,Completed
59268,3056,2165,2024-02-03,5,236.38,Shipped
59269,2762,2170,2024-02-16,4,698.36,Completed
59270,2039,2112,2023-12-27,1,397.08,Completed
59271,3025,2004,2023-11-27,5,687.7,Pending
59272,2897,2010,2023-07-25,3,601.67,Completed
59273,1754,2100,2023-11-05,1,375.53,Completed
59274,2581,2096,2023-11-19,2,703.87,Shipped
59275,3463,2093,2024-02-04,5,1199.3,Completed
59276,2300,2030,2023-12-12,5,691.4,Completed
59277,1737,2041,2024-01-24,1,64.21,Shipped
59278,1331,2129,2023-06-26,1,92.98,Shipped
59279,2139,2154,2024-02-21,1,40.14,Cancelled
59280,2041,2114,2024-05-17,3,,Completed
59281,2475,2115,2024-05-16,4,568.54,Shipped
59282,1888,2039,2024-03-13,2,267.44,Cancelled
59283,1280,2049,2023-08-05,1,286.15,Shipped
59284,1988,2107,2023-12-17,5,2052.95,Completed
59285,3120,2064,2023-12-01,5,1343.29,Completed
59286,3148,2070,2023-12-17,5,1350.38,Pending
59287,1846,2036,2024-03-22,4,1795.85,Cancelled
59288,2118,2194,2023-11-19,4,369.18,Completed
59289,1777,2120,2023-06-28,2,296.45,Completed
59290,2608,2157,2024-02-24,3,570.46,Cancelled
59291,1120,2155,2023-07-02,4,858.54,Completed
59292,3350,2077,2024-01-26,5,596.29,Completed
59293,2707,2038,2024-01-04,3,652.81,Completed
59294,3057,2137,2024-03-16,5,1439.3,Completed
59295,2097,2069,2023-11-01,4,1825.05,Completed
59296,1337,2037,2024-02-27,3,1210.28,Shipped
59297,1176,2149,2023-08-28,4,680.86,Completed
59298,3323,2012,2024-03-28,5,343.61,Completed
59299,1587,2036,2023-06-20,2,959.69,Completed
59300,2398,2168,2023-07-20,2,663.16,Cancelled
59301,2450,2021,2023-09-16,4,1068.29,Completed
59302,2330,2075,2023-07-26,4,1371.51,Completed
59303,1942,2126,2023-06-05,1,389.04,Pending
59304,3041,2122,2023-12-08,1,316.88,Completed
59305,1843,2046,2023-08-21,4,150.51,Completed
59306,2176,2195,2024-01-24,5,1899.03,Completed
59307,1659,2110,2024-01-26,3,1329.93,Completed
59308,2730,2070,2024-04-21,2,123.75,Completed
59309,1856,2036,2023-09-20,2,567.52,Shipped
59310,2450,2066,2023-10-03,4,1458.98,Pending
59311,1968,2015,2023-11-30,5,939.28,Completed
59312,1317,2159,2024-01-03,3,1160.93,Cancelled
59313,2719,2140,2023-08-16,2,307.86,Completed
59314,1558,2175,2024-05-06,1,95.9,Completed
59315,3054,2129,2024-04-10,5,589.19,Cancelled
59316,1690,2177,2023-09-14,1,251.66,Completed
59317,2095,2029,2023-08-05,3,741.0,Shipped
59318,2690,2116,2023-06-30,4,1046.62,Cancelled
59319,1764,2077,2023-10-08,3,503.13,Pending
59320,2335,2168,2024-04-04,4,,Completed
59321,1452,2096,2024-05-21,4,1620.79,Pending
59322,1864,2030,2024-05-10,1,87.0,Completed
59323,2586,2076,2023-11-10,5,1847.37,Pending
59324,1946,2147,2023-10-22,4,1103.81,Completed
59325,3104,2055,2024-05-28,1,408.54,Cancelled
59326,1060,2050,2023-11-25,5,1738.33,Cancelled
59327,2951,2035,2023-12-11,2,697.2,Shipped
59328,2940,2090,2023-06-18,2,516.33,Completed
59329,3482,2040,2023-12-17,3,337.57,Shipped
59330,1028,2045,2023-09-29,5,1980.46,Completed
59331,3115,2141,2023-06-16,4,573.89,Pending
59332,2260,2146,2024-02-08,1,204.91,Cancelled
59333,2282,2149,2024-05-29,5,131.27,Shipped
59334,1480,2145,2023-12-25,3,389.4,Shipped
59335,1982,2089,2023-12-29,2,229.46,Completed
59336,1110,2045,2023-07-08,1,434.47,Cancelled
59337,2932,2002,2024-05-17,1,481.25,Completed
59338,3202,2036,2023-08-31,2,988.74,Completed
59339,1966,2034,2023-08-25,1,282.35,Completed
59340,3359,2184,2023-12-01,4,1973.19,Completed
59341,3168,2147,2024-02-26,1,163.45,Pending
59342,1291,2115,2023-07-30,1,435.63,Completed
59343,2926,2138,2023-09-01,3,1227.61,Completed
59344,3316,2158,2023-07-22,1,454.67,Completed
59345,3326,2012,2023-12-18,4,715.97,Shipped
59346,2651,2132,2024-02-27,5,992.03,Shipped
59347,2760,2200,2023-06-20,2,491.6,Completed
59348,1497,2109,2023-06-11,2,837.69,Completed
59349,1218,2040,2024-05-18,3,1357.09,Completed
59350,1064,2101,2023-09-11,2,754.89,Completed
59351,2432,2040,2023-10-19,1,338.99,Pending
59352,3493,2066,2024-04-21,3,689.56,Completed
59353,2563,2138,2023-12-30,4,986.94,Shipped
59354,2042,2106,2024-04-10,1,157.08,Shipped
59355,3069,2079,2023-06-05,1,27.4,Completed
59356,1450,2055,2024-01-14,3,347.69,Cancelled
59357,2111,2126,2023-07-20,1,385.01,Completed
59358,3080,2046,2023-09-06,2,189.91,Shipped
59359,3221,2177,2023-09-23,2,506.84,Completed
59360,1579,2054,2023-09-29,3,,Completed
59361,2403,2071,2023-07-31,4,1038.24,Completed
59362,2892,2138,2024-01-02,4,249.16,Shipped
59363,1207,2010,2023-06-10,3,927.8,Completed
59364,3170,2098,2023-08-23,3,786.9,Completed
59365,1882,2161,2023-09-14,3,799.19,Cancelled
59366,1350,2074,2023-06-29,2,425.02,Cancelled
59367,2593,2058,2023-07-15,3,1457.45,Completed
59368,2438,2174,2024-02-25,1,333.04,Cancelled
59369,2970,2095,2024-02-11,3,731.82,Completed
59370,1869,2029,2024-02-16,2,748.63,Cancelled
59371,1557,2050,2024-02-07,1,341.02,Cancelled
59372,2151,2071,2023-10-10,4,1118.39,Shipped
59373,2310,2005,2023-07-24,2,649.46,Completed
59374,2002,2130,2023-12-05,3,1289.97,Cancelled
59375,2265,2046,2024-04-11,2,202.8,Pending
59376,2147,2083,2024-01-19,1,56.22,Pending
59377,2023,2059,2024-02-05,1,56.72,Pending
59378,2481,2050,2023-12-23,1,189.35,Shipped
59379,3315,2125,2023-07-13,2,499.33,Completed
59380,1324,2161,2023-06-20,5,495.01,Pending
59381,1676,2166,2024-04-27,4,988.97,Pending
59382,3449,2156,2024-05-26,5,1905.11,Pending
59383,1091,2077,2023-07-30,5,1154.93,Pending
59384,1044,2157,2023-12-02,4,865.56,Completed
59385,1348,2189,2024-03-11,2,573.12,Completed
59386,1357,2181,2023-06-09,4,695.1,Pending
59387,2247,2057,2023-12-02,5,2046.12,Completed
59388,3397,2127,2023-11-12,2,989.2,Shipped
59389,2546,2051,2023-07-28,3,899.01,Completed
59390,3055,2162,2024-03-29,4,1978.13,Completed
59391,3114,2176,2023-12-24,1,338.15,Completed
59392,2617,2140,2024-01-08,2,287.82,Completed
59393,2126,2152,2023-12-13,3,1026.19,Completed
59394,1707,2008,2023-12-31,5,2240.8,Cancelled
59395,1628,2087,2023-11-23,5,1962.77,Completed
59396,1045,2051,2023-11-27,5,265.27,Shipped
59397,3261,2199,2024-01-22,3,653.14,Completed
59398,2041,2191,2023-10-27,5,355.06,Completed
59399,3077,2133,2023-11-26,2,325.75,Cancelled
59400,3238,2062,2023-07-14,5,,Completed
59401,2805,2186,2023-08-23,4,1706.76,Pending
59402,3073,2054,2023-10-26,1,260.93,Shipped
59403,1770,2036,2024-02-12,1,470.96,Completed
59404,2582,2170,2024-01-29,1,451.84,Pending
59405,2852,2171,2023-07-19,1,28.21,Completed
59406,1179,2045,2023-06-28,4,1756.27,Pending
59407,1271,2128,2023-11-07,3,723.38,Completed
59408,1433,2122,2024-04-16,5,282.59,Completed
59409,3165,2002,2023-06-10,1,38.43,Completed
59410,1370,2059,2023-10-01,1,420.92,Shipped
59411,1691,2185,2023-07-31,3,1249.99,Cancelled
59412,1076,2066,2023-06-05,1,69.49,Completed
59413,3338,2042,2023-07-26,3,1016.21,Cancelled
59414,1320,2149,2023-08-16,4,1558.94,Completed
59415,2092,2074,2023-10-06,4,1450.29,Completed
59416,2321,2097,2023-07-09,5,1862.15,Shipped
59417,2271,2110,2024-03-14,5,2237.53,Completed
59418,3234,2191,2023-09-09,2,916.5,Completed
59419,2816,2080,2024-02-05,1,466.98,Shipped
59420,3419,2027,2023-10-28,5,1220.79,Shipped
59421,1487,2155,2023-09-03,5,1915.46,Cancelled
59422,1919,2058,2024-02-23,2,850.68,Pending
59423,2424,2109,2023-08-02,5,1241.5,Shipped
59424,3379,2097,2024-03-05,1,89.42,Pending
59425,2686,2175,2024-04-11,5,405.68,Shipped
59426,3352,2146,2023-08-20,4,1751.66,Shipped
59427,1110,2173,2024-02-13,4,1422.46,Pending
59428,2455,2117,2023-10-30,5,1866.67,Completed
59429,3446,2116,2024-01-13,3,930.66,Pending
59430,3009,2112,2024-02-02,2,707.27,Shipped
59431,3077,2005,2023-06-21,4,704.4,Shipped
59432,2686,2135,2023-08-08,2,672.87,Completed
59433,2946,2061,2023-09-23,5,692.16,Pending
59434,2158,2177,2023-07-18,2,462.3,Cancelled
59435,3049,2104,2023-11-20,4,199.17,Completed
59436,3231,2095,2023-10-12,4,105.74,Shipped
59437,2473,2040,2023-07-12,4,1990.48,Completed
59438,1555,2018,2023-10-06,2,52.88,Completed
59439,3106,2113,2024-05-14,5,1511.5,Shipped
59440,3081,2135,2023-06-08,2,,Shipped
59441,1641,2151,2024-05-02,3,550.48,Pending
59442,2632,2159,2023-09-20,1,268.23,Cancelled
59443,1882,2128,2024-05-16,1,233.35,Shipped
59444,3385,2186,2023-07-06,5,1986.29,Completed
59445,2710,2033,2023-09-05,1,189.25,Completed
59446,1921,2198,2023-11-04,3,965.13,Cancelled
59447,3016,2080,2024-01-19,1,328.13,Completed
59448,3217,2191,2023-12-21,4,335.69,Shipped
59449,2802,2194,2023-08-21,3,943.75,Shipped
59450,2296,2150,2023-12-11,2,293.29,Pending
59451,2531,2186,2023-06-25,5,720.2,Pending
59452,1579,2162,2024-05-22,4,1931.51,Completed
59453,2090,2003,2024-02-14,5,1026.16,Cancelled
59454,3018,2015,2023-07-13,2,185.54,Completed
59455,2525,2102,2024-01-04,4,217.54,Shipped
59456,1314,2131,2024-01-25,1,245.76,Completed
59457,2097,2086,2024-04-08,5,2030.0,Completed
59458,1185,2122,2023-07-11,5,2182.73,Cancelled
59459,1092,2039,2023-08-28,1,140.09,Cancelled
59460,3387,2166,2023-12-21,1,173.76,Completed
59461,2280,2099,2023-07-26,1,250.0,Completed
59462,1369,2124,2024-05-27,3,1373.59,Completed
59463,2670,2089,2023-12-04,3,541.92,Completed
59464,2014,2053,2023-11-22,3,911.48,Pending
59465,2236,2191,2024-04-13,1,190.75,Pending
59466,2664,2050,2023-06-13,2,412.75,Completed
59467,3100,2106,2023-11-05,5,1074.09,Completed
59468,1224,2115,2023-10-29,3,372.53,Completed
59469,2299,2167,2023-06-01,1,491.74,Completed
59470,2693,2094,2023-09-27,4,593.33,Completed
59471,2610,2167,2024-01-09,5,1139.13,Shipped
59472,2966,2125,2024-02-15,1,415.57,Completed
59473,2085,2017,2023-11-06,3,288.33,Completed
59474,3243,2111,2023-10-19,5,278.97,Completed
59475,1886,2089,2023-06-13,5,166.11,Completed
59476,1805,2090,2023-07-09,5,783.56,Pending
59477,1855,2154,2023-08-18,5,1813.92,Shipped
59478,2655,2094,2023-07-21,2,187.54,Pending
59479,1352,2013,2023-06-18,3,955.98,Cancelled
59480,1425,2045,2024-01-06,3,,Completed
59481,3116,2068,2024-01-28,1,373.12,Cancelled
59482,1402,2148,2023-08-21,1,197.13,Cancelled
59483,1390,2099,2023-09-17,2,588.22,Shipped
59484,1621,2169,2023-10-03,4,341.44,Cancelled
59485,1902,2035,2024-03-09,4,786.48,Shipped
59486,1491,2029,2024-05-21,5,525.98,Completed
59487,3351,2191,2023-07-26,2,535.32,Shipped
59488,1868,2001,2023-06-14,4,429.06,Completed
59489,3180,2029,2024-02-18,2,915.85,Shipped
59490,1697,2069,2023-12-04,1,221.86,Cancelled
59491,1366,2127,2024-01-17,4,332.46,Shipped
59492,3348,2112,2023-06-05,4,1278.32,Completed
59493,1389,2121,2023-08-12,5,2378.45,Completed
59494,1972,2059,2024-05-26,3,880.13,Completed
59495,1859,2093,2023-09-14,1,455.23,Completed
59496,2443,2111,2023-08-25,5,2163.35,Shipped
59497,1563,2184,2023-11-07,3,1069.73,Shipped
59498,1091,2198,2023-10-18,1,297.89,Completed
59499,2092,2115,2024-05-06,4,271.11,Pending
59500,3256,2043,2024-02-28,5,1403.37,Completed
59501,3197,2167,2023-08-05,3,481.74,Cancelled
59502,1660,2025,2023-12-22,2,406.62,Cancelled
59503,3000,2002,2023-09-17,5,1149.44,Shipped
59504,2167,2165,2024-05-22,4,1768.48,Completed
59505,1666,2056,2023-08-11,2,289.59,Pending
59506,1820,2116,2024-03-11,2,423.11,Shipped
59507,1322,2041,2023-11-22,3,223.24,Completed
59508,1559,2134,2024-02-04,5,790.27,Completed
59509,1031,2072,2023-10-11,4,637.76,Completed
59510,2814,2109,2023-11-07,2,309.43,Completed
59511,1015,2089,2024-01-21,5,836.42,Shipped
59512,1138,2099,2024-05-19,3,335.07,Completed
59513,1889,2046,2024-03-23,2,650.46,Completed
59514,2225,2069,2024-05-05,5,1917.63,Completed
59515,2533,2031,2024-03-22,5,1001.48,Completed
59516,3254,2167,2024-05-23,5,1192.72,Completed
59517,2081,2127,2023-08-09,5,1987.43,Shipped
59518,2320,2172,2024-01-17,1,458.02,Pending
59519,1729,2089,2024-05-31,1,74.18,Pending
59520,1710,2048,2023-06-14,3,,Pending
59521,2817,2032,2023-10-11,5,2181.49,Cancelled
59522,2950,2043,2023-10-23,5,719.51,Completed
59523,2760,2030,2023-11-26,2,929.37,Shipped
59524,1974,2002,2023-11-13,4,1144.14,Shipped
59525,1211,2144,2023-06-25,5,542.04,Shipped
59526,2942,2165,2024-02-13,1,307.14,Cancelled
59527,1748,2044,2023-06-19,5,2089.56,Completed
59528,1725,2161,2023-07-29,1,332.2,Cancelled
59529,2122,2197,2023-08-13,2,653.45,Shipped
59530,2062,2126,2024-03-16,1,125.5,Shipped
59531,1643,2126,2024-03-24,2,608.11,Cancelled
59532,1047,2043,2023-11-09,1,35.81,Shipped
59533,1688,2044,2024-02-01,5,1458.4,Completed
59534,2480,2119,2024-03-19,5,2092.09,Cancelled
59535,2015,2086,2024-04-09,3,1397.92,Completed
59536,2767,2009,2023-09-27,2,848.7,Completed
59537,1202,2142,2023-06-03,4,999.85,Completed
59538,1052,2060,2024-02-02,5,372.27,Completed
59539,2422,2013,2023-12-12,5,903.44,Completed
59540,2562,2004,2024-02-15,5,2240.64,Cancelled
59541,3399,2095,2024-03-21,2,957.64,Completed
59542,3218,2084,2023-07-30,3,195.08,Completed
59543,1575,2166,2024-02-17,4,1841.13,Completed
59544,1089,2147,2024-03-25,5,1831.73,Shipped
59545,2187,2148,2023-10-22,1,73.83,Pending
59546,1451,2096,2024-03-25,1,136.49,Completed
59547,3052,2185,2024-02-06,2,497.67,Shipped
59548,2409,2158,2024-05-10,1,383.55,Completed
59549,2295,2155,2024-03-21,4,1061.67,Cancelled
59550,1835,2069,2023-09-26,2,986.53,Shipped
59551,2809,2139,2024-05-04,4,1294.55,Completed
59552,2374,2080,2024-05-02,2,818.98,Shipped
59553,3323,2177,2023-11-21,5,2317.42,Cancelled
59554,2328,2125,2023-07-12,5,842.3,Shipped
59555,3035,2014,2023-06-23,4,1971.28,Cancelled
59556,1342,2190,2024-04-25,1,135.29,Completed
59557,1897,2103,2023-09-23,3,964.3,Completed
59558,2926,2046,2023-09-12,3,90.68,Completed
59559,1355,2096,2023-11-12,5,2410.44,Cancelled
59560,2778,2108,2023-10-05,1,,Shipped
59561,2115,2171,2023-09-22,5,1232.41,Pending
59562,1451,2017,2023-11-23,3,282.73,Completed
59563,1461,2179,2024-02-23,5,1599.1,Completed
59564,2052,2153,2024-05-29,1,321.38,Shipped
59565,2583,2084,2024-05-09,5,922.53,Pending
59566,1841,2060,2023-12-19,4,903.79,Cancelled
59567,1492,2072,2023-09-23,1,128.55,Pending
59568,2081,2006,2023-06-01,1,294.24,Completed
59569,1480,2028,2023-06-03,4,571.23,Completed
59570,1743,2071,2023-10-17,2,200.97,Completed
59571,2088,2146,2023-11-08,1,341.36,Cancelled
59572,3053,2031,2024-04-24,5,1281.91,Shipped
59573,2354,2084,2023-07-04,4,1236.42,Completed
59574,2168,2062,2023-12-23,5,1450.37,Completed
59575,1875,2070,2023-12-05,5,1820.05,Cancelled
59576,3435,2053,2023-06-15,3,954.25,Completed
59577,3149,2012,2024-04-07,1,40.89,Completed
59578,2706,2151,2023-11-14,4,1265.13,Completed
59579,3470,2138,2024-05-25,2,228.8,Completed
59580,1352,2102,2024-01-27,5,2403.71,Completed
59581,2595,2099,2023-10-26,1,387.07,Shipped
59582,1974,2182,2023-06-25,4,759.27,Completed
59583,3310,2148,2024-03-17,1,336.35,Pending
59584,2140,2006,2024-02-20,1,53.59,Pending
59585,1452,2015,2024-03-21,1,234.77,Pending
59586,2514,2026,2023-06-10,3,937.57,Completed
59587,3214,2098,2023-11-16,2,738.11,Completed
59588,3373,2070,2023-11-29,3,1090.73,Completed
59589,3433,2049,2023-07-14,5,990.26,Shipped
59590,2781,2099,2023-11-18,3,1335.25,Completed
59591,2048,2119,2024-02-17,1,401.7,Pending
59592,3119,2141,2024-02-19,1,28.43,Shipped
59593,3286,2097,2024-05-26,2,217.04,Completed
59594,3451,2119,2023-06-21,2,71.73,Shipped
59595,3152,2031,2024-01-24,4,344.3,Shipped
59596,1708,2084,2023-11-19,5,1417.65,Completed
59597,1477,2043,2024-01-12,4,895.39,Completed
59598,1391,2140,2023-06-16,4,1995.23,Completed
59599,2275,2033,2023-10-13,4,989.76,Shipped
59600,1080,2016,2023-10-09,2,,Completed
59601,3492,2114,2023-12-28,3,783.16,Completed
59602,2387,2066,2023-10-31,3,851.72,Pending
59603,3328,2171,2023-11-28,1,307.67,Completed
59604,2042,2147,2024-04-11,1,485.9,Completed
59605,2084,2008,2024-05-20,5,2397.5,Completed
59606,2244,2166,2023-11-01,3,1294.81,Pending
59607,1697,2167,2023-12-09,2,836.84,Pending
59608,2431,2064,2024-03-09,5,1209.79,Shipped
59609,1890,2150,2024-05-10,1,242.31,Pending
59610,2599,2191,2023-12-23,4,777.59,Completed
59611,2052,2165,2023-10-31,2,63.4,Completed
59612,1426,2197,2023-11-12,4,1219.53,Pending
59613,1038,2104,2023-11-25,5,281.04,Completed
59614,2137,2095,2023-06-30,4,931.56,Completed
59615,2785,2058,2023-11-15,1,345.91,Cancelled
59616,2727,2189,2024-02-17,1,440.34,Cancelled
59617,1570,2038,2024-01-22,1,387.91,Pending
59618,2701,2044,2023-09-14,5,1659.58,Completed
59619,1739,2108,2023-06-01,1,244.03,Shipped
59620,2833,2045,2023-12-31,3,553.47,Completed
59621,1836,2033,2024-01-09,1,115.21,Shipped
59622,2065,2035,2024-01-18,1,64.06,Cancelled
59623,1525,2055,2023-09-12,2,661.46,Completed
59624,1212,2043,2023-11-14,2,90.93,Shipped
59625,2635,2121,2023-11-06,1,395.9,Completed
59626,3231,2198,2023-12-08,2,270.83,Completed
59627,2394,2104,2023-10-30,5,647.31,Pending
59628,1728,2190,2024-03-11,4,745.02,Shipped
59629,1437,2199,2024-02-16,3,848.67,Completed
59630,1974,2097,2023-10-26,5,482.84,Completed
59631,1615,2181,2024-03-27,4,581.48,Cancelled
59632,2913,2193,2023-07-03,4,829.6,Shipped
59633,1858,2184,2023-06-25,2,995.01,Completed
59634,1394,2112,2024-03-09,5,235.07,Completed
59635,1392,2132,2023-08-19,1,420.11,Completed
59636,2378,2126,2023-10-13,1,451.41,Completed
59637,1412,2046,2023-07-24,5,1422.09,Shipped
59638,1799,2075,2023-06-08,1,247.85,Shipped
59639,1297,2152,2023-11-03,3,1491.14,Shipped
59640,2401,2162,2023-12-05,4,,Shipped
59641,2591,2149,2024-05-30,4,386.03,Completed
59642,2684,2116,2023-07-23,1,255.62,Shipped
59643,1559,2012,2023-09-25,3,1464.62,Shipped
59644,2965,2178,2023-10-16,1,325.23,Pending
59645,2396,2098,2023-11-24,5,1837.65,Completed
59646,1853,2002,2023-06-25,2,225.67,Completed
59647,1529,2060,2024-01-17,1,216.15,Pending
59648,2275,2059,2023-09-20,2,749.16,Shipped
59649,2457,2022,2024-04-02,5,1597.99,Shipped
59650,1655,2017,2023-07-04,1,175.45,Cancelled
59651,1663,2114,2023-06-05,5,2336.48,Cancelled
59652,1870,2186,2023-06-29,4,1642.5,Pending
59653,2052,2033,2023-06-25,1,370.66,Completed
59654,3043,2195,2024-05-21,2,121.4,Completed
59655,1165,2157,2023-07-29,1,478.98,Completed
59656,2608,2010,2023-06-25,3,339.96,Completed
59657,2276,2150,2023-11-22,4,1807.12,Cancelled
59658,2641,2182,2023-11-25,1,34.91,Cancelled
59659,3447,2092,2023-09-16,4,1402.73,Completed
59660,1555,2118,2024-05-27,5,671.48,Cancelled
59661,1749,2189,2024-04-03,1,104.1,Completed
59662,1743,2079,2023-10-16,5,1416.52,Completed
59663,3015,2198,2023-12-27,5,2065.62,Shipped
59664,2785,2092,2024-01-23,4,1609.27,Completed
59665,2278,2055,2024-03-19,3,1446.7,Completed
59666,3270,2146,2023-07-22,3,678.78,Completed
59667,1681,2168,2023-10-30,3,1049.32,Completed
59668,2858,2067,2024-03-24,1,475.84,Pending
59669,1140,2187,2024-02-16,3,1042.63,Pending
59670,3229,2175,2023-08-01,5,500.57,Completed
59671,1875,2165,2024-05-31,3,1042.61,Shipped
59672,3347,2075,2023-10-21,4,1599.16,Shipped
59673,2238,2138,2023-11-03,5,968.37,Shipped
59674,2619,2200,2024-04-13,3,504.23,Completed
59675,1330,2180,2023-10-13,2,162.15,Completed
59676,2899,2036,2024-04-13,5,346.0,Completed
59677,2555,2184,2023-06-29,4,222.01,Completed
59678,3373,2022,2023-10-17,2,908.35,Completed
59679,2806,2104,2023-10-23,4,319.0,Completed
59680,1867,2188,2024-04-03,3,,Completed
59681,1604,2086,2024-03-19,1,422.08,Pending
59682,1708,2003,2023-12-29,4,938.66,Shipped
59683,1892,2016,2024-04-13,4,1167.11,Completed
59684,1876,2066,2023-12-22,5,1063.45,Completed
59685,2962,2088,2023-09-17,5,399.91,Cancelled
59686,1358,2195,2024-05-03,5,2385.65,Cancelled
59687,1648,2133,2024-05-16,5,2079.96,Cancelled
59688,1864,2186,2023-11-12,1,235.15,Cancelled
59689,3050,2078,2024-02-28,3,559.11,Completed
59690,1151,2101,2024-02-16,1,189.22,Shipped
59691,1355,2068,2023-12-30,2,487.58,Cancelled
59692,2367,2102,2024-04-20,4,405.98,Pending
59693,2609,2042,2024-05-11,4,1763.54,Completed
59694,2269,2059,2024-02-14,1,480.23,Completed
59695,2103,2093,2023-12-27,3,193.68,Completed
59696,3428,2155,2024-01-18,3,365.13,Completed
59697,1286,2076,2023-10-11,4,1524.23,Completed
59698,3229,2067,2023-11-12,3,479.58,Completed
59699,1366,2033,2024-05-01,2,182.8,Cancelled
59700,3135,2166,2024-02-13,3,872.78,Completed
59701,1324,2033,2023-06-28,3,1323.3,Completed
59702,1230,2142,2024-03-20,5,1591.88,Completed
59703,1098,2145,2024-05-25,2,671.04,Completed
59704,1621,2183,2023-06-21,2,731.61,Completed
59705,1283,2128,2024-01-05,4,1839.63,Cancelled
59706,2797,2012,2024-05-14,4,1754.51,Completed
59707,3243,2041,2024-03-09,2,409.24,Pending
59708,2837,2075,2023-07-01,1,341.46,Cancelled
59709,2970,2125,2023-09-22,3,1059.4,Completed
59710,3378,2169,2023-12-27,2,397.08,Cancelled
59711,2434,2152,2023-06-10,1,92.03,Completed
59712,2492,2086,2023-09-05,1,81.13,Completed
59713,1909,2065,2024-05-16,2,460.07,Completed
59714,2593,2110,2024-03-24,2,491.76,Pending
59715,2948,2163,2023-11-16,4,667.04,Completed
59716,1863,2162,2023-07-15,3,808.9,Completed
59717,1490,2019,2024-04-13,3,1371.37,Completed
59718,3023,2047,2023-06-10,3,609.34,Completed
59719,1667,2026,2023-12-21,5,2119.58,Completed
59720,2300,2001,2023-08-18,4,,Cancelled
59721,2168,2095,2023-06-08,3,1452.97,Completed
59722,2605,2014,2024-01-23,2,191.36,Cancelled
59723,3060,2073,2024-03-23,5,598.34,Cancelled
59724,1614,2187,2024-02-28,5,1860.77,Shipped
59725,2665,2100,2024-02-14,5,1380.0,Completed
59726,1128,2103,2024-04-19,3,1415.35,Shipped
59727,1738,2136,2023-11-24,3,1435.95,Shipped
59728,1802,2009,2023-11-08,2,677.23,Shipped
59729,2742,2027,2023-10-09,1,230.28,Completed
59730,2824,2005,2024-01-22,2,521.77,Completed
59731,1571,2008,2023-06-24,3,150.45,Shipped
59732,2204,2002,2024-01-13,5,1582.69,Completed
59733,3467,2114,2024-01-29,5,1342.42,Completed
59734,1194,2068,2024-02-16,3,909.62,Completed
59735,3448,2007,2023-12-01,3,318.19,Completed
59736,3278,2194,2024-01-15,5,796.13,Completed
59737,2263,2027,2023-11-05,4,1938.88,Completed
59738,1026,2175,2024-02-18,5,1224.5,Cancelled
59739,2431,2020,2023-11-13,4,1258.76,Completed
59740,1549,2152,2023-07-29,2,483.3,Cancelled
59741,1139,2161,2023-07-03,4,1153.88,Completed
59742,1057,2079,2024-05-23,4,1708.89,Shipped
59743,1966,2059,2023-06-06,5,1767.51,Cancelled
59744,2270,2121,2024-04-24,5,362.64,Completed
59745,2288,2168,2024-03-22,2,778.81,Cancelled
59746,2237,2036,2024-01-26,4,1031.63,Pending
59747,2140,2027,2024-01-08,3,419.87,Pending
59748,2147,2105,2023-12-10,4,1156.04,Pending
59749,1844,2176,2024-01-13,1,204.51,Completed
59750,2627,2018,2024-04-30,1,69.84,Pending
59751,3122,2095,2024-03-27,3,1486.57,Completed
59752,2273,2019,2024-02-09,1,229.38,Pending
59753,2233,2126,2024-03-07,2,348.78,Shipped
59754,2016,2070,2023-09-13,2,358.41,Completed
59755,1503,2021,2023-06-14,2,675.12,Cancelled
59756,3144,2052,2024-05-21,1,397.85,Cancelled
59757,1277,2070,2023-07-10,1,65.3,Shipped
59758,1530,2012,2023-07-12,4,1643.27,Pending
59759,2058,2180,2024-03-13,1,497.74,Shipped
59760,2946,2146,2024-01-10,1,,Completed
59761,1531,2049,2024-02-12,1,113.4,Completed
59762,1708,2066,2023-11-12,5,491.02,Pending
59763,1036,2131,2023-06-13,4,182.08,Completed
59764,2890,2133,2024-04-25,3,714.28,Shipped
59765,1791,2105,2024-05-21,3,308.11,Completed
59766,1731,2174,2023-11-06,4,215.44,Completed
59767,2582,2160,2023-07-26,3,1249.05,Shipped
59768,2197,2103,2023-12-25,4,1252.45,Completed
59769,1007,2124,2024-05-23,2,593.13,Completed
59770,1539,2193,2023-09-29,1,367.08,Cancelled
59771,2793,2007,2024-02-16,4,1889.81,Completed
59772,1853,2078,2023-10-20,3,403.58,Pending
59773,2475,2012,2024-03-08,2,591.1,Shipped
59774,1084,2177,2023-09-11,5,1833.32,Completed
59775,2595,2180,2024-03-31,5,234.05,Completed
59776,3282,2078,2023-10-21,1,468.35,Completed
59777,2847,2133,2023-09-11,4,1415.24,Shipped
59778,2551,2142,2023-10-20,5,2254.92,Completed
59779,2202,2118,2024-04-02,1,150.39,Pending
59780,2337,2021,2023-11-25,2,900.9,Shipped
59781,3481,2043,2023-12-23,1,422.34,Pending
59782,1087,2139,2023-08-06,2,699.28,Completed
59783,1047,2175,2023-06-09,1,348.92,Completed
59784,3434,2121,2024-03-01,1,225.09,Pending
59785,3263,2036,2024-04-16,3,676.26,Shipped
59786,2285,2052,2023-06-03,5,475.18,Completed
59787,1697,2031,2023-08-05,5,1425.55,Pending
59788,1086,2053,2023-11-11,5,2070.79,Completed
59789,1613,2059,2023-08-25,4,372.91,Completed
59790,2062,2036,2023-10-16,1,451.84,Pending
59791,1238,2133,2023-09-18,5,1371.97,Shipped
59792,1334,2066,2024-03-05,5,1664.45,Completed
59793,3220,2172,2023-08-25,2,253.88,Completed
59794,1520,2046,2024-02-13,3,680.59,Pending
59795,1490,2155,2024-03-25,5,1181.18,Completed
59796,3083,2182,2023-07-19,5,1075.05,Completed
59797,1455,2062,2024-04-25,2,473.79,Shipped
59798,2303,2184,2024-05-14,2,126.65,Completed
59799,2413,2170,2023-11-30,3,441.73,Completed
59800,1633,2123,2023-06-15,1,,Cancelled
59801,3017,2068,2023-10-09,2,913.14,Shipped
59802,2406,2158,2024-05-15,4,481.22,Completed
59803,3014,2065,2024-02-19,3,998.05,Cancelled
59804,1869,2113,2023-10-16,2,187.8,Completed
59805,1214,2103,2024-05-03,1,419.6,Cancelled
59806,2010,2001,2024-04-23,4,1026.27,Pending
59807,2564,2124,2023-12-04,5,969.86,Cancelled
59808,2810,2125,2023-07-18,3,741.63,Completed
59809,1927,2060,2023-11-18,2,526.46,Pending
59810,3416,2010,2023-09-03,2,557.46,Shipped
59811,3426,2075,2024-05-11,1,180.1,Cancelled
59812,2186,2174,2024-01-21,4,1547.92,Cancelled
59813,1692,2119,2024-02-24,1,97.86,Shipped
59814,1180,2119,2024-04-06,4,394.01,Cancelled
59815,1148,2148,2024-04-10,3,300.54,Completed
59816,1545,2194,2024-01-19,3,683.04,Pending
59817,2006,2115,2023-08-17,1,62.46,Shipped
59818,1094,2017,2023-07-28,4,710.24,Completed
59819,2364,2178,2023-12-18,4,973.29,Completed
59820,2966,2064,2023-12-06,1,45.49,Pending
59821,2857,2184,2023-11-03,3,446.1,Cancelled
59822,3481,2131,2024-03-15,1,398.11,Pending
59823,1510,2180,2023-12-22,4,1292.98,Cancelled
59824,3111,2014,2023-09-29,1,409.79,Completed
59825,3358,2035,2023-09-21,1,489.69,Completed
59826,3295,2055,2023-09-23,3,246.94,Cancelled
59827,2966,2031,2023-11-11,3,1200.76,Completed
59828,1803,2158,2024-04-16,2,102.03,Completed
59829,3088,2003,2023-09-06,3,459.0,Completed
59830,2022,2113,2023-09-21,1,96.73,Shipped
59831,3340,2095,2024-05-21,1,402.51,Completed
59832,3257,2132,2024-04-16,5,382.28,Cancelled
59833,3217,2128,2024-05-25,3,880.34,Cancelled
59834,2895,2059,2023-08-10,2,660.04,Completed
59835,2971,2135,2023-06-20,5,1527.29,Cancelled
59836,1964,2180,2024-05-05,5,2129.25,Pending
59837,1863,2148,2023-07-19,1,224.29,Completed
59838,2133,2110,2024-01-22,5,1110.01,Completed
59839,1166,2197,2023-09-22,5,276.01,Pending
59840,3371,2018,2024-03-19,3,,Pending
59841,1161,2120,2024-04-28,4,1427.19,Cancelled
59842,2667,2066,2023-10-18,3,910.91,Completed
59843,3236,2090,2023-07-12,1,75.25,Completed
59844,1682,2113,2023-08-29,3,551.29,Pending
59845,1937,2004,2023-07-23,5,1898.87,Cancelled
59846,3025,2035,2023-11-20,5,840.88,Completed
59847,1068,2034,2023-08-22,4,1862.23,Completed
59848,2986,2177,2023-12-08,2,158.91,Completed
59849,1689,2125,2024-05-07,2,279.31,Completed
59850,2092,2057,2023-10-26,1,370.91,Pending
59851,1958,2139,2023-08-21,4,977.82,Completed
59852,3387,2113,2023-08-07,4,937.43,Completed
59853,3343,2131,2024-05-24,3,655.53,Completed
59854,1773,2180,2023-11-02,4,1845.23,Completed
59855,2804,2074,2023-07-02,5,1029.84,Cancelled
59856,1952,2067,2024-05-19,5,2391.78,Shipped
59857,3440,2130,2024-02-06,1,227.87,Completed
59858,2641,2041,2024-04-10,2,586.67,Pending
59859,2968,2193,2023-09-07,4,1560.2,Completed
59860,1989,2194,2024-04-01,1,459.19,Cancelled
59861,1264,2022,2023-06-07,1,40.18,Shipped
59862,2929,2139,2023-09-30,1,496.2,Cancelled
59863,1641,2188,2023-12-27,2,502.77,Completed
59864,1290,2151,2024-03-03,4,1389.84,Completed
59865,1852,2047,2023-09-04,3,155.58,Cancelled
59866,1363,2160,2023-09-10,2,643.74,Completed
59867,1660,2122,2023-10-11,3,1319.94,Completed
59868,2434,2186,2023-10-24,3,1374.86,Completed
59869,2818,2133,2024-02-09,5,2111.48,Completed
59870,2158,2113,2024-05-12,4,1852.16,Completed
59871,2867,2080,2023-06-13,4,1858.28,Cancelled
59872,2588,2116,2024-03-18,5,1896.03,Completed
59873,1024,2175,2023-12-10,1,128.88,Pending
59874,3496,2137,2023-08-24,2,480.01,Completed
59875,3298,2034,2023-11-10,5,2159.88,Completed
59876,1122,2140,2024-02-08,5,2166.44,Pending
59877,3310,2008,2024-04-03,1,108.97,Completed
59878,1722,2022,2023-08-22,4,512.79,Shipped
59879,3275,2029,2023-12-05,4,1008.69,Completed
59880,1709,2100,2023-08-27,2,,Shipped
59881,1419,2156,2023-09-11,2,351.08,Completed
59882,3079,2074,2023-10-27,2,512.91,Completed
59883,3217,2048,2024-02-12,3,114.99,Completed
59884,1688,2091,2024-05-22,2,105.45,Completed
59885,2006,2048,2023-06-24,5,2453.11,Cancelled
59886,1642,2129,2024-04-28,1,97.9,Pending
59887,2628,2169,2024-01-01,4,1832.22,Shipped
59888,2911,2132,2023-09-14,1,116.56,Completed
59889,3008,2044,2024-04-01,3,146.54,Cancelled
59890,1885,2122,2023-11-27,1,126.23,Pending
59891,3192,2067,2024-02-27,1,168.96,Shipped
59892,1417,2183,2024-03-31,4,1039.87,Cancelled
59893,1409,2143,2023-10-27,3,172.31,Completed
59894,1012,2131,2023-10-18,5,1904.62,Completed
59895,2023,2132,2023-11-20,1,455.64,Completed
59896,1161,2096,2023-12-24,5,813.82,Shipped
59897,2422,2163,2024-03-24,2,709.31,Completed
59898,1407,2013,2024-01-23,3,1307.0,Cancelled
59899,2855,2182,2024-04-07,5,1250.38,Completed
59900,2392,2121,2024-05-03,3,142.42,Completed
59901,2378,2158,2023-10-06,1,339.49,Completed
59902,2946,2044,2023-12-08,3,1329.36,Shipped
59903,3336,2094,2023-11-09,1,142.45,Completed
59904,2856,2148,2023-11-10,5,439.72,Completed
59905,2753,2121,2024-01-12,2,275.83,Pending
59906,2810,2171,2024-02-04,5,579.25,Completed
59907,2818,2082,2023-07-12,4,482.97,Completed
59908,2642,2110,2023-09-01,4,1534.07,Cancelled
59909,2225,2004,2024-04-07,5,2110.61,Completed
59910,2881,2054,2024-01-25,2,211.34,Shipped
59911,1457,2128,2023-12-17,3,834.25,Completed
59912,2639,2018,2023-10-25,3,507.78,Completed
59913,1747,2153,2023-07-11,5,984.91,Completed
59914,1080,2171,2023-11-14,5,791.84,Completed
59915,1291,2164,2023-10-17,5,551.56,Completed
59916,3203,2058,2023-11-15,4,164.5,Completed
59917,1553,2152,2023-09-28,3,1361.27,Completed
59918,2998,2198,2023-11-01,5,1632.51,Completed
59919,2702,2160,2023-10-03,5,1871.26,Completed
59920,3208,2065,2023-12-18,1,,Shipped
59921,2077,2059,2023-11-20,1,256.29,Cancelled
59922,1785,2021,2024-01-11,2,450.99,Completed
59923,1137,2139,2024-05-10,3,540.41,Completed
59924,1313,2194,2023-10-07,4,1396.12,Pending
59925,1426,2197,2023-08-31,4,737.92,Cancelled
59926,3194,2183,2024-04-07,5,1280.06,Completed
59927,3072,2082,2023-09-08,4,1221.85,Shipped
59928,2954,2138,2024-02-17,1,227.28,Pending
59929,3110,2163,2023-06-23,5,1086.07,Completed
59930,1430,2148,2024-03-08,5,1440.01,Completed
59931,2241,2181,2024-01-30,2,801.66,Completed
59932,2945,2164,2024-01-18,5,1941.19,Completed
59933,2303,2119,2023-10-25,4,1854.97,Pending
59934,1096,2102,2023-06-21,5,1953.51,Completed
59935,2390,2142,2024-02-15,2,346.46,Completed
59936,2697,2073,2023-09-27,2,860.86,Shipped
59937,2496,2079,2023-07-13,1,369.86,Completed
59938,2745,2094,2023-08-16,4,962.49,Completed
59939,2411,2099,2023-08-22,4,861.81,Cancelled
59940,3313,2138,2023-07-12,5,259.99,Completed
59941,1516,2116,2024-03-27,2,75.19,Cancelled
59942,2335,2066,2023-12-21,2,825.61,Pending
59943,2137,2183,2023-12-27,1,214.87,Shipped
59944,2646,2163,2023-11-06,5,1975.26,Completed
59945,1978,2125,2023-11-19,3,1064.7,Cancelled
59946,1863,2132,2024-02-22,2,739.4,Completed
59947,1929,2168,2023-07-16,3,903.56,Shipped
59948,1634,2092,2023-10-25,5,896.15,Cancelled
59949,1675,2129,2024-04-18,2,758.08,Pending
59950,2760,2112,2023-11-12,2,295.75,Cancelled
59951,2837,2179,2023-07-15,1,294.51,Completed
59952,1622,2138,2023-07-13,1,43.64,Completed
59953,1688,2192,2024-01-01,4,877.76,Completed
59954,2911,2144,2023-06-07,5,1829.13,Pending
59955,2052,2079,2024-05-21,5,2307.44,Cancelled
59956,1285,2101,2023-08-13,4,1420.09,Pending
59957,2416,2001,2023-08-15,5,1937.5,Completed
59958,2452,2016,2023-07-14,2,176.46,Cancelled
59959,1477,2093,2023-09-12,3,363.94,Completed
59960,3399,2041,2024-02-02,1,,Pending
59961,2619,2191,2023-12-19,1,203.58,Completed
59962,1559,2156,2023-09-06,2,553.99,Completed
59963,1199,2196,2024-01-29,1,79.9,Pending
59964,2203,2079,2023-12-20,1,281.13,Completed
59965,3291,2097,2023-10-14,5,403.07,Shipped
59966,2325,2003,2024-01-20,5,1927.73,Completed
59967,1390,2034,2023-09-13,2,159.53,Completed
59968,1927,2070,2024-04-02,4,816.9,Completed
59969,3008,2074,2023-07-07,1,423.86,Shipped
59970,1907,2116,2023-11-26,1,166.63,Pending
59971,2148,2144,2023-12-27,4,1103.68,Cancelled
59972,3293,2048,2023-09-06,5,1830.56,Shipped
59973,1790,2166,2023-08-06,4,1105.43,Completed
59974,1653,2135,2023-10-27,5,2354.81,Pending
59975,1883,2093,2023-12-05,3,1009.12,Completed
59976,1279,2037,2023-07-04,5,1718.13,Cancelled
59977,1332,2068,2024-05-12,5,1822.86,Completed
59978,1530,2083,2023-09-06,3,896.79,Completed
59979,1031,2022,2024-03-20,4,793.11,Cancelled
59980,2999,2015,2023-11-20,5,2167.14,Completed
59981,2478,2174,2024-05-05,5,1473.05,Completed
59982,2283,2038,2023-07-07,1,89.99,Shipped
59983,1839,2130,2024-03-06,4,103.12,Pending
59984,1299,2064,2024-04-21,4,142.13,Completed
59985,1539,2018,2023-08-12,1,407.13,Completed
59986,1139,2074,2023-12-26,5,1277.2,Pending
59987,2449,2037,2023-07-12,1,451.5,Cancelled
59988,2165,2142,2024-01-07,3,501.91,Completed
59989,2357,2182,2024-01-08,5,1036.45,Completed
59990,1749,2043,2024-04-12,1,477.55,Shipped
59991,2320,2069,2023-10-24,1,243.49,Completed
59992,2423,2098,2024-02-10,2,620.53,Completed
59993,1887,2179,2024-04-26,4,1532.71,Completed
59994,2908,2003,2023-12-12,3,1043.34,Shipped
59995,3018,2037,2023-10-02,3,1156.21,Shipped
59996,1770,2144,2024-04-19,5,1708.93,Shipped
59997,2368,2022,2024-01-23,3,980.84,Completed
59998,2246,2119,2024-02-03,1,43.92,Cancelled
59999,1801,2179,2023-06-04,4,842.4,Pending
60000,2019,2044,2023-12-03,3,,Completed
56253,1405,2056,2024-05-08,5,989.68,Completed
54685,2627,2176,2024-04-05,2,868.23,Completed
51732,2561,2187,2024-04-13,3,1052.0,Cancelled
54743,1369,2179,2023-10-26,2,644.24,Shipped
54522,3108,2200,2024-05-16,4,1023.21,Completed
56341,3091,2119,2024-05-30,1,438.77,Cancelled
50577,1923,2167,2023-11-27,4,1007.43,Completed
55203,3141,2024,2023-12-14,4,1752.05,Cancelled
56364,2090,2106,2023-10-20,3,532.37,Pending
50440,3173,2091,2023-12-21,1,,Completed
52751,3252,2004,2023-07-19,3,337.75,Pending
57488,3375,2142,2023-06-17,2,82.83,Completed
55273,2001,2146,2024-04-29,3,1052.07,Pending
55654,1179,2151,2023-06-23,1,341.16,Completed
54000,2591,2026,2023-06-10,1,,Cancelled
56034,1859,2018,2024-03-25,2,296.22,Completed
50583,1931,2106,2024-03-01,5,233.73,Completed
59931,2241,2181,2024-01-30,2,801.66,Completed
57052,3450,2054,2023-08-27,5,1235.7,Cancelled
58159,1606,2054,2024-01-25,4,737.31,Completed
59897,2422,2163,2024-03-24,2,709.31,Completed
52250,2653,2119,2024-02-28,5,1662.26,Pending
54641,2857,2172,2024-02-27,5,514.56,Completed
59486,1491,2029,2024-05-21,5,525.98,Completed
54948,3237,2127,2023-11-01,3,1082.15,Cancelled
59921,2077,2059,2023-11-20,1,256.29,Cancelled
51964,2120,2115,2023-08-09,4,1605.8,Completed
58244,2397,2198,2024-03-09,1,107.52,Cancelled
56591,1428,2053,2024-04-28,1,78.84,Shipped
58848,1224,2007,2023-12-24,5,2164.35,Cancelled
50322,2141,2038,2023-07-17,3,1492.55,Completed
52679,2912,2135,2023-11-16,3,1387.8,Shipped
54626,1194,2058,2023-10-04,5,1340.17,Shipped
54950,2284,2054,2023-07-07,2,730.94,Pending
58329,2496,2197,2024-02-01,2,545.13,Pending
53338,1853,2094,2023-12-04,5,828.58,Completed
55590,1778,2146,2023-10-01,2,829.76,Completed
50252,2472,2182,2023-09-10,1,115.04,Completed
53974,3386,2010,2024-02-02,1,196.78,Completed
56631,1107,2131,2024-02-28,1,212.03,Completed
55548,1472,2095,2023-09-28,2,720.36,Completed
50036,2622,2056,2023-11-04,4,1788.55,Cancelled
58363,2497,2014,2023-12-20,4,1238.25,Cancelled
51514,1826,2163,2023-08-14,2,419.75,Completed
59318,2690,2116,2023-06-30,4,1046.62,Cancelled
50040,2772,2105,2023-12-06,4,,Pending
54820,3319,2195,2023-12-23,2,912.17,Pending
53466,1546,2007,2024-03-14,3,1382.05,Completed
51761,2648,2042,2023-08-10,3,869.3,Pending
52305,1115,2009,2024-03-09,3,1087.83,Completed
53724,3153,2177,2024-05-29,5,1664.64,Cancelled
58285,2226,2057,2023-07-14,3,1353.36,Shipped
54994,2752,2134,2024-02-08,4,1027.42,Cancelled
58128,1521,2067,2023-06-27,3,596.59,Shipped
53033,2727,2104,2023-06-09,2,236.9,Completed
57939,2032,2088,2024-05-11,3,94.77,Completed
53040,2538,2068,2023-12-05,2,,Completed
59656,2608,2010,2023-06-25,3,339.96,Completed
52546,1791,2132,2024-04-22,4,1941.72,Completed
52593,1536,2022,2024-01-10,3,137.15,Pending
51189,1531,2136,2023-10-23,3,1107.78,Shipped
57967,1743,2033,2023-10-10,4,869.16,Cancelled
56078,2749,2021,2023-06-19,4,1489.12,Pending
50108,1163,2134,2023-12-30,3,1144.54,Completed
51316,1272,2144,2023-07-14,2,784.27,Completed
58188,1748,2100,2023-12-30,5,1088.8,Shipped
52754,2639,2050,2024-01-15,1,446.88,Shipped
59754,2016,2070,2023-09-13,2,358.41,Completed
56232,2393,2009,2024-03-10,1,355.07,Completed
52877,2973,2103,2023-06-13,3,1213.32,Shipped
55324,2340,2156,2023-07-23,4,693.13,Completed
50800,2863,2003,2024-02-04,4,,Completed
53571,3032,2098,2023-10-30,1,285.8,Completed
52895,2139,2169,2023-10-04,1,356.25,Shipped
52928,3335,2116,2024-02-11,2,541.88,Completed
58179,1317,2104,2024-04-01,3,1420.39,Completed
50972,2409,2049,2024-04-17,5,1088.44,Completed
56688,2603,2047,2023-10-17,4,1950.17,Completed
58576,3150,2013,2023-11-17,4,1900.31,Cancelled
52021,1172,2134,2024-04-10,1,199.46,Cancelled
59055,3044,2154,2024-01-29,1,277.41,Completed
50953,1707,2045,2024-02-21,2,754.87,Shipped
55360,2139,2192,2023-08-27,2,,Cancelled
53858,3067,2124,2024-04-26,2,846.39,Completed
55862,2175,2027,2024-05-30,5,281.65,Completed
53146,2845,2160,2024-02-13,5,189.07,Completed
53306,1292,2112,2024-02-08,5,639.21,Completed
53007,2588,2105,2023-08-07,4,441.62,Completed
59002,2732,2138,2023-10-31,2,235.91,Completed
57771,2434,2044,2024-04-13,1,152.72,Completed
57439,2284,2164,2024-01-20,3,807.49,Completed
57943,2074,2113,2023-06-18,3,441.28,Completed
59239,2848,2082,2024-03-03,5,549.82,Cancelled
51057,1243,2175,2023-12-09,1,105.04,Cancelled
53155,2514,2131,2024-04-07,4,418.53,Cancelled
53788,1870,2071,2023-10-24,5,1657.01,Shipped
59190,3116,2190,2023-09-06,1,414.08,Completed
57826,1315,2086,2024-05-29,5,2175.96,Completed
57540,2852,2196,2023-06-04,4,1114.85,Cancelled
57232,1654,2170,2023-08-14,5,1614.82,Completed
50765,3143,2116,2024-04-19,2,84.89,Cancelled
55020,3255,2108,2023-07-03,1,465.75,Cancelled
54904,3238,2090,2024-03-19,1,256.38,Completed
58094,1034,2188,2023-10-23,2,172.16,Shipped
56844,1901,2110,2023-12-02,5,1246.97,Shipped
52166,2408,2168,2024-03-11,3,454.84,Completed
51863,2456,2115,2024-01-05,4,1232.7,Pending
57851,1766,2093,2023-06-25,5,1933.88,Completed
59124,1217,2073,2023-10-23,2,854.56,Completed
52341,1719,2037,2024-02-08,4,1522.03,Completed
55528,2062,2103,2023-08-14,1,256.32,Pending
56744,2536,2168,2024-01-10,2,806.68,Shipped
54004,2281,2081,2024-05-14,1,213.99,Shipped
51124,2384,2142,2023-08-20,4,1880.53,Pending
58710,1800,2074,2023-08-02,2,795.0,Completed
54050,2993,2166,2023-06-08,2,333.45,Completed
57641,2558,2040,2023-10-18,2,328.73,Shipped
50766,2580,2040,2024-03-02,5,625.32,Shipped
52345,1788,2050,2023-06-01,5,2064.08,Completed
54072,3275,2152,2023-11-12,2,277.11,Pending
57217,1969,2145,2023-06-26,2,805.59,Completed
54217,2152,2101,2024-05-02,1,208.29,Completed
57953,3194,2196,2023-06-04,3,1070.9,Cancelled
55971,1357,2040,2024-04-22,4,158.31,Pending
53351,3155,2050,2023-12-01,5,1528.76,Completed
54696,1867,2159,2023-07-29,5,2392.69,Completed
53400,1185,2078,2024-02-28,3,,Completed
54082,1081,2088,2023-10-27,2,509.47,Pending
59150,1941,2079,2024-02-11,4,1519.63,Completed
51225,1856,2059,2024-03-25,4,113.59,Shipped
56293,2853,2135,2024-05-06,1,271.91,Cancelled
53123,3158,2004,2023-10-31,3,1377.98,Pending
50511,1003,2013,2023-10-07,2,382.71,Completed
55795,2587,2074,2023-08-31,5,1541.05,Cancelled
58182,2599,2023,2024-02-06,4,811.3,Pending
59418,3234,2191,2023-09-09,2,916.5,Completed
50097,1180,2018,2023-09-20,4,672.92,Cancelled
56682,1105,2153,2023-10-04,4,490.57,Completed
51513,2684,2097,2024-05-03,5,1740.75,Pending
58792,2715,2074,2023-09-14,1,457.73,Completed
50120,1082,2196,2023-12-13,4,,Completed
57792,1123,2118,2024-02-24,1,373.91,Shipped
56518,1393,2132,2023-06-09,1,214.06,Completed
50034,2941,2069,2024-03-24,4,1312.4,Cancelled
57888,2245,2078,2023-10-09,2,745.32,Completed
56831,3301,2143,2023-07-20,4,205.48,Cancelled
55422,1389,2006,2024-05-21,3,861.53,Pending
51069,3422,2026,2024-02-22,1,340.17,Completed
51348,2264,2112,2024-03-23,5,2142.78,Pending
54748,2699,2084,2023-12-11,3,983.03,Shipped
56006,2595,2111,2023-06-19,4,1679.64,Shipped
56040,2298,2087,2024-01-27,5,,Shipped
53818,1804,2057,2023-12-07,4,1391.29,Completed
58447,2910,2038,2024-05-03,1,162.2,Completed
55270,3414,2051,2023-10-27,3,249.16,Completed
56898,2531,2018,2023-11-17,4,1202.91,Completed
55310,2347,2111,2024-05-22,3,861.49,Pending
50032,3086,2096,2024-02-11,5,1227.63,Completed
55675,1821,2093,2024-04-22,2,345.83,Shipped
54387,2341,2091,2023-11-17,1,350.1,Completed
50030,1518,2131,2024-03-26,4,497.55,Completed
54203,3037,2194,2023-11-08,3,782.05,Completed
57508,1575,2055,2023-08-06,3,619.33,Shipped
50736,3480,2055,2023-08-25,3,1088.67,Pending
52068,3236,2112,2023-06-20,4,950.83,Cancelled
50107,3450,2114,2023-11-16,2,314.22,Shipped
59645,2396,2098,2023-11-24,5,1837.65,Completed
58895,1629,2094,2023-12-31,3,649.86,Cancelled
58021,1826,2162,2023-06-15,3,389.13,Completed
52233,2962,2063,2023-07-05,1,277.5,Completed
50994,3400,2173,2023-08-17,2,471.21,Shipped
59413,3338,2042,2023-07-26,3,1016.21,Cancelled
57059,2097,2030,2024-03-30,5,1017.07,Completed
56790,1191,2085,2023-11-28,2,200.04,Pending
50361,1164,2183,2024-05-15,4,554.31,Cancelled
50305,1563,2187,2023-06-07,5,361.86,Pending
52628,1072,2003,2023-10-29,1,100.75,Completed
58966,1993,2030,2023-12-16,3,204.86,Completed
54514,2371,2100,2023-12-21,5,1348.86,Completed
55911,2706,2021,2024-01-02,4,1163.39,Cancelled
58314,2860,2029,2024-03-07,2,840.37,Completed
53101,2822,2040,2023-09-12,4,1627.57,Completed
55704,1834,2127,2024-02-08,5,2427.43,Completed
53899,1528,2066,2023-09-06,5,1224.82,Completed
55441,2110,2051,2023-08-19,3,1340.83,Shipped
57931,3093,2052,2024-05-12,3,1396.28,Shipped
50622,1183,2075,2023-08-16,5,185.65,Cancelled
57236,2992,2021,2023-06-16,2,414.28,Shipped
52499,2780,2138,2023-07-29,1,299.61,Cancelled
50714,2996,2036,2024-03-07,4,858.87,Completed
58404,1539,2035,2023-12-30,5,2117.16,Completed
52856,2751,2013,2023-11-04,4,1708.22,Shipped
54270,1302,2029,2024-02-28,1,355.34,Pending
52909,3315,2048,2024-04-24,4,1299.56,Completed
58081,1758,2022,2023-10-23,2,491.72,Pending
54517,3146,2049,2023-08-03,2,772.92,Completed
51262,1595,2154,2023-11-22,5,1627.66,Shipped
53161,3212,2134,2024-04-25,4,1709.94,Completed
50971,1664,2102,2023-11-13,1,296.74,Pending
53913,1566,2152,2023-06-12,1,496.34,Shipped
55199,2938,2192,2023-06-30,2,481.96,Completed
58847,3113,2019,2023-08-19,1,261.53,Completed
50260,2757,2064,2024-04-12,2,742.79,Completed
53791,2875,2180,2024-04-24,1,439.29,Pending
59203,3174,2194,2024-03-03,2,411.37,Pending
50488,2953,2190,2023-11-04,2,211.72,Shipped
57908,1825,2006,2024-02-01,1,246.49,Cancelled
50519,2889,2140,2023-09-02,4,1586.57,Pending
58343,3446,2136,2023-10-02,5,301.79,Completed
50312,2702,2037,2023-06-01,2,72.8,Pending
53232,1876,2017,2023-08-08,1,162.52,Cancelled
57933,2941,2123,2024-02-01,4,724.12,Completed
57458,2003,2190,2023-10-10,1,245.02,Completed
59784,3434,2121,2024-03-01,1,225.09,Pending
55184,2881,2168,2023-10-30,5,2100.72,Pending
58077,1456,2063,2023-07-25,3,592.13,Pending
56502,1771,2053,2023-11-05,1,353.83,Completed
56791,3484,2038,2023-10-21,3,1037.69,Shipped
57773,2561,2147,2023-08-09,2,485.17,Shipped
52738,1786,2175,2024-05-01,3,661.38,Completed
57842,3403,2109,2023-07-27,1,429.16,Completed
56262,3208,2061,2023-07-13,2,496.51,Completed
58206,1761,2124,2023-12-02,5,740.11,Pending
51248,2546,2008,2023-06-20,4,921.73,Pending
59336,1110,2045,2023-07-08,1,434.47,Cancelled
54195,2461,2084,2024-02-29,4,202.86,Cancelled
58001,3407,2194,2024-04-01,1,74.81,Completed
57378,2586,2159,2024-01-18,3,727.89,Completed
53435,2200,2048,2024-01-07,4,1745.02,Completed
55382,1098,2140,2023-07-15,4,186.53,Cancelled
50959,2429,2058,2023-07-18,4,1977.56,Completed
50417,2467,2048,2023-10-01,2,332.08,Cancelled
55742,2830,2016,2023-09-28,4,1057.99,Pending
56728,3369,2118,2023-11-14,5,344.25,Completed
54382,2749,2091,2023-10-27,5,953.72,Completed
55197,1597,2065,2024-01-19,3,547.75,Completed
51113,1917,2037,2023-10-25,2,964.89,Pending
52689,3293,2028,2023-06-04,2,808.36,Cancelled
56473,1415,2098,2023-10-08,3,447.08,Pending
58820,3494,2012,2023-12-01,5,1164.89,Pending
57808,1212,2176,2023-08-19,1,187.81,Completed
53411,2920,2120,2024-02-29,1,160.31,Pending
50081,2340,2172,2024-01-24,4,976.58,Completed
54614,2877,2167,2023-06-20,3,223.57,Pending
51374,1199,2121,2023-08-19,2,279.83,Cancelled
51510,2133,2029,2024-03-21,1,334.63,Shipped
56443,3184,2167,2024-04-10,5,1426.79,Completed
53071,1695,2160,2024-02-13,3,267.76,Completed
53016,1180,2152,2023-07-31,2,105.77,Shipped
54823,3279,2145,2023-11-26,3,1197.72,Completed
57822,3420,2026,2024-05-27,3,1175.94,Completed
50093,1777,2160,2023-09-15,5,1063.28,Pending
59421,1487,2155,2023-09-03,5,1915.46,Cancelled
56600,2622,2112,2023-08-13,3,,Cancelled
54443,2035,2080,2023-10-20,1,428.75,Completed
57602,3254,2099,2023-11-11,4,439.0,Pending
53835,2732,2094,2023-10-04,3,1434.21,Completed
59702,1230,2142,2024-03-20,5,1591.88,Completed
54322,2491,2144,2024-04-24,1,251.9,Completed
53394,3458,2024,2024-01-13,2,144.25,Completed
54752,1495,2030,2023-12-31,1,61.13,Pending
57229,2430,2009,2024-01-20,3,245.98,Shipped
59191,2148,2038,2023-08-22,5,1556.93,Shipped
52361,2216,2171,2023-09-01,1,229.95,Completed
51148,2877,2169,2023-07-12,3,860.57,Completed
55666,1937,2181,2023-09-21,4,1513.52,Completed
58075,2288,2199,2023-07-25,2,733.04,Completed
54943,1277,2120,2024-02-25,5,1923.41,Cancelled
53663,3435,2081,2024-02-13,4,959.92,Pending
51563,3295,2123,2023-12-20,5,1817.07,Completed
54113,2965,2143,2024-01-04,5,1383.83,Pending
59050,1007,2042,2023-06-05,5,1934.39,Pending
59276,2300,2030,2023-12-12,5,691.4,Completed
58538,1441,2155,2023-09-22,2,813.29,Pending
50795,2391,2099,2024-04-30,2,454.43,Completed
55854,1907,2178,2024-03-05,3,173.6,Completed
57619,1941,2062,2023-12-02,3,1285.08,Cancelled
51594,2638,2069,2023-10-03,2,689.35,Completed
57418,2881,2001,2024-01-27,3,116.9,Completed
55267,2358,2046,2024-01-03,2,100.6,Cancelled
57147,3217,2041,2024-02-21,4,455.65,Shipped
50089,1827,2064,2023-12-09,2,239.99,Completed
58695,1395,2106,2023-11-18,1,71.23,Cancelled
59732,2204,2002,2024-01-13,5,1582.69,Completed
59446,1921,2198,2023-11-04,3,965.13,Cancelled
56754,2113,2048,2023-06-02,3,112.6,Cancelled
53502,1513,2185,2023-06-05,4,1554.5,Completed
52234,2626,2176,2024-02-07,3,223.97,Completed
52803,2042,2161,2024-05-11,3,1073.09,Cancelled
54424,3246,2058,2023-06-10,3,1156.0,Pending
55663,2501,2028,2024-02-11,4,1180.87,Pending
57170,1578,2019,2023-12-13,2,975.64,Cancelled
58337,1459,2163,2024-05-24,3,1041.94,Completed
52148,2872,2118,2023-11-30,4,1815.88,Completed
57969,1377,2164,2023-10-16,5,1705.78,Completed
56551,2756,2056,2023-12-22,4,1975.28,Cancelled
57643,1476,2147,2024-05-20,1,211.74,Shipped
56164,1020,2016,2023-10-18,1,397.56,Completed
51495,1214,2036,2023-07-06,1,475.77,Cancelled
57696,1137,2034,2024-02-24,1,46.12,Pending
